department_id,department_name,institution_id,institution_name,ucan_cluster_id,ucan_cluster_name,ucan_pathway_id,ucan_pathway_name,industry_id,industry_name,mapping_type,weight,normalized_weight,evidence,source,version
01111001,教師專業發展研究所,0006,國立中興大學,UC_MGMT,企業經營管理,UC_MGMT_PW01,綜合事務與專案支援,IND_PRO_FIN,專業商管與金融服務,PRIMARY,1.0,1.0,通識與人文社會系所轉入行政管理與企業綜合服務領域。,MOE_UCAN_DEFAULT_FALLBACK,v1.0
02221007,歷史學系,0006,國立中興大學,UC_MGMT,企業經營管理,UC_MGMT_PW01,綜合事務與專案支援,IND_PRO_FIN,專業商管與金融服務,PRIMARY,1.0,1.0,通識與人文社會系所轉入行政管理與企業綜合服務領域。,MOE_UCAN_DEFAULT_FALLBACK,v1.0
02299008,文化創意產業學士學位學程,0006,國立中興大學,UC_MGMT,企業經營管理,UC_MGMT_PW01,綜合事務與專案支援,IND_PRO_FIN,專業商管與金融服務,PRIMARY,1.0,1.0,通識與人文社會系所轉入行政管理與企業綜合服務領域。,MOE_UCAN_DEFAULT_FALLBACK,v1.0
02311006,外國語文學系,0006,國立中興大學,UC_MGMT,企業經營管理,UC_MGMT_PW01,綜合事務與專案支援,IND_PRO_FIN,專業商管與金融服務,PRIMARY,1.0,1.0,通識與人文社會系所轉入行政管理與企業綜合服務領域。,MOE_UCAN_DEFAULT_FALLBACK,v1.0
02321003,台灣文學與跨國文化研究所,0006,國立中興大學,UC_MGMT,企業經營管理,UC_MGMT_PW01,綜合事務與專案支援,IND_PRO_FIN,專業商管與金融服務,PRIMARY,1.0,1.0,通識與人文社會系所轉入行政管理與企業綜合服務領域。,MOE_UCAN_DEFAULT_FALLBACK,v1.0
02321003,台灣文學與跨國文化研究所教師在職進修碩士學位班,0006,國立中興大學,UC_MGMT,企業經營管理,UC_MGMT_PW01,綜合事務與專案支援,IND_PRO_FIN,專業商管與金融服務,PRIMARY,1.0,1.0,通識與人文社會系所轉入行政管理與企業綜合服務領域。,MOE_UCAN_DEFAULT_FALLBACK,v1.0
02321004,台灣與跨文化研究國際博士學位學程,0006,國立中興大學,UC_MGMT,企業經營管理,UC_MGMT_PW01,綜合事務與專案支援,IND_PRO_FIN,專業商管與金融服務,PRIMARY,1.0,1.0,通識與人文社會系所轉入行政管理與企業綜合服務領域。,MOE_UCAN_DEFAULT_FALLBACK,v1.0
02321103,台灣人文創新學士學位學程,0006,國立中興大學,UC_TOUR,休閒與觀光旅遊,UC_TOUR_PW01,觀光餐旅與文創展演,IND_TOUR_CULT,數位文創與觀光休閒,PRIMARY,1.0,0.6667,教育部UCAN職涯途徑：數位媒體設計、視覺行銷與文創會展休閒經營。,MOE_UCAN_OFFICIAL_2024,v1.0
02321103,台灣人文創新學士學位學程,0006,國立中興大學,UC_IT,資訊科技,UC_IT_PW02,UI/UX 人機互動設計,IND_ICT,資訊軟體與數位科技,SECONDARY,0.5,0.3333,軟體科技業 UI/UX 視覺設計師與互動前端專長流向。,GCIS_104_EMPIRICAL_ALIGNMENT,v1.0
02322005,中國文學系,0006,國立中興大學,UC_MGMT,企業經營管理,UC_MGMT_PW01,綜合事務與專案支援,IND_PRO_FIN,專業商管與金融服務,PRIMARY,1.0,1.0,通識與人文社會系所轉入行政管理與企業綜合服務領域。,MOE_UCAN_DEFAULT_FALLBACK,v1.0
03111009,應用經濟學系,0006,國立中興大學,UC_MGMT,企業經營管理,UC_MGMT_PW01,綜合事務與專案支援,IND_PRO_FIN,專業商管與金融服務,PRIMARY,1.0,1.0,通識與人文社會系所轉入行政管理與企業綜合服務領域。,MOE_UCAN_DEFAULT_FALLBACK,v1.0
03122010,國際政治研究所,0006,國立中興大學,UC_MGMT,企業經營管理,UC_MGMT_PW01,綜合事務與專案支援,IND_PRO_FIN,專業商管與金融服務,PRIMARY,1.0,1.0,通識與人文社會系所轉入行政管理與企業綜合服務領域。,MOE_UCAN_DEFAULT_FALLBACK,v1.0
03222013,圖書資訊學研究所,0006,國立中興大學,UC_MGMT,企業經營管理,UC_MGMT_PW01,綜合事務與專案支援,IND_PRO_FIN,專業商管與金融服務,PRIMARY,1.0,1.0,通識與人文社會系所轉入行政管理與企業綜合服務領域。,MOE_UCAN_DEFAULT_FALLBACK,v1.0
04111015,會計學系,0006,國立中興大學,UC_FIN,金融保險,UC_FIN_PW01,會計審計與專業財務顧問,IND_PRO_FIN,專業商管與金融服務,PRIMARY,1.0,0.6667,教育部UCAN職涯途徑：會計師事務所審計查核、金融機構企業放款與財務分析。,MOE_UCAN_OFFICIAL_2024,v1.0
04111015,會計學系,0006,國立中興大學,UC_TRANS,運輸、物流與配銷,UC_TRANS_PW02,國際貿易成本精算,IND_TRADE_LOG,國際貿易與現代物流,SECONDARY,0.5,0.3333,跨國貿易保險、海關報關與保稅成本核算實證。,GCIS_104_EMPIRICAL_ALIGNMENT,v1.0
04121019,財務金融學系,0006,國立中興大學,UC_FIN,金融保險,UC_FIN_PW01,會計審計與專業財務顧問,IND_PRO_FIN,專業商管與金融服務,PRIMARY,1.0,0.6667,教育部UCAN職涯途徑：會計師事務所審計查核、金融機構企業放款與財務分析。,MOE_UCAN_OFFICIAL_2024,v1.0
04121019,財務金融學系,0006,國立中興大學,UC_TRANS,運輸、物流與配銷,UC_TRANS_PW02,國際貿易成本精算,IND_TRADE_LOG,國際貿易與現代物流,SECONDARY,0.5,0.3333,跨國貿易保險、海關報關與保稅成本核算實證。,GCIS_104_EMPIRICAL_ALIGNMENT,v1.0
04131016,企業管理學系,0006,國立中興大學,UC_MGMT,企業經營管理,UC_MGMT_PW01,營運管理與決策分析,IND_PRO_FIN,專業商管與金融服務,PRIMARY,1.0,0.5,企管系核心訓練：企業經營策略與管理顧問職位。,MOE_UCAN_OFFICIAL_2024,v1.0
04131016,企業管理學系,0006,國立中興大學,UC_TRANS,運輸、物流與配銷,UC_TRANS_PW01,供應鏈管理,IND_TRADE_LOG,國際貿易與現代物流,SECONDARY,0.5,0.25,企管系流向：外銷製造業與物流供應鏈協調專員。,MOE_UCAN_OFFICIAL_2024,v1.0
04131016,企業管理學系,0006,國立中興大學,UC_MFG,製造,UC_MFG_PW03,製造業生管與品保,IND_MFG,智慧製造與精密機械,SECONDARY,0.5,0.25,中彰投製造業生管、專案經理與行政管理人才流向。,GCIS_104_EMPIRICAL_ALIGNMENT,v1.0
04131018,創新產業經營學士學位學程,0006,國立中興大學,UC_MGMT,企業經營管理,UC_MGMT_PW01,綜合事務與專案支援,IND_PRO_FIN,專業商管與金融服務,PRIMARY,1.0,1.0,通識與人文社會系所轉入行政管理與企業綜合服務領域。,MOE_UCAN_DEFAULT_FALLBACK,v1.0
04131097,運動與健康管理研究所,0006,國立中興大學,UC_MGMT,企業經營管理,UC_MGMT_PW01,綜合事務與專案支援,IND_PRO_FIN,專業商管與金融服務,PRIMARY,1.0,1.0,通識與人文社會系所轉入行政管理與企業綜合服務領域。,MOE_UCAN_DEFAULT_FALLBACK,v1.0
04134011,國家政策與公共事務研究所,0006,國立中興大學,UC_MGMT,企業經營管理,UC_MGMT_PW01,綜合事務與專案支援,IND_PRO_FIN,專業商管與金融服務,PRIMARY,1.0,1.0,通識與人文社會系所轉入行政管理與企業綜合服務領域。,MOE_UCAN_DEFAULT_FALLBACK,v1.0
04143020,行銷學系,0006,國立中興大學,UC_MGMT,企業經營管理,UC_MGMT_PW01,綜合事務與專案支援,IND_PRO_FIN,專業商管與金融服務,PRIMARY,1.0,1.0,通識與人文社會系所轉入行政管理與企業綜合服務領域。,MOE_UCAN_DEFAULT_FALLBACK,v1.0
04199012,全球事務研究跨洲碩士學位學程,0006,國立中興大學,UC_MGMT,企業經營管理,UC_MGMT_PW01,綜合事務與專案支援,IND_PRO_FIN,專業商管與金融服務,PRIMARY,1.0,1.0,通識與人文社會系所轉入行政管理與企業綜合服務領域。,MOE_UCAN_DEFAULT_FALLBACK,v1.0
04199021,科技管理研究所,0006,國立中興大學,UC_MGMT,企業經營管理,UC_MGMT_PW01,綜合事務與專案支援,IND_PRO_FIN,專業商管與金融服務,PRIMARY,1.0,1.0,通識與人文社會系所轉入行政管理與企業綜合服務領域。,MOE_UCAN_DEFAULT_FALLBACK,v1.0
04199021,科技管理研究所智慧科技管理碩士在職專班,0006,國立中興大學,UC_MGMT,企業經營管理,UC_MGMT_PW01,綜合事務與專案支援,IND_PRO_FIN,專業商管與金融服務,PRIMARY,1.0,1.0,通識與人文社會系所轉入行政管理與企業綜合服務領域。,MOE_UCAN_DEFAULT_FALLBACK,v1.0
04199021,科技管理研究所科技管理碩士班,0006,國立中興大學,UC_MGMT,企業經營管理,UC_MGMT_PW01,綜合事務與專案支援,IND_PRO_FIN,專業商管與金融服務,PRIMARY,1.0,1.0,通識與人文社會系所轉入行政管理與企業綜合服務領域。,MOE_UCAN_DEFAULT_FALLBACK,v1.0
04199021,科技管理研究所電子商務碩士班,0006,國立中興大學,UC_MGMT,企業經營管理,UC_MGMT_PW01,綜合事務與專案支援,IND_PRO_FIN,專業商管與金融服務,PRIMARY,1.0,1.0,通識與人文社會系所轉入行政管理與企業綜合服務領域。,MOE_UCAN_DEFAULT_FALLBACK,v1.0
04199022,高階經理人碩士在職專班,0006,國立中興大學,UC_MGMT,企業經營管理,UC_MGMT_PW01,綜合事務與專案支援,IND_PRO_FIN,專業商管與金融服務,PRIMARY,1.0,1.0,通識與人文社會系所轉入行政管理與企業綜合服務領域。,MOE_UCAN_DEFAULT_FALLBACK,v1.0
04211023,法律學系,0006,國立中興大學,UC_MGMT,企業經營管理,UC_MGMT_PW01,綜合事務與專案支援,IND_PRO_FIN,專業商管與金融服務,PRIMARY,1.0,1.0,通識與人文社會系所轉入行政管理與企業綜合服務領域。,MOE_UCAN_DEFAULT_FALLBACK,v1.0
05111026,生命科學碩士在職專班,0006,國立中興大學,UC_MGMT,企業經營管理,UC_MGMT_PW01,綜合事務與專案支援,IND_PRO_FIN,專業商管與金融服務,PRIMARY,1.0,1.0,通識與人文社會系所轉入行政管理與企業綜合服務領域。,MOE_UCAN_DEFAULT_FALLBACK,v1.0
05111026,生命科學系,0006,國立中興大學,UC_MGMT,企業經營管理,UC_MGMT_PW01,綜合事務與專案支援,IND_PRO_FIN,專業商管與金融服務,PRIMARY,1.0,1.0,通識與人文社會系所轉入行政管理與企業綜合服務領域。,MOE_UCAN_DEFAULT_FALLBACK,v1.0
05111029,昆蟲學系,0006,國立中興大學,UC_MGMT,企業經營管理,UC_MGMT_PW01,綜合事務與專案支援,IND_PRO_FIN,專業商管與金融服務,PRIMARY,1.0,1.0,通識與人文社會系所轉入行政管理與企業綜合服務領域。,MOE_UCAN_DEFAULT_FALLBACK,v1.0
05121027,生物科技學研究所,0006,國立中興大學,UC_HEALTH,醫療保健,UC_HEALTH_PW01,生醫研發與健康照護,IND_BIOMED,生技醫療與精準健康,PRIMARY,1.0,0.6667,教育部UCAN職涯途徑：臨床醫學、生技製藥檢驗與醫療儀器研發。,MOE_UCAN_OFFICIAL_2024,v1.0
05121027,生物科技學研究所,0006,國立中興大學,UC_IT,資訊科技,UC_IT_PW03,智慧醫療資訊系統,IND_ICT,資訊軟體與數位科技,SECONDARY,0.5,0.3333,智慧醫療、穿戴裝置生醫信號處理跨域就業途徑。,MOE_UCAN_OFFICIAL_2024,v1.0
05121031,生物科技學士學位學程,0006,國立中興大學,UC_HEALTH,醫療保健,UC_HEALTH_PW01,生醫研發與健康照護,IND_BIOMED,生技醫療與精準健康,PRIMARY,1.0,0.6667,教育部UCAN職涯途徑：臨床醫學、生技製藥檢驗與醫療儀器研發。,MOE_UCAN_OFFICIAL_2024,v1.0
05121031,生物科技學士學位學程,0006,國立中興大學,UC_IT,資訊科技,UC_IT_PW03,智慧醫療資訊系統,IND_ICT,資訊軟體與數位科技,SECONDARY,0.5,0.3333,智慧醫療、穿戴裝置生醫信號處理跨域就業途徑。,MOE_UCAN_OFFICIAL_2024,v1.0
05121033,分子生物學研究所,0006,國立中興大學,UC_MGMT,企業經營管理,UC_MGMT_PW01,綜合事務與專案支援,IND_PRO_FIN,專業商管與金融服務,PRIMARY,1.0,1.0,通識與人文社會系所轉入行政管理與企業綜合服務領域。,MOE_UCAN_DEFAULT_FALLBACK,v1.0
05121035,生物醫學研究所,0006,國立中興大學,UC_HEALTH,醫療保健,UC_HEALTH_PW01,生醫研發與健康照護,IND_BIOMED,生技醫療與精準健康,PRIMARY,1.0,0.6667,教育部UCAN職涯途徑：臨床醫學、生技製藥檢驗與醫療儀器研發。,MOE_UCAN_OFFICIAL_2024,v1.0
05121035,生物醫學研究所,0006,國立中興大學,UC_IT,資訊科技,UC_IT_PW03,智慧醫療資訊系統,IND_ICT,資訊軟體與數位科技,SECONDARY,0.5,0.3333,智慧醫療、穿戴裝置生醫信號處理跨域就業途徑。,MOE_UCAN_OFFICIAL_2024,v1.0
05121037,基因體暨生物資訊學研究所,0006,國立中興大學,UC_MGMT,企業經營管理,UC_MGMT_PW01,綜合事務與專案支援,IND_PRO_FIN,專業商管與金融服務,PRIMARY,1.0,1.0,通識與人文社會系所轉入行政管理與企業綜合服務領域。,MOE_UCAN_DEFAULT_FALLBACK,v1.0
05123034,生物化學研究所,0006,國立中興大學,UC_MGMT,企業經營管理,UC_MGMT_PW01,綜合事務與專案支援,IND_PRO_FIN,專業商管與金融服務,PRIMARY,1.0,1.0,通識與人文社會系所轉入行政管理與企業綜合服務領域。,MOE_UCAN_DEFAULT_FALLBACK,v1.0
05124038,微生物基因體學博士學位學程,0006,國立中興大學,UC_MGMT,企業經營管理,UC_MGMT_PW01,綜合事務與專案支援,IND_PRO_FIN,專業商管與金融服務,PRIMARY,1.0,1.0,通識與人文社會系所轉入行政管理與企業綜合服務領域。,MOE_UCAN_DEFAULT_FALLBACK,v1.0
05292082,水土保持學系,0006,國立中興大學,UC_MGMT,企業經營管理,UC_MGMT_PW01,綜合事務與專案支援,IND_PRO_FIN,專業商管與金融服務,PRIMARY,1.0,1.0,通識與人文社會系所轉入行政管理與企業綜合服務領域。,MOE_UCAN_DEFAULT_FALLBACK,v1.0
05311039,化學系,0006,國立中興大學,UC_MGMT,企業經營管理,UC_MGMT_PW01,綜合事務與專案支援,IND_PRO_FIN,專業商管與金融服務,PRIMARY,1.0,1.0,通識與人文社會系所轉入行政管理與企業綜合服務領域。,MOE_UCAN_DEFAULT_FALLBACK,v1.0
05331040,物理學系,0006,國立中興大學,UC_MGMT,企業經營管理,UC_MGMT_PW01,綜合事務與專案支援,IND_PRO_FIN,專業商管與金融服務,PRIMARY,1.0,1.0,通識與人文社會系所轉入行政管理與企業綜合服務領域。,MOE_UCAN_DEFAULT_FALLBACK,v1.0
05331040,物理學系(奈米電子與光電能源)中科碩士在職專班,0006,國立中興大學,UC_MGMT,企業經營管理,UC_MGMT_PW01,綜合事務與專案支援,IND_PRO_FIN,專業商管與金融服務,PRIMARY,1.0,1.0,通識與人文社會系所轉入行政管理與企業綜合服務領域。,MOE_UCAN_DEFAULT_FALLBACK,v1.0
05331040,物理學系生物物理學碩士班,0006,國立中興大學,UC_MGMT,企業經營管理,UC_MGMT_PW01,綜合事務與專案支援,IND_PRO_FIN,專業商管與金融服務,PRIMARY,1.0,1.0,通識與人文社會系所轉入行政管理與企業綜合服務領域。,MOE_UCAN_DEFAULT_FALLBACK,v1.0
05331058,奈米科學研究所,0006,國立中興大學,UC_MGMT,企業經營管理,UC_MGMT_PW01,綜合事務與專案支援,IND_PRO_FIN,專業商管與金融服務,PRIMARY,1.0,1.0,通識與人文社會系所轉入行政管理與企業綜合服務領域。,MOE_UCAN_DEFAULT_FALLBACK,v1.0
05411041,應用數學系,0006,國立中興大學,UC_MGMT,企業經營管理,UC_MGMT_PW01,綜合事務與專案支援,IND_PRO_FIN,專業商管與金融服務,PRIMARY,1.0,1.0,通識與人文社會系所轉入行政管理與企業綜合服務領域。,MOE_UCAN_DEFAULT_FALLBACK,v1.0
05411041,應用數學系計算科學碩士班,0006,國立中興大學,UC_MGMT,企業經營管理,UC_MGMT_PW01,綜合事務與專案支援,IND_PRO_FIN,專業商管與金融服務,PRIMARY,1.0,1.0,通識與人文社會系所轉入行政管理與企業綜合服務領域。,MOE_UCAN_DEFAULT_FALLBACK,v1.0
05421042,統計學研究所,0006,國立中興大學,UC_FIN,金融保險,UC_FIN_PW01,會計審計與專業財務顧問,IND_PRO_FIN,專業商管與金融服務,PRIMARY,1.0,0.6667,教育部UCAN職涯途徑：會計師事務所審計查核、金融機構企業放款與財務分析。,MOE_UCAN_OFFICIAL_2024,v1.0
05421042,統計學研究所,0006,國立中興大學,UC_TRANS,運輸、物流與配銷,UC_TRANS_PW02,國際貿易成本精算,IND_TRADE_LOG,國際貿易與現代物流,SECONDARY,0.5,0.3333,跨國貿易保險、海關報關與保稅成本核算實證。,GCIS_104_EMPIRICAL_ALIGNMENT,v1.0
05499101,大數據產學研發博士學位學程,0006,國立中興大學,UC_MGMT,企業經營管理,UC_MGMT_PW01,綜合事務與專案支援,IND_PRO_FIN,專業商管與金融服務,PRIMARY,1.0,1.0,通識與人文社會系所轉入行政管理與企業綜合服務領域。,MOE_UCAN_DEFAULT_FALLBACK,v1.0
06131043,資訊管理學系,0006,國立中興大學,UC_MGMT,企業經營管理,UC_MGMT_PW01,綜合事務與專案支援,IND_PRO_FIN,專業商管與金融服務,PRIMARY,1.0,1.0,通識與人文社會系所轉入行政管理與企業綜合服務領域。,MOE_UCAN_DEFAULT_FALLBACK,v1.0
06131048,資訊科學與工程學系,0006,國立中興大學,UC_MGMT,企業經營管理,UC_MGMT_PW01,綜合事務與專案支援,IND_PRO_FIN,專業商管與金融服務,PRIMARY,1.0,1.0,通識與人文社會系所轉入行政管理與企業綜合服務領域。,MOE_UCAN_DEFAULT_FALLBACK,v1.0
06131048,資訊科學與工程學系中科碩士在職專班,0006,國立中興大學,UC_MGMT,企業經營管理,UC_MGMT_PW01,綜合事務與專案支援,IND_PRO_FIN,專業商管與金融服務,PRIMARY,1.0,1.0,通識與人文社會系所轉入行政管理與企業綜合服務領域。,MOE_UCAN_DEFAULT_FALLBACK,v1.0
06132100,人工智慧與資料科學碩士在職學位學程,0006,國立中興大學,UC_IT,資訊科技,UC_IT_PW01,軟體開發與系統整合,IND_ICT,資訊軟體與數位科技,PRIMARY,1.0,0.6667,教育部UCAN職涯就業途徑對照表：資訊工程系所核心能力對應軟體開發與資通訊技術。,MOE_UCAN_OFFICIAL_2024,v1.0
06132100,人工智慧與資料科學碩士在職學位學程,0006,國立中興大學,UC_STEM,科學、科技、工程與數學,UC_STEM_PW02,半導體軟硬體整合,IND_SEM,半導體與綠能科技,SECONDARY,0.5,0.3333,中科半導體供應鏈IC設計與韌體工程職缺對應資工系所就業途徑。,GCIS_104_EMPIRICAL_ALIGNMENT,v1.0
07111055,化學工程學系,0006,國立中興大學,UC_MGMT,企業經營管理,UC_MGMT_PW01,綜合事務與專案支援,IND_PRO_FIN,專業商管與金融服務,PRIMARY,1.0,1.0,通識與人文社會系所轉入行政管理與企業綜合服務領域。,MOE_UCAN_DEFAULT_FALLBACK,v1.0
07111055,化學工程學系中科碩士在職專班,0006,國立中興大學,UC_MGMT,企業經營管理,UC_MGMT_PW01,綜合事務與專案支援,IND_PRO_FIN,專業商管與金融服務,PRIMARY,1.0,1.0,通識與人文社會系所轉入行政管理與企業綜合服務領域。,MOE_UCAN_DEFAULT_FALLBACK,v1.0
07112057,材料科學與工程學系,0006,國立中興大學,UC_MGMT,企業經營管理,UC_MGMT_PW01,綜合事務與專案支援,IND_PRO_FIN,專業商管與金融服務,PRIMARY,1.0,1.0,通識與人文社會系所轉入行政管理與企業綜合服務領域。,MOE_UCAN_DEFAULT_FALLBACK,v1.0
07112099,光電材料產業碩士專班,0006,國立中興大學,UC_MGMT,企業經營管理,UC_MGMT_PW01,綜合事務與專案支援,IND_PRO_FIN,專業商管與金融服務,PRIMARY,1.0,1.0,通識與人文社會系所轉入行政管理與企業綜合服務領域。,MOE_UCAN_DEFAULT_FALLBACK,v1.0
07121059,環境工程學系,0006,國立中興大學,UC_MGMT,企業經營管理,UC_MGMT_PW01,綜合事務與專案支援,IND_PRO_FIN,專業商管與金融服務,PRIMARY,1.0,1.0,通識與人文社會系所轉入行政管理與企業綜合服務領域。,MOE_UCAN_DEFAULT_FALLBACK,v1.0
07141045,電機工程學系,0006,國立中興大學,UC_STEM,科學、科技、工程與數學,UC_STEM_PW01,半導體元件與光電工程,IND_SEM,半導體與綠能科技,PRIMARY,1.0,0.6667,教育部UCAN職涯途徑：半導體晶圓製造與綠能光電工程開發。,MOE_UCAN_OFFICIAL_2024,v1.0
07141045,電機工程學系,0006,國立中興大學,UC_MFG,製造,UC_MFG_PW02,智慧控制系統開發,IND_MFG,智慧製造與精密機械,SECONDARY,0.5,0.3333,工業自動化控制器與智慧伺服馬達驅動電路研發。,MOE_UCAN_OFFICIAL_2024,v1.0
07141046,光電工程研究所,0006,國立中興大學,UC_STEM,科學、科技、工程與數學,UC_STEM_PW01,半導體元件與光電工程,IND_SEM,半導體與綠能科技,PRIMARY,1.0,0.6667,教育部UCAN職涯途徑：半導體晶圓製造與綠能光電工程開發。,MOE_UCAN_OFFICIAL_2024,v1.0
07141046,光電工程研究所,0006,國立中興大學,UC_MFG,製造,UC_MFG_PW02,智慧控制系統開發,IND_MFG,智慧製造與精密機械,SECONDARY,0.5,0.3333,工業自動化控制器與智慧伺服馬達驅動電路研發。,MOE_UCAN_OFFICIAL_2024,v1.0
07141049,通訊工程研究所,0006,國立中興大學,UC_MGMT,企業經營管理,UC_MGMT_PW01,綜合事務與專案支援,IND_PRO_FIN,專業商管與金融服務,PRIMARY,1.0,1.0,通識與人文社會系所轉入行政管理與企業綜合服務領域。,MOE_UCAN_DEFAULT_FALLBACK,v1.0
07141102,電機資訊學院學士班,0006,國立中興大學,UC_MGMT,企業經營管理,UC_MGMT_PW01,綜合事務與專案支援,IND_PRO_FIN,專業商管與金融服務,PRIMARY,1.0,1.0,通識與人文社會系所轉入行政管理與企業綜合服務領域。,MOE_UCAN_DEFAULT_FALLBACK,v1.0
07141104,電子系統產業碩士專班,0006,國立中興大學,UC_MGMT,企業經營管理,UC_MGMT_PW01,綜合事務與專案支援,IND_PRO_FIN,專業商管與金融服務,PRIMARY,1.0,1.0,通識與人文社會系所轉入行政管理與企業綜合服務領域。,MOE_UCAN_DEFAULT_FALLBACK,v1.0
07141105,電機控制產業碩士專班,0006,國立中興大學,UC_MGMT,企業經營管理,UC_MGMT_PW01,綜合事務與專案支援,IND_PRO_FIN,專業商管與金融服務,PRIMARY,1.0,1.0,通識與人文社會系所轉入行政管理與企業綜合服務領域。,MOE_UCAN_DEFAULT_FALLBACK,v1.0
07141C02,光電半導體技術產業碩士專班,0006,國立中興大學,UC_STEM,科學、科技、工程與數學,UC_STEM_PW01,半導體元件與光電工程,IND_SEM,半導體與綠能科技,PRIMARY,1.0,0.6667,教育部UCAN職涯途徑：半導體晶圓製造與綠能光電工程開發。,MOE_UCAN_OFFICIAL_2024,v1.0
07141C02,光電半導體技術產業碩士專班,0006,國立中興大學,UC_MFG,製造,UC_MFG_PW02,智慧控制系統開發,IND_MFG,智慧製造與精密機械,SECONDARY,0.5,0.3333,工業自動化控制器與智慧伺服馬達驅動電路研發。,MOE_UCAN_OFFICIAL_2024,v1.0
07151050,機械工程學系,0006,國立中興大學,UC_MFG,製造,UC_MFG_PW01,機電自動化與機械設計,IND_MFG,智慧製造與精密機械,PRIMARY,1.0,0.6667,教育部UCAN製造學門就業途徑：精密機械與工具機設備研發製造。,MOE_UCAN_OFFICIAL_2024,v1.0
07151050,機械工程學系,0006,國立中興大學,UC_STEM,科學、科技、工程與數學,UC_STEM_PW01,半導體封裝與設備工程,IND_SEM,半導體與綠能科技,SECONDARY,0.5,0.3333,中科園區半導體晶圓廠廠務與設備工程師招募管道。,GCIS_104_EMPIRICAL_ALIGNMENT,v1.0
07151051,精密工程研究所,0006,國立中興大學,UC_MGMT,企業經營管理,UC_MGMT_PW01,綜合事務與專案支援,IND_PRO_FIN,專業商管與金融服務,PRIMARY,1.0,1.0,通識與人文社會系所轉入行政管理與企業綜合服務領域。,MOE_UCAN_DEFAULT_FALLBACK,v1.0
07151051,精密工程研究所中科碩士在職專班,0006,國立中興大學,UC_MGMT,企業經營管理,UC_MGMT_PW01,綜合事務與專案支援,IND_PRO_FIN,專業商管與金融服務,PRIMARY,1.0,1.0,通識與人文社會系所轉入行政管理與企業綜合服務領域。,MOE_UCAN_DEFAULT_FALLBACK,v1.0
07151052,生物產業機電工程學系,0006,國立中興大學,UC_MFG,製造,UC_MFG_PW01,機電自動化與機械設計,IND_MFG,智慧製造與精密機械,PRIMARY,1.0,0.6667,教育部UCAN製造學門就業途徑：精密機械與工具機設備研發製造。,MOE_UCAN_OFFICIAL_2024,v1.0
07151052,生物產業機電工程學系,0006,國立中興大學,UC_STEM,科學、科技、工程與數學,UC_STEM_PW01,半導體封裝與設備工程,IND_SEM,半導體與綠能科技,SECONDARY,0.5,0.3333,中科園區半導體晶圓廠廠務與設備工程師招募管道。,GCIS_104_EMPIRICAL_ALIGNMENT,v1.0
07193060,生醫工程研究所,0006,國立中興大學,UC_MGMT,企業經營管理,UC_MGMT_PW01,綜合事務與專案支援,IND_PRO_FIN,專業商管與金融服務,PRIMARY,1.0,1.0,通識與人文社會系所轉入行政管理與企業綜合服務領域。,MOE_UCAN_DEFAULT_FALLBACK,v1.0
07211081,食品暨應用生物科技學系,0006,國立中興大學,UC_HEALTH,醫療保健,UC_HEALTH_PW01,生醫研發與健康照護,IND_BIOMED,生技醫療與精準健康,PRIMARY,1.0,0.6667,教育部UCAN職涯途徑：臨床醫學、生技製藥檢驗與醫療儀器研發。,MOE_UCAN_OFFICIAL_2024,v1.0
07211081,食品暨應用生物科技學系,0006,國立中興大學,UC_IT,資訊科技,UC_IT_PW03,智慧醫療資訊系統,IND_ICT,資訊軟體與數位科技,SECONDARY,0.5,0.3333,智慧醫療、穿戴裝置生醫信號處理跨域就業途徑。,MOE_UCAN_OFFICIAL_2024,v1.0
07211098,食品安全研究所,0006,國立中興大學,UC_MGMT,企業經營管理,UC_MGMT_PW01,綜合事務與專案支援,IND_PRO_FIN,專業商管與金融服務,PRIMARY,1.0,1.0,通識與人文社會系所轉入行政管理與企業綜合服務領域。,MOE_UCAN_DEFAULT_FALLBACK,v1.0
07312061,景觀與遊憩學士學位學程,0006,國立中興大學,UC_MGMT,企業經營管理,UC_MGMT_PW01,綜合事務與專案支援,IND_PRO_FIN,專業商管與金融服務,PRIMARY,1.0,1.0,通識與人文社會系所轉入行政管理與企業綜合服務領域。,MOE_UCAN_DEFAULT_FALLBACK,v1.0
07312061,景觀與遊憩碩士學位學程,0006,國立中興大學,UC_MGMT,企業經營管理,UC_MGMT_PW01,綜合事務與專案支援,IND_PRO_FIN,專業商管與金融服務,PRIMARY,1.0,1.0,通識與人文社會系所轉入行政管理與企業綜合服務領域。,MOE_UCAN_DEFAULT_FALLBACK,v1.0
07321054,土木工程學系,0006,國立中興大學,UC_MGMT,企業經營管理,UC_MGMT_PW01,綜合事務與專案支援,IND_PRO_FIN,專業商管與金融服務,PRIMARY,1.0,1.0,通識與人文社會系所轉入行政管理與企業綜合服務領域。,MOE_UCAN_DEFAULT_FALLBACK,v1.0
08111063,農藝學系,0006,國立中興大學,UC_MGMT,企業經營管理,UC_MGMT_PW01,綜合事務與專案支援,IND_PRO_FIN,專業商管與金融服務,PRIMARY,1.0,1.0,通識與人文社會系所轉入行政管理與企業綜合服務領域。,MOE_UCAN_DEFAULT_FALLBACK,v1.0
08111064,國際農學碩士學位學程,0006,國立中興大學,UC_MGMT,企業經營管理,UC_MGMT_PW01,綜合事務與專案支援,IND_PRO_FIN,專業商管與金融服務,PRIMARY,1.0,1.0,通識與人文社會系所轉入行政管理與企業綜合服務領域。,MOE_UCAN_DEFAULT_FALLBACK,v1.0
08112066,動物科學系,0006,國立中興大學,UC_MGMT,企業經營管理,UC_MGMT_PW01,綜合事務與專案支援,IND_PRO_FIN,專業商管與金融服務,PRIMARY,1.0,1.0,通識與人文社會系所轉入行政管理與企業綜合服務領域。,MOE_UCAN_DEFAULT_FALLBACK,v1.0
08121067,園藝學系,0006,國立中興大學,UC_MGMT,企業經營管理,UC_MGMT_PW01,綜合事務與專案支援,IND_PRO_FIN,專業商管與金融服務,PRIMARY,1.0,1.0,通識與人文社會系所轉入行政管理與企業綜合服務領域。,MOE_UCAN_DEFAULT_FALLBACK,v1.0
08191083,土壤環境科學系,0006,國立中興大學,UC_MGMT,企業經營管理,UC_MGMT_PW01,綜合事務與專案支援,IND_PRO_FIN,專業商管與金融服務,PRIMARY,1.0,1.0,通識與人文社會系所轉入行政管理與企業綜合服務領域。,MOE_UCAN_DEFAULT_FALLBACK,v1.0
08193076,生物產業管理研究所,0006,國立中興大學,UC_MGMT,企業經營管理,UC_MGMT_PW01,綜合事務與專案支援,IND_PRO_FIN,專業商管與金融服務,PRIMARY,1.0,1.0,通識與人文社會系所轉入行政管理與企業綜合服務領域。,MOE_UCAN_DEFAULT_FALLBACK,v1.0
08193076,生物產業管理進修學士學位學程,0006,國立中興大學,UC_MGMT,企業經營管理,UC_MGMT_PW01,綜合事務與專案支援,IND_PRO_FIN,專業商管與金融服務,PRIMARY,1.0,1.0,通識與人文社會系所轉入行政管理與企業綜合服務領域。,MOE_UCAN_DEFAULT_FALLBACK,v1.0
08193077,農業企業經營管理碩士在職專班,0006,國立中興大學,UC_MGMT,企業經營管理,UC_MGMT_PW01,營運管理與決策分析,IND_PRO_FIN,專業商管與金融服務,PRIMARY,1.0,0.5,企管系核心訓練：企業經營策略與管理顧問職位。,MOE_UCAN_OFFICIAL_2024,v1.0
08193077,農業企業經營管理碩士在職專班,0006,國立中興大學,UC_TRANS,運輸、物流與配銷,UC_TRANS_PW01,供應鏈管理,IND_TRADE_LOG,國際貿易與現代物流,SECONDARY,0.5,0.25,企管系流向：外銷製造業與物流供應鏈協調專員。,MOE_UCAN_OFFICIAL_2024,v1.0
08193077,農業企業經營管理碩士在職專班,0006,國立中興大學,UC_MFG,製造,UC_MFG_PW03,製造業生管與品保,IND_MFG,智慧製造與精密機械,SECONDARY,0.5,0.25,中彰投製造業生管、專案經理與行政管理人才流向。,GCIS_104_EMPIRICAL_ALIGNMENT,v1.0
08193078,國際農企業學士學位學程,0006,國立中興大學,UC_MGMT,企業經營管理,UC_MGMT_PW01,綜合事務與專案支援,IND_PRO_FIN,專業商管與金融服務,PRIMARY,1.0,1.0,通識與人文社會系所轉入行政管理與企業綜合服務領域。,MOE_UCAN_DEFAULT_FALLBACK,v1.0
08193079,農業經濟與行銷碩士學位學程,0006,國立中興大學,UC_MGMT,企業經營管理,UC_MGMT_PW01,綜合事務與專案支援,IND_PRO_FIN,專業商管與金融服務,PRIMARY,1.0,1.0,通識與人文社會系所轉入行政管理與企業綜合服務領域。,MOE_UCAN_DEFAULT_FALLBACK,v1.0
08194068,植物病理學系,0006,國立中興大學,UC_MGMT,企業經營管理,UC_MGMT_PW01,綜合事務與專案支援,IND_PRO_FIN,專業商管與金融服務,PRIMARY,1.0,1.0,通識與人文社會系所轉入行政管理與企業綜合服務領域。,MOE_UCAN_DEFAULT_FALLBACK,v1.0
08194069,植物醫學暨安全農業碩士學位學程,0006,國立中興大學,UC_HEALTH,醫療保健,UC_HEALTH_PW01,生醫研發與健康照護,IND_BIOMED,生技醫療與精準健康,PRIMARY,1.0,0.6667,教育部UCAN職涯途徑：臨床醫學、生技製藥檢驗與醫療儀器研發。,MOE_UCAN_OFFICIAL_2024,v1.0
08194069,植物醫學暨安全農業碩士學位學程,0006,國立中興大學,UC_IT,資訊科技,UC_IT_PW03,智慧醫療資訊系統,IND_ICT,資訊軟體與數位科技,SECONDARY,0.5,0.3333,智慧醫療、穿戴裝置生醫信號處理跨域就業途徑。,MOE_UCAN_OFFICIAL_2024,v1.0
08211086,森林學系,0006,國立中興大學,UC_MGMT,企業經營管理,UC_MGMT_PW01,綜合事務與專案支援,IND_PRO_FIN,專業商管與金融服務,PRIMARY,1.0,1.0,通識與人文社會系所轉入行政管理與企業綜合服務領域。,MOE_UCAN_DEFAULT_FALLBACK,v1.0
08411087,獸醫學系,0006,國立中興大學,UC_HEALTH,醫療保健,UC_HEALTH_PW01,生醫研發與健康照護,IND_BIOMED,生技醫療與精準健康,PRIMARY,1.0,0.6667,教育部UCAN職涯途徑：臨床醫學、生技製藥檢驗與醫療儀器研發。,MOE_UCAN_OFFICIAL_2024,v1.0
08411087,獸醫學系,0006,國立中興大學,UC_IT,資訊科技,UC_IT_PW03,智慧醫療資訊系統,IND_ICT,資訊軟體與數位科技,SECONDARY,0.5,0.3333,智慧醫療、穿戴裝置生醫信號處理跨域就業途徑。,MOE_UCAN_OFFICIAL_2024,v1.0
08411089,獸醫病理生物學研究所,0006,國立中興大學,UC_MGMT,企業經營管理,UC_MGMT_PW01,綜合事務與專案支援,IND_PRO_FIN,專業商管與金融服務,PRIMARY,1.0,1.0,通識與人文社會系所轉入行政管理與企業綜合服務領域。,MOE_UCAN_DEFAULT_FALLBACK,v1.0
08411092,微生物暨公共衛生學研究所,0006,國立中興大學,UC_MGMT,企業經營管理,UC_MGMT_PW01,綜合事務與專案支援,IND_PRO_FIN,專業商管與金融服務,PRIMARY,1.0,1.0,通識與人文社會系所轉入行政管理與企業綜合服務領域。,MOE_UCAN_DEFAULT_FALLBACK,v1.0
09121093,轉譯醫學博士學位學程,0006,國立中興大學,UC_HEALTH,醫療保健,UC_HEALTH_PW01,生醫研發與健康照護,IND_BIOMED,生技醫療與精準健康,PRIMARY,1.0,0.6667,教育部UCAN職涯途徑：臨床醫學、生技製藥檢驗與醫療儀器研發。,MOE_UCAN_OFFICIAL_2024,v1.0
09121093,轉譯醫學博士學位學程,0006,國立中興大學,UC_IT,資訊科技,UC_IT_PW03,智慧醫療資訊系統,IND_ICT,資訊軟體與數位科技,SECONDARY,0.5,0.3333,智慧醫療、穿戴裝置生醫信號處理跨域就業途徑。,MOE_UCAN_OFFICIAL_2024,v1.0
09141094,醫學生物科技博士學位學程,0006,國立中興大學,UC_HEALTH,醫療保健,UC_HEALTH_PW01,生醫研發與健康照護,IND_BIOMED,生技醫療與精準健康,PRIMARY,1.0,0.6667,教育部UCAN職涯途徑：臨床醫學、生技製藥檢驗與醫療儀器研發。,MOE_UCAN_OFFICIAL_2024,v1.0
09141094,醫學生物科技博士學位學程,0006,國立中興大學,UC_IT,資訊科技,UC_IT_PW03,智慧醫療資訊系統,IND_ICT,資訊軟體與數位科技,SECONDARY,0.5,0.3333,智慧醫療、穿戴裝置生醫信號處理跨域就業途徑。,MOE_UCAN_OFFICIAL_2024,v1.0
09199096,組織工程與再生醫學博士學位學程,0006,國立中興大學,UC_HEALTH,醫療保健,UC_HEALTH_PW01,生醫研發與健康照護,IND_BIOMED,生技醫療與精準健康,PRIMARY,1.0,0.6667,教育部UCAN職涯途徑：臨床醫學、生技製藥檢驗與醫療儀器研發。,MOE_UCAN_OFFICIAL_2024,v1.0
09199096,組織工程與再生醫學博士學位學程,0006,國立中興大學,UC_IT,資訊科技,UC_IT_PW03,智慧醫療資訊系統,IND_ICT,資訊軟體與數位科技,SECONDARY,0.5,0.3333,智慧醫療、穿戴裝置生醫信號處理跨域就業途徑。,MOE_UCAN_OFFICIAL_2024,v1.0
02299005,文化創意事業系,0043,國立勤益科技大學,UC_MGMT,企業經營管理,UC_MGMT_PW01,綜合事務與專案支援,IND_PRO_FIN,專業商管與金融服務,PRIMARY,1.0,1.0,通識與人文社會系所轉入行政管理與企業綜合服務領域。,MOE_UCAN_DEFAULT_FALLBACK,v1.0
02311001,應用英語系,0043,國立勤益科技大學,UC_MGMT,企業經營管理,UC_MGMT_PW01,綜合事務與專案支援,IND_PRO_FIN,專業商管與金融服務,PRIMARY,1.0,1.0,通識與人文社會系所轉入行政管理與企業綜合服務領域。,MOE_UCAN_DEFAULT_FALLBACK,v1.0
04131002,企業管理系,0043,國立勤益科技大學,UC_MGMT,企業經營管理,UC_MGMT_PW01,營運管理與決策分析,IND_PRO_FIN,專業商管與金融服務,PRIMARY,1.0,0.5,企管系核心訓練：企業經營策略與管理顧問職位。,MOE_UCAN_OFFICIAL_2024,v1.0
04131002,企業管理系,0043,國立勤益科技大學,UC_TRANS,運輸、物流與配銷,UC_TRANS_PW01,供應鏈管理,IND_TRADE_LOG,國際貿易與現代物流,SECONDARY,0.5,0.25,企管系流向：外銷製造業與物流供應鏈協調專員。,MOE_UCAN_OFFICIAL_2024,v1.0
04131002,企業管理系,0043,國立勤益科技大學,UC_MFG,製造,UC_MFG_PW03,製造業生管與品保,IND_MFG,智慧製造與精密機械,SECONDARY,0.5,0.25,中彰投製造業生管、專案經理與行政管理人才流向。,GCIS_104_EMPIRICAL_ALIGNMENT,v1.0
04131002,企業管理系_製造與研發管理專班,0043,國立勤益科技大學,UC_MGMT,企業經營管理,UC_MGMT_PW01,營運管理與決策分析,IND_PRO_FIN,專業商管與金融服務,PRIMARY,1.0,0.5,企管系核心訓練：企業經營策略與管理顧問職位。,MOE_UCAN_OFFICIAL_2024,v1.0
04131002,企業管理系_製造與研發管理專班,0043,國立勤益科技大學,UC_TRANS,運輸、物流與配銷,UC_TRANS_PW01,供應鏈管理,IND_TRADE_LOG,國際貿易與現代物流,SECONDARY,0.5,0.25,企管系流向：外銷製造業與物流供應鏈協調專員。,MOE_UCAN_OFFICIAL_2024,v1.0
04131002,企業管理系_製造與研發管理專班,0043,國立勤益科技大學,UC_MFG,製造,UC_MFG_PW03,製造業生管與品保,IND_MFG,智慧製造與精密機械,SECONDARY,0.5,0.25,中彰投製造業生管、專案經理與行政管理人才流向。,GCIS_104_EMPIRICAL_ALIGNMENT,v1.0
04132003,流通管理科,0043,國立勤益科技大學,UC_MGMT,企業經營管理,UC_MGMT_PW01,綜合事務與專案支援,IND_PRO_FIN,專業商管與金融服務,PRIMARY,1.0,1.0,通識與人文社會系所轉入行政管理與企業綜合服務領域。,MOE_UCAN_DEFAULT_FALLBACK,v1.0
04132003,流通管理系,0043,國立勤益科技大學,UC_MGMT,企業經營管理,UC_MGMT_PW01,綜合事務與專案支援,IND_PRO_FIN,專業商管與金融服務,PRIMARY,1.0,1.0,通識與人文社會系所轉入行政管理與企業綜合服務領域。,MOE_UCAN_DEFAULT_FALLBACK,v1.0
04199033,管理學院_管理與資訊國際學生產學合作專班,0043,國立勤益科技大學,UC_MGMT,企業經營管理,UC_MGMT_PW01,綜合事務與專案支援,IND_PRO_FIN,專業商管與金融服務,PRIMARY,1.0,1.0,通識與人文社會系所轉入行政管理與企業綜合服務領域。,MOE_UCAN_DEFAULT_FALLBACK,v1.0
06131010,資訊管理系,0043,國立勤益科技大學,UC_MGMT,企業經營管理,UC_MGMT_PW01,綜合事務與專案支援,IND_PRO_FIN,專業商管與金融服務,PRIMARY,1.0,1.0,通識與人文社會系所轉入行政管理與企業綜合服務領域。,MOE_UCAN_DEFAULT_FALLBACK,v1.0
06131010,資訊管理系_外國學生專班,0043,國立勤益科技大學,UC_MGMT,企業經營管理,UC_MGMT_PW01,綜合事務與專案支援,IND_PRO_FIN,專業商管與金融服務,PRIMARY,1.0,1.0,通識與人文社會系所轉入行政管理與企業綜合服務領域。,MOE_UCAN_DEFAULT_FALLBACK,v1.0
06131010,資訊管理系_智慧製造與資訊應用專班,0043,國立勤益科技大學,UC_MFG,製造,UC_MFG_PW01,機電自動化與機械設計,IND_MFG,智慧製造與精密機械,PRIMARY,1.0,0.6667,教育部UCAN製造學門就業途徑：精密機械與工具機設備研發製造。,MOE_UCAN_OFFICIAL_2024,v1.0
06131010,資訊管理系_智慧製造與資訊應用專班,0043,國立勤益科技大學,UC_STEM,科學、科技、工程與數學,UC_STEM_PW01,半導體封裝與設備工程,IND_SEM,半導體與綠能科技,SECONDARY,0.5,0.3333,中科園區半導體晶圓廠廠務與設備工程師招募管道。,GCIS_104_EMPIRICAL_ALIGNMENT,v1.0
06131010,資訊管理系_研發管理與資訊應用產業碩士專班,0043,國立勤益科技大學,UC_MGMT,企業經營管理,UC_MGMT_PW01,綜合事務與專案支援,IND_PRO_FIN,專業商管與金融服務,PRIMARY,1.0,1.0,通識與人文社會系所轉入行政管理與企業綜合服務領域。,MOE_UCAN_DEFAULT_FALLBACK,v1.0
06131010,資訊管理系研發科技與資訊管理碩士在職專班,0043,國立勤益科技大學,UC_MGMT,企業經營管理,UC_MGMT_PW01,綜合事務與專案支援,IND_PRO_FIN,專業商管與金融服務,PRIMARY,1.0,1.0,通識與人文社會系所轉入行政管理與企業綜合服務領域。,MOE_UCAN_DEFAULT_FALLBACK,v1.0
06131013,資訊工程系,0043,國立勤益科技大學,UC_IT,資訊科技,UC_IT_PW01,軟體開發與系統整合,IND_ICT,資訊軟體與數位科技,PRIMARY,1.0,0.6667,教育部UCAN職涯就業途徑對照表：資訊工程系所核心能力對應軟體開發與資通訊技術。,MOE_UCAN_OFFICIAL_2024,v1.0
06131013,資訊工程系,0043,國立勤益科技大學,UC_STEM,科學、科技、工程與數學,UC_STEM_PW02,半導體軟硬體整合,IND_SEM,半導體與綠能科技,SECONDARY,0.5,0.3333,中科半導體供應鏈IC設計與韌體工程職缺對應資工系所就業途徑。,GCIS_104_EMPIRICAL_ALIGNMENT,v1.0
06131013,資訊工程系_資通訊國際學生產學合作專班,0043,國立勤益科技大學,UC_IT,資訊科技,UC_IT_PW01,軟體開發與系統整合,IND_ICT,資訊軟體與數位科技,PRIMARY,1.0,0.6667,教育部UCAN職涯就業途徑對照表：資訊工程系所核心能力對應軟體開發與資通訊技術。,MOE_UCAN_OFFICIAL_2024,v1.0
06131013,資訊工程系_資通訊國際學生產學合作專班,0043,國立勤益科技大學,UC_STEM,科學、科技、工程與數學,UC_STEM_PW02,半導體軟硬體整合,IND_SEM,半導體與綠能科技,SECONDARY,0.5,0.3333,中科半導體供應鏈IC設計與韌體工程職缺對應資工系所就業途徑。,GCIS_104_EMPIRICAL_ALIGNMENT,v1.0
06131013,資訊工程系_雙軌旗艦微科技職類,0043,國立勤益科技大學,UC_IT,資訊科技,UC_IT_PW01,軟體開發與系統整合,IND_ICT,資訊軟體與數位科技,PRIMARY,1.0,0.6667,教育部UCAN職涯就業途徑對照表：資訊工程系所核心能力對應軟體開發與資通訊技術。,MOE_UCAN_OFFICIAL_2024,v1.0
06131013,資訊工程系_雙軌旗艦微科技職類,0043,國立勤益科技大學,UC_STEM,科學、科技、工程與數學,UC_STEM_PW02,半導體軟硬體整合,IND_SEM,半導體與綠能科技,SECONDARY,0.5,0.3333,中科半導體供應鏈IC設計與韌體工程職缺對應資工系所就業途徑。,GCIS_104_EMPIRICAL_ALIGNMENT,v1.0
06131013,資訊工程系_電資研發產業碩士專班,0043,國立勤益科技大學,UC_IT,資訊科技,UC_IT_PW01,軟體開發與系統整合,IND_ICT,資訊軟體與數位科技,PRIMARY,1.0,0.6667,教育部UCAN職涯就業途徑對照表：資訊工程系所核心能力對應軟體開發與資通訊技術。,MOE_UCAN_OFFICIAL_2024,v1.0
06131013,資訊工程系_電資研發產業碩士專班,0043,國立勤益科技大學,UC_STEM,科學、科技、工程與數學,UC_STEM_PW02,半導體軟硬體整合,IND_SEM,半導體與綠能科技,SECONDARY,0.5,0.3333,中科半導體供應鏈IC設計與韌體工程職缺對應資工系所就業途徑。,GCIS_104_EMPIRICAL_ALIGNMENT,v1.0
07111020,化工與材料工程系,0043,國立勤益科技大學,UC_MGMT,企業經營管理,UC_MGMT_PW01,綜合事務與專案支援,IND_PRO_FIN,專業商管與金融服務,PRIMARY,1.0,1.0,通識與人文社會系所轉入行政管理與企業綜合服務領域。,MOE_UCAN_DEFAULT_FALLBACK,v1.0
07111020,化工與材料工程系_紡織纖維科技專班,0043,國立勤益科技大學,UC_MGMT,企業經營管理,UC_MGMT_PW01,綜合事務與專案支援,IND_PRO_FIN,專業商管與金融服務,PRIMARY,1.0,1.0,通識與人文社會系所轉入行政管理與企業綜合服務領域。,MOE_UCAN_DEFAULT_FALLBACK,v1.0
07132026,冷凍空調與能源系,0043,國立勤益科技大學,UC_MGMT,企業經營管理,UC_MGMT_PW01,綜合事務與專案支援,IND_PRO_FIN,專業商管與金融服務,PRIMARY,1.0,1.0,通識與人文社會系所轉入行政管理與企業綜合服務領域。,MOE_UCAN_DEFAULT_FALLBACK,v1.0
07132026,冷凍空調與能源系_冷凍空調能源產業專班,0043,國立勤益科技大學,UC_MGMT,企業經營管理,UC_MGMT_PW01,綜合事務與專案支援,IND_PRO_FIN,專業商管與金融服務,PRIMARY,1.0,1.0,通識與人文社會系所轉入行政管理與企業綜合服務領域。,MOE_UCAN_DEFAULT_FALLBACK,v1.0
07132026,冷凍空調與能源系_機械工程專班,0043,國立勤益科技大學,UC_MFG,製造,UC_MFG_PW01,機電自動化與機械設計,IND_MFG,智慧製造與精密機械,PRIMARY,1.0,0.6667,教育部UCAN製造學門就業途徑：精密機械與工具機設備研發製造。,MOE_UCAN_OFFICIAL_2024,v1.0
07132026,冷凍空調與能源系_機械工程專班,0043,國立勤益科技大學,UC_STEM,科學、科技、工程與數學,UC_STEM_PW01,半導體封裝與設備工程,IND_SEM,半導體與綠能科技,SECONDARY,0.5,0.3333,中科園區半導體晶圓廠廠務與設備工程師招募管道。,GCIS_104_EMPIRICAL_ALIGNMENT,v1.0
07132026,冷凍空調與能源系_綠能科技產業專班,0043,國立勤益科技大學,UC_MGMT,企業經營管理,UC_MGMT_PW01,綜合事務與專案支援,IND_PRO_FIN,專業商管與金融服務,PRIMARY,1.0,1.0,通識與人文社會系所轉入行政管理與企業綜合服務領域。,MOE_UCAN_DEFAULT_FALLBACK,v1.0
07141011,電機工程科,0043,國立勤益科技大學,UC_STEM,科學、科技、工程與數學,UC_STEM_PW01,半導體元件與光電工程,IND_SEM,半導體與綠能科技,PRIMARY,1.0,0.6667,教育部UCAN職涯途徑：半導體晶圓製造與綠能光電工程開發。,MOE_UCAN_OFFICIAL_2024,v1.0
07141011,電機工程科,0043,國立勤益科技大學,UC_MFG,製造,UC_MFG_PW02,智慧控制系統開發,IND_MFG,智慧製造與精密機械,SECONDARY,0.5,0.3333,工業自動化控制器與智慧伺服馬達驅動電路研發。,MOE_UCAN_OFFICIAL_2024,v1.0
07141011,電機工程系,0043,國立勤益科技大學,UC_STEM,科學、科技、工程與數學,UC_STEM_PW01,半導體元件與光電工程,IND_SEM,半導體與綠能科技,PRIMARY,1.0,0.6667,教育部UCAN職涯途徑：半導體晶圓製造與綠能光電工程開發。,MOE_UCAN_OFFICIAL_2024,v1.0
07141011,電機工程系,0043,國立勤益科技大學,UC_MFG,製造,UC_MFG_PW02,智慧控制系統開發,IND_MFG,智慧製造與精密機械,SECONDARY,0.5,0.3333,工業自動化控制器與智慧伺服馬達驅動電路研發。,MOE_UCAN_OFFICIAL_2024,v1.0
07141011,電機工程系_機電控制產業碩士專班,0043,國立勤益科技大學,UC_STEM,科學、科技、工程與數學,UC_STEM_PW01,半導體元件與光電工程,IND_SEM,半導體與綠能科技,PRIMARY,1.0,0.6667,教育部UCAN職涯途徑：半導體晶圓製造與綠能光電工程開發。,MOE_UCAN_OFFICIAL_2024,v1.0
07141011,電機工程系_機電控制產業碩士專班,0043,國立勤益科技大學,UC_MFG,製造,UC_MFG_PW02,智慧控制系統開發,IND_MFG,智慧製造與精密機械,SECONDARY,0.5,0.3333,工業自動化控制器與智慧伺服馬達驅動電路研發。,MOE_UCAN_OFFICIAL_2024,v1.0
07141011,電機工程系_電機工程資電國際學生產學合作專班,0043,國立勤益科技大學,UC_STEM,科學、科技、工程與數學,UC_STEM_PW01,半導體元件與光電工程,IND_SEM,半導體與綠能科技,PRIMARY,1.0,0.6667,教育部UCAN職涯途徑：半導體晶圓製造與綠能光電工程開發。,MOE_UCAN_OFFICIAL_2024,v1.0
07141011,電機工程系_電機工程資電國際學生產學合作專班,0043,國立勤益科技大學,UC_MFG,製造,UC_MFG_PW02,智慧控制系統開發,IND_MFG,智慧製造與精密機械,SECONDARY,0.5,0.3333,工業自動化控制器與智慧伺服馬達驅動電路研發。,MOE_UCAN_OFFICIAL_2024,v1.0
07141012,電子工程科,0043,國立勤益科技大學,UC_STEM,科學、科技、工程與數學,UC_STEM_PW01,半導體元件與光電工程,IND_SEM,半導體與綠能科技,PRIMARY,1.0,0.6667,教育部UCAN職涯途徑：半導體晶圓製造與綠能光電工程開發。,MOE_UCAN_OFFICIAL_2024,v1.0
07141012,電子工程科,0043,國立勤益科技大學,UC_MFG,製造,UC_MFG_PW02,智慧控制系統開發,IND_MFG,智慧製造與精密機械,SECONDARY,0.5,0.3333,工業自動化控制器與智慧伺服馬達驅動電路研發。,MOE_UCAN_OFFICIAL_2024,v1.0
07141012,電子工程系,0043,國立勤益科技大學,UC_STEM,科學、科技、工程與數學,UC_STEM_PW01,半導體元件與光電工程,IND_SEM,半導體與綠能科技,PRIMARY,1.0,0.6667,教育部UCAN職涯途徑：半導體晶圓製造與綠能光電工程開發。,MOE_UCAN_OFFICIAL_2024,v1.0
07141012,電子工程系,0043,國立勤益科技大學,UC_MFG,製造,UC_MFG_PW02,智慧控制系統開發,IND_MFG,智慧製造與精密機械,SECONDARY,0.5,0.3333,工業自動化控制器與智慧伺服馬達驅動電路研發。,MOE_UCAN_OFFICIAL_2024,v1.0
07141012,電子工程系_微電子控制專班,0043,國立勤益科技大學,UC_STEM,科學、科技、工程與數學,UC_STEM_PW01,半導體元件與光電工程,IND_SEM,半導體與綠能科技,PRIMARY,1.0,0.6667,教育部UCAN職涯途徑：半導體晶圓製造與綠能光電工程開發。,MOE_UCAN_OFFICIAL_2024,v1.0
07141012,電子工程系_微電子控制專班,0043,國立勤益科技大學,UC_MFG,製造,UC_MFG_PW02,智慧控制系統開發,IND_MFG,智慧製造與精密機械,SECONDARY,0.5,0.3333,工業自動化控制器與智慧伺服馬達驅動電路研發。,MOE_UCAN_OFFICIAL_2024,v1.0
07141035,前瞻電資科技產業博士學位學程,0043,國立勤益科技大學,UC_MGMT,企業經營管理,UC_MGMT_PW01,綜合事務與專案支援,IND_PRO_FIN,專業商管與金融服務,PRIMARY,1.0,1.0,通識與人文社會系所轉入行政管理與企業綜合服務領域。,MOE_UCAN_DEFAULT_FALLBACK,v1.0
07151016,機械工程科,0043,國立勤益科技大學,UC_MFG,製造,UC_MFG_PW01,機電自動化與機械設計,IND_MFG,智慧製造與精密機械,PRIMARY,1.0,0.6667,教育部UCAN製造學門就業途徑：精密機械與工具機設備研發製造。,MOE_UCAN_OFFICIAL_2024,v1.0
07151016,機械工程科,0043,國立勤益科技大學,UC_STEM,科學、科技、工程與數學,UC_STEM_PW01,半導體封裝與設備工程,IND_SEM,半導體與綠能科技,SECONDARY,0.5,0.3333,中科園區半導體晶圓廠廠務與設備工程師招募管道。,GCIS_104_EMPIRICAL_ALIGNMENT,v1.0
07151016,機械工程系,0043,國立勤益科技大學,UC_MFG,製造,UC_MFG_PW01,機電自動化與機械設計,IND_MFG,智慧製造與精密機械,PRIMARY,1.0,0.6667,教育部UCAN製造學門就業途徑：精密機械與工具機設備研發製造。,MOE_UCAN_OFFICIAL_2024,v1.0
07151016,機械工程系,0043,國立勤益科技大學,UC_STEM,科學、科技、工程與數學,UC_STEM_PW01,半導體封裝與設備工程,IND_SEM,半導體與綠能科技,SECONDARY,0.5,0.3333,中科園區半導體晶圓廠廠務與設備工程師招募管道。,GCIS_104_EMPIRICAL_ALIGNMENT,v1.0
07151016,機械工程系_智慧機械應用專班,0043,國立勤益科技大學,UC_MFG,製造,UC_MFG_PW01,機電自動化與機械設計,IND_MFG,智慧製造與精密機械,PRIMARY,1.0,0.6667,教育部UCAN製造學門就業途徑：精密機械與工具機設備研發製造。,MOE_UCAN_OFFICIAL_2024,v1.0
07151016,機械工程系_智慧機械應用專班,0043,國立勤益科技大學,UC_STEM,科學、科技、工程與數學,UC_STEM_PW01,半導體封裝與設備工程,IND_SEM,半導體與綠能科技,SECONDARY,0.5,0.3333,中科園區半導體晶圓廠廠務與設備工程師招募管道。,GCIS_104_EMPIRICAL_ALIGNMENT,v1.0
07151016,機械工程系_水五金智慧製造專班,0043,國立勤益科技大學,UC_MFG,製造,UC_MFG_PW01,機電自動化與機械設計,IND_MFG,智慧製造與精密機械,PRIMARY,1.0,0.6667,教育部UCAN製造學門就業途徑：精密機械與工具機設備研發製造。,MOE_UCAN_OFFICIAL_2024,v1.0
07151016,機械工程系_水五金智慧製造專班,0043,國立勤益科技大學,UC_STEM,科學、科技、工程與數學,UC_STEM_PW01,半導體封裝與設備工程,IND_SEM,半導體與綠能科技,SECONDARY,0.5,0.3333,中科園區半導體晶圓廠廠務與設備工程師招募管道。,GCIS_104_EMPIRICAL_ALIGNMENT,v1.0
07151016,機械工程系_精密機械國際學生產學合作專班,0043,國立勤益科技大學,UC_MFG,製造,UC_MFG_PW01,機電自動化與機械設計,IND_MFG,智慧製造與精密機械,PRIMARY,1.0,0.6667,教育部UCAN製造學門就業途徑：精密機械與工具機設備研發製造。,MOE_UCAN_OFFICIAL_2024,v1.0
07151016,機械工程系_精密機械國際學生產學合作專班,0043,國立勤益科技大學,UC_STEM,科學、科技、工程與數學,UC_STEM_PW01,半導體封裝與設備工程,IND_SEM,半導體與綠能科技,SECONDARY,0.5,0.3333,中科園區半導體晶圓廠廠務與設備工程師招募管道。,GCIS_104_EMPIRICAL_ALIGNMENT,v1.0
07151016,機械工程系_精密機械產業專班,0043,國立勤益科技大學,UC_MFG,製造,UC_MFG_PW01,機電自動化與機械設計,IND_MFG,智慧製造與精密機械,PRIMARY,1.0,0.6667,教育部UCAN製造學門就業途徑：精密機械與工具機設備研發製造。,MOE_UCAN_OFFICIAL_2024,v1.0
07151016,機械工程系_精密機械產業專班,0043,國立勤益科技大學,UC_STEM,科學、科技、工程與數學,UC_STEM_PW01,半導體封裝與設備工程,IND_SEM,半導體與綠能科技,SECONDARY,0.5,0.3333,中科園區半導體晶圓廠廠務與設備工程師招募管道。,GCIS_104_EMPIRICAL_ALIGNMENT,v1.0
07151016,機械工程系_精密機械產業碩士專班,0043,國立勤益科技大學,UC_MFG,製造,UC_MFG_PW01,機電自動化與機械設計,IND_MFG,智慧製造與精密機械,PRIMARY,1.0,0.6667,教育部UCAN製造學門就業途徑：精密機械與工具機設備研發製造。,MOE_UCAN_OFFICIAL_2024,v1.0
07151016,機械工程系_精密機械產業碩士專班,0043,國立勤益科技大學,UC_STEM,科學、科技、工程與數學,UC_STEM_PW01,半導體封裝與設備工程,IND_SEM,半導體與綠能科技,SECONDARY,0.5,0.3333,中科園區半導體晶圓廠廠務與設備工程師招募管道。,GCIS_104_EMPIRICAL_ALIGNMENT,v1.0
07151016,機械工程系_雙軌旗艦機電整合職類,0043,國立勤益科技大學,UC_MFG,製造,UC_MFG_PW01,機電自動化與機械設計,IND_MFG,智慧製造與精密機械,PRIMARY,1.0,0.6667,教育部UCAN製造學門就業途徑：精密機械與工具機設備研發製造。,MOE_UCAN_OFFICIAL_2024,v1.0
07151016,機械工程系_雙軌旗艦機電整合職類,0043,國立勤益科技大學,UC_STEM,科學、科技、工程與數學,UC_STEM_PW01,半導體封裝與設備工程,IND_SEM,半導體與綠能科技,SECONDARY,0.5,0.3333,中科園區半導體晶圓廠廠務與設備工程師招募管道。,GCIS_104_EMPIRICAL_ALIGNMENT,v1.0
07151034,智慧機械與智慧製造產業博士學位學程,0043,國立勤益科技大學,UC_MFG,製造,UC_MFG_PW01,機電自動化與機械設計,IND_MFG,智慧製造與精密機械,PRIMARY,1.0,0.6667,教育部UCAN製造學門就業途徑：精密機械與工具機設備研發製造。,MOE_UCAN_OFFICIAL_2024,v1.0
07151034,智慧機械與智慧製造產業博士學位學程,0043,國立勤益科技大學,UC_STEM,科學、科技、工程與數學,UC_STEM_PW01,半導體封裝與設備工程,IND_SEM,半導體與綠能科技,SECONDARY,0.5,0.3333,中科園區半導體晶圓廠廠務與設備工程師招募管道。,GCIS_104_EMPIRICAL_ALIGNMENT,v1.0
07191022,工業工程與工程管理系_精實創新研發與管理產業碩士專班,0043,國立勤益科技大學,UC_MFG,製造,UC_MFG_PW01,機電自動化與機械設計,IND_MFG,智慧製造與精密機械,PRIMARY,1.0,0.6667,教育部UCAN製造學門就業途徑：精密機械與工具機設備研發製造。,MOE_UCAN_OFFICIAL_2024,v1.0
07191022,工業工程與工程管理系_精實創新研發與管理產業碩士專班,0043,國立勤益科技大學,UC_STEM,科學、科技、工程與數學,UC_STEM_PW01,半導體封裝與設備工程,IND_SEM,半導體與綠能科技,SECONDARY,0.5,0.3333,中科園區半導體晶圓廠廠務與設備工程師招募管道。,GCIS_104_EMPIRICAL_ALIGNMENT,v1.0
07191022,工業工程與管理科,0043,國立勤益科技大學,UC_MFG,製造,UC_MFG_PW01,機電自動化與機械設計,IND_MFG,智慧製造與精密機械,PRIMARY,1.0,0.6667,教育部UCAN製造學門就業途徑：精密機械與工具機設備研發製造。,MOE_UCAN_OFFICIAL_2024,v1.0
07191022,工業工程與管理科,0043,國立勤益科技大學,UC_STEM,科學、科技、工程與數學,UC_STEM_PW01,半導體封裝與設備工程,IND_SEM,半導體與綠能科技,SECONDARY,0.5,0.3333,中科園區半導體晶圓廠廠務與設備工程師招募管道。,GCIS_104_EMPIRICAL_ALIGNMENT,v1.0
07191022,工業工程與管理系,0043,國立勤益科技大學,UC_MFG,製造,UC_MFG_PW01,機電自動化與機械設計,IND_MFG,智慧製造與精密機械,PRIMARY,1.0,0.6667,教育部UCAN製造學門就業途徑：精密機械與工具機設備研發製造。,MOE_UCAN_OFFICIAL_2024,v1.0
07191022,工業工程與管理系,0043,國立勤益科技大學,UC_STEM,科學、科技、工程與數學,UC_STEM_PW01,半導體封裝與設備工程,IND_SEM,半導體與綠能科技,SECONDARY,0.5,0.3333,中科園區半導體晶圓廠廠務與設備工程師招募管道。,GCIS_104_EMPIRICAL_ALIGNMENT,v1.0
07191022,工業工程與管理系_智慧製造精實管理產業碩士專班,0043,國立勤益科技大學,UC_MFG,製造,UC_MFG_PW01,機電自動化與機械設計,IND_MFG,智慧製造與精密機械,PRIMARY,1.0,0.6667,教育部UCAN製造學門就業途徑：精密機械與工具機設備研發製造。,MOE_UCAN_OFFICIAL_2024,v1.0
07191022,工業工程與管理系_智慧製造精實管理產業碩士專班,0043,國立勤益科技大學,UC_STEM,科學、科技、工程與數學,UC_STEM_PW01,半導體封裝與設備工程,IND_SEM,半導體與綠能科技,SECONDARY,0.5,0.3333,中科園區半導體晶圓廠廠務與設備工程師招募管道。,GCIS_104_EMPIRICAL_ALIGNMENT,v1.0
07191022,工業工程與管理系_生產製造與管理專班,0043,國立勤益科技大學,UC_MFG,製造,UC_MFG_PW01,機電自動化與機械設計,IND_MFG,智慧製造與精密機械,PRIMARY,1.0,0.6667,教育部UCAN製造學門就業途徑：精密機械與工具機設備研發製造。,MOE_UCAN_OFFICIAL_2024,v1.0
07191022,工業工程與管理系_生產製造與管理專班,0043,國立勤益科技大學,UC_STEM,科學、科技、工程與數學,UC_STEM_PW01,半導體封裝與設備工程,IND_SEM,半導體與綠能科技,SECONDARY,0.5,0.3333,中科園區半導體晶圓廠廠務與設備工程師招募管道。,GCIS_104_EMPIRICAL_ALIGNMENT,v1.0
07194024,精密製造科技研究所,0043,國立勤益科技大學,UC_MGMT,企業經營管理,UC_MGMT_PW01,綜合事務與專案支援,IND_PRO_FIN,專業商管與金融服務,PRIMARY,1.0,1.0,通識與人文社會系所轉入行政管理與企業綜合服務領域。,MOE_UCAN_DEFAULT_FALLBACK,v1.0
07312029,景觀科,0043,國立勤益科技大學,UC_MGMT,企業經營管理,UC_MGMT_PW01,綜合事務與專案支援,IND_PRO_FIN,專業商管與金融服務,PRIMARY,1.0,1.0,通識與人文社會系所轉入行政管理與企業綜合服務領域。,MOE_UCAN_DEFAULT_FALLBACK,v1.0
07312029,景觀系,0043,國立勤益科技大學,UC_MGMT,企業經營管理,UC_MGMT_PW01,綜合事務與專案支援,IND_PRO_FIN,專業商管與金融服務,PRIMARY,1.0,1.0,通識與人文社會系所轉入行政管理與企業綜合服務領域。,MOE_UCAN_DEFAULT_FALLBACK,v1.0
10152032,休閒產業管理系,0043,國立勤益科技大學,UC_MGMT,企業經營管理,UC_MGMT_PW01,綜合事務與專案支援,IND_PRO_FIN,專業商管與金融服務,PRIMARY,1.0,1.0,通識與人文社會系所轉入行政管理與企業綜合服務領域。,MOE_UCAN_DEFAULT_FALLBACK,v1.0
10152032,休閒產業管理系_雙軌旗艦工商管理專班,0043,國立勤益科技大學,UC_MGMT,企業經營管理,UC_MGMT_PW01,營運管理與決策分析,IND_PRO_FIN,專業商管與金融服務,PRIMARY,1.0,0.5,企管系核心訓練：企業經營策略與管理顧問職位。,MOE_UCAN_OFFICIAL_2024,v1.0
10152032,休閒產業管理系_雙軌旗艦工商管理專班,0043,國立勤益科技大學,UC_TRANS,運輸、物流與配銷,UC_TRANS_PW01,供應鏈管理,IND_TRADE_LOG,國際貿易與現代物流,SECONDARY,0.5,0.25,企管系流向：外銷製造業與物流供應鏈協調專員。,MOE_UCAN_OFFICIAL_2024,v1.0
10152032,休閒產業管理系_雙軌旗艦工商管理專班,0043,國立勤益科技大學,UC_MFG,製造,UC_MFG_PW03,製造業生管與品保,IND_MFG,智慧製造與精密機械,SECONDARY,0.5,0.25,中彰投製造業生管、專案經理與行政管理人才流向。,GCIS_104_EMPIRICAL_ALIGNMENT,v1.0
10152032,休閒產業管理系_雙軌旗艦餐飲門市管理職類,0043,國立勤益科技大學,UC_MGMT,企業經營管理,UC_MGMT_PW01,綜合事務與專案支援,IND_PRO_FIN,專業商管與金融服務,PRIMARY,1.0,1.0,通識與人文社會系所轉入行政管理與企業綜合服務領域。,MOE_UCAN_DEFAULT_FALLBACK,v1.0
10152032,休閒產業管理系碩士班,0043,國立勤益科技大學,UC_MGMT,企業經營管理,UC_MGMT_PW01,綜合事務與專案支援,IND_PRO_FIN,專業商管與金融服務,PRIMARY,1.0,1.0,通識與人文社會系所轉入行政管理與企業綜合服務領域。,MOE_UCAN_DEFAULT_FALLBACK,v1.0
02112005,多媒體設計系,0050,國立臺中科技大學,UC_IT,資訊科技,UC_IT_PW01,軟體開發與系統整合,IND_ICT,資訊軟體與數位科技,PRIMARY,1.0,0.6667,教育部UCAN職涯就業途徑對照表：資訊工程系所核心能力對應軟體開發與資通訊技術。,MOE_UCAN_OFFICIAL_2024,v1.0
02112005,多媒體設計系,0050,國立臺中科技大學,UC_STEM,科學、科技、工程與數學,UC_STEM_PW02,半導體軟硬體整合,IND_SEM,半導體與綠能科技,SECONDARY,0.5,0.3333,中科半導體供應鏈IC設計與韌體工程職缺對應資工系所就業途徑。,GCIS_104_EMPIRICAL_ALIGNMENT,v1.0
02123006,商業設計科,0050,國立臺中科技大學,UC_TOUR,休閒與觀光旅遊,UC_TOUR_PW01,觀光餐旅與文創展演,IND_TOUR_CULT,數位文創與觀光休閒,PRIMARY,1.0,0.6667,教育部UCAN職涯途徑：數位媒體設計、視覺行銷與文創會展休閒經營。,MOE_UCAN_OFFICIAL_2024,v1.0
02123006,商業設計科,0050,國立臺中科技大學,UC_IT,資訊科技,UC_IT_PW02,UI/UX 人機互動設計,IND_ICT,資訊軟體與數位科技,SECONDARY,0.5,0.3333,軟體科技業 UI/UX 視覺設計師與互動前端專長流向。,GCIS_104_EMPIRICAL_ALIGNMENT,v1.0
02123006,商業設計系,0050,國立臺中科技大學,UC_TOUR,休閒與觀光旅遊,UC_TOUR_PW01,觀光餐旅與文創展演,IND_TOUR_CULT,數位文創與觀光休閒,PRIMARY,1.0,0.6667,教育部UCAN職涯途徑：數位媒體設計、視覺行銷與文創會展休閒經營。,MOE_UCAN_OFFICIAL_2024,v1.0
02123006,商業設計系,0050,國立臺中科技大學,UC_IT,資訊科技,UC_IT_PW02,UI/UX 人機互動設計,IND_ICT,資訊軟體與數位科技,SECONDARY,0.5,0.3333,軟體科技業 UI/UX 視覺設計師與互動前端專長流向。,GCIS_104_EMPIRICAL_ALIGNMENT,v1.0
02123007,創意商品設計系,0050,國立臺中科技大學,UC_MGMT,企業經營管理,UC_MGMT_PW01,綜合事務與專案支援,IND_PRO_FIN,專業商管與金融服務,PRIMARY,1.0,1.0,通識與人文社會系所轉入行政管理與企業綜合服務領域。,MOE_UCAN_DEFAULT_FALLBACK,v1.0
02123007,創意商品設計菁英班,0050,國立臺中科技大學,UC_MGMT,企業經營管理,UC_MGMT_PW01,綜合事務與專案支援,IND_PRO_FIN,專業商管與金融服務,PRIMARY,1.0,1.0,通識與人文社會系所轉入行政管理與企業綜合服務領域。,MOE_UCAN_DEFAULT_FALLBACK,v1.0
02124008,室內設計系,0050,國立臺中科技大學,UC_MGMT,企業經營管理,UC_MGMT_PW01,綜合事務與專案支援,IND_PRO_FIN,專業商管與金融服務,PRIMARY,1.0,1.0,通識與人文社會系所轉入行政管理與企業綜合服務領域。,MOE_UCAN_DEFAULT_FALLBACK,v1.0
02311003,應用英語科,0050,國立臺中科技大學,UC_MGMT,企業經營管理,UC_MGMT_PW01,綜合事務與專案支援,IND_PRO_FIN,專業商管與金融服務,PRIMARY,1.0,1.0,通識與人文社會系所轉入行政管理與企業綜合服務領域。,MOE_UCAN_DEFAULT_FALLBACK,v1.0
02311003,應用英語系,0050,國立臺中科技大學,UC_MGMT,企業經營管理,UC_MGMT_PW01,綜合事務與專案支援,IND_PRO_FIN,專業商管與金融服務,PRIMARY,1.0,1.0,通識與人文社會系所轉入行政管理與企業綜合服務領域。,MOE_UCAN_DEFAULT_FALLBACK,v1.0
02311004,應用日語科,0050,國立臺中科技大學,UC_MGMT,企業經營管理,UC_MGMT_PW01,綜合事務與專案支援,IND_PRO_FIN,專業商管與金融服務,PRIMARY,1.0,1.0,通識與人文社會系所轉入行政管理與企業綜合服務領域。,MOE_UCAN_DEFAULT_FALLBACK,v1.0
02311004,應用日語系,0050,國立臺中科技大學,UC_MGMT,企業經營管理,UC_MGMT_PW01,綜合事務與專案支援,IND_PRO_FIN,專業商管與金融服務,PRIMARY,1.0,1.0,通識與人文社會系所轉入行政管理與企業綜合服務領域。,MOE_UCAN_DEFAULT_FALLBACK,v1.0
02311004,應用日語系日本市場暨商務策略碩士班,0050,國立臺中科技大學,UC_MGMT,企業經營管理,UC_MGMT_PW01,綜合事務與專案支援,IND_PRO_FIN,專業商管與金融服務,PRIMARY,1.0,1.0,通識與人文社會系所轉入行政管理與企業綜合服務領域。,MOE_UCAN_DEFAULT_FALLBACK,v1.0
02322001,應用中文系,0050,國立臺中科技大學,UC_MGMT,企業經營管理,UC_MGMT_PW01,綜合事務與專案支援,IND_PRO_FIN,專業商管與金融服務,PRIMARY,1.0,1.0,通識與人文社會系所轉入行政管理與企業綜合服務領域。,MOE_UCAN_DEFAULT_FALLBACK,v1.0
04111012,會計資訊科,0050,國立臺中科技大學,UC_FIN,金融保險,UC_FIN_PW01,會計審計與專業財務顧問,IND_PRO_FIN,專業商管與金融服務,PRIMARY,1.0,0.6667,教育部UCAN職涯途徑：會計師事務所審計查核、金融機構企業放款與財務分析。,MOE_UCAN_OFFICIAL_2024,v1.0
04111012,會計資訊科,0050,國立臺中科技大學,UC_TRANS,運輸、物流與配銷,UC_TRANS_PW02,國際貿易成本精算,IND_TRADE_LOG,國際貿易與現代物流,SECONDARY,0.5,0.3333,跨國貿易保險、海關報關與保稅成本核算實證。,GCIS_104_EMPIRICAL_ALIGNMENT,v1.0
04111012,會計資訊系,0050,國立臺中科技大學,UC_FIN,金融保險,UC_FIN_PW01,會計審計與專業財務顧問,IND_PRO_FIN,專業商管與金融服務,PRIMARY,1.0,0.6667,教育部UCAN職涯途徑：會計師事務所審計查核、金融機構企業放款與財務分析。,MOE_UCAN_OFFICIAL_2024,v1.0
04111012,會計資訊系,0050,國立臺中科技大學,UC_TRANS,運輸、物流與配銷,UC_TRANS_PW02,國際貿易成本精算,IND_TRADE_LOG,國際貿易與現代物流,SECONDARY,0.5,0.3333,跨國貿易保險、海關報關與保稅成本核算實證。,GCIS_104_EMPIRICAL_ALIGNMENT,v1.0
04121021,財務金融科,0050,國立臺中科技大學,UC_FIN,金融保險,UC_FIN_PW01,會計審計與專業財務顧問,IND_PRO_FIN,專業商管與金融服務,PRIMARY,1.0,0.6667,教育部UCAN職涯途徑：會計師事務所審計查核、金融機構企業放款與財務分析。,MOE_UCAN_OFFICIAL_2024,v1.0
04121021,財務金融科,0050,國立臺中科技大學,UC_TRANS,運輸、物流與配銷,UC_TRANS_PW02,國際貿易成本精算,IND_TRADE_LOG,國際貿易與現代物流,SECONDARY,0.5,0.3333,跨國貿易保險、海關報關與保稅成本核算實證。,GCIS_104_EMPIRICAL_ALIGNMENT,v1.0
04121021,財務金融系,0050,國立臺中科技大學,UC_FIN,金融保險,UC_FIN_PW01,會計審計與專業財務顧問,IND_PRO_FIN,專業商管與金融服務,PRIMARY,1.0,0.6667,教育部UCAN職涯途徑：會計師事務所審計查核、金融機構企業放款與財務分析。,MOE_UCAN_OFFICIAL_2024,v1.0
04121021,財務金融系,0050,國立臺中科技大學,UC_TRANS,運輸、物流與配銷,UC_TRANS_PW02,國際貿易成本精算,IND_TRADE_LOG,國際貿易與現代物流,SECONDARY,0.5,0.3333,跨國貿易保險、海關報關與保稅成本核算實證。,GCIS_104_EMPIRICAL_ALIGNMENT,v1.0
04122028,財政稅務系,0050,國立臺中科技大學,UC_MGMT,企業經營管理,UC_MGMT_PW01,綜合事務與專案支援,IND_PRO_FIN,專業商管與金融服務,PRIMARY,1.0,1.0,通識與人文社會系所轉入行政管理與企業綜合服務領域。,MOE_UCAN_DEFAULT_FALLBACK,v1.0
04122028,財政稅務系租稅管理與理財規劃碩士班,0050,國立臺中科技大學,UC_MGMT,企業經營管理,UC_MGMT_PW01,綜合事務與專案支援,IND_PRO_FIN,專業商管與金融服務,PRIMARY,1.0,1.0,通識與人文社會系所轉入行政管理與企業綜合服務領域。,MOE_UCAN_DEFAULT_FALLBACK,v1.0
04123027,保險金融管理科,0050,國立臺中科技大學,UC_MGMT,企業經營管理,UC_MGMT_PW01,綜合事務與專案支援,IND_PRO_FIN,專業商管與金融服務,PRIMARY,1.0,1.0,通識與人文社會系所轉入行政管理與企業綜合服務領域。,MOE_UCAN_DEFAULT_FALLBACK,v1.0
04123027,保險金融管理系,0050,國立臺中科技大學,UC_MGMT,企業經營管理,UC_MGMT_PW01,綜合事務與專案支援,IND_PRO_FIN,專業商管與金融服務,PRIMARY,1.0,1.0,通識與人文社會系所轉入行政管理與企業綜合服務領域。,MOE_UCAN_DEFAULT_FALLBACK,v1.0
04131015,企業管理科,0050,國立臺中科技大學,UC_MGMT,企業經營管理,UC_MGMT_PW01,營運管理與決策分析,IND_PRO_FIN,專業商管與金融服務,PRIMARY,1.0,0.5,企管系核心訓練：企業經營策略與管理顧問職位。,MOE_UCAN_OFFICIAL_2024,v1.0
04131015,企業管理科,0050,國立臺中科技大學,UC_TRANS,運輸、物流與配銷,UC_TRANS_PW01,供應鏈管理,IND_TRADE_LOG,國際貿易與現代物流,SECONDARY,0.5,0.25,企管系流向：外銷製造業與物流供應鏈協調專員。,MOE_UCAN_OFFICIAL_2024,v1.0
04131015,企業管理科,0050,國立臺中科技大學,UC_MFG,製造,UC_MFG_PW03,製造業生管與品保,IND_MFG,智慧製造與精密機械,SECONDARY,0.5,0.25,中彰投製造業生管、專案經理與行政管理人才流向。,GCIS_104_EMPIRICAL_ALIGNMENT,v1.0
04131015,企業管理系,0050,國立臺中科技大學,UC_MGMT,企業經營管理,UC_MGMT_PW01,營運管理與決策分析,IND_PRO_FIN,專業商管與金融服務,PRIMARY,1.0,0.5,企管系核心訓練：企業經營策略與管理顧問職位。,MOE_UCAN_OFFICIAL_2024,v1.0
04131015,企業管理系,0050,國立臺中科技大學,UC_TRANS,運輸、物流與配銷,UC_TRANS_PW01,供應鏈管理,IND_TRADE_LOG,國際貿易與現代物流,SECONDARY,0.5,0.25,企管系流向：外銷製造業與物流供應鏈協調專員。,MOE_UCAN_OFFICIAL_2024,v1.0
04131015,企業管理系,0050,國立臺中科技大學,UC_MFG,製造,UC_MFG_PW03,製造業生管與品保,IND_MFG,智慧製造與精密機械,SECONDARY,0.5,0.25,中彰投製造業生管、專案經理與行政管理人才流向。,GCIS_104_EMPIRICAL_ALIGNMENT,v1.0
04131015,企業管理系_經營管理專班,0050,國立臺中科技大學,UC_MGMT,企業經營管理,UC_MGMT_PW01,營運管理與決策分析,IND_PRO_FIN,專業商管與金融服務,PRIMARY,1.0,0.5,企管系核心訓練：企業經營策略與管理顧問職位。,MOE_UCAN_OFFICIAL_2024,v1.0
04131015,企業管理系_經營管理專班,0050,國立臺中科技大學,UC_TRANS,運輸、物流與配銷,UC_TRANS_PW01,供應鏈管理,IND_TRADE_LOG,國際貿易與現代物流,SECONDARY,0.5,0.25,企管系流向：外銷製造業與物流供應鏈協調專員。,MOE_UCAN_OFFICIAL_2024,v1.0
04131015,企業管理系_經營管理專班,0050,國立臺中科技大學,UC_MFG,製造,UC_MFG_PW03,製造業生管與品保,IND_MFG,智慧製造與精密機械,SECONDARY,0.5,0.25,中彰投製造業生管、專案經理與行政管理人才流向。,GCIS_104_EMPIRICAL_ALIGNMENT,v1.0
04132029,流通管理系,0050,國立臺中科技大學,UC_MGMT,企業經營管理,UC_MGMT_PW01,綜合事務與專案支援,IND_PRO_FIN,專業商管與金融服務,PRIMARY,1.0,1.0,通識與人文社會系所轉入行政管理與企業綜合服務領域。,MOE_UCAN_DEFAULT_FALLBACK,v1.0
04141020,國際貿易與經營科,0050,國立臺中科技大學,UC_TRANS,運輸、物流與配銷,UC_TRANS_PW01,國際運籌與供應鏈管理,IND_TRADE_LOG,國際貿易與現代物流,PRIMARY,1.0,0.6667,教育部UCAN途徑：台中港自由貿易港區、海運承攬與跨境電商貿易實務。,MOE_UCAN_OFFICIAL_2024,v1.0
04141020,國際貿易與經營科,0050,國立臺中科技大學,UC_FIN,金融保險,UC_FIN_PW02,貿易融資與外匯風險管理,IND_PRO_FIN,專業商管與金融服務,SECONDARY,0.5,0.3333,外銷企業信用狀、外幣避險與跨境金融投資顧問職務。,GCIS_104_EMPIRICAL_ALIGNMENT,v1.0
04141020,國際貿易與經營系,0050,國立臺中科技大學,UC_TRANS,運輸、物流與配銷,UC_TRANS_PW01,國際運籌與供應鏈管理,IND_TRADE_LOG,國際貿易與現代物流,PRIMARY,1.0,0.6667,教育部UCAN途徑：台中港自由貿易港區、海運承攬與跨境電商貿易實務。,MOE_UCAN_OFFICIAL_2024,v1.0
04141020,國際貿易與經營系,0050,國立臺中科技大學,UC_FIN,金融保險,UC_FIN_PW02,貿易融資與外匯風險管理,IND_PRO_FIN,專業商管與金融服務,SECONDARY,0.5,0.3333,外銷企業信用狀、外幣避險與跨境金融投資顧問職務。,GCIS_104_EMPIRICAL_ALIGNMENT,v1.0
04191009,商業經營科,0050,國立臺中科技大學,UC_MGMT,企業經營管理,UC_MGMT_PW01,綜合事務與專案支援,IND_PRO_FIN,專業商管與金融服務,PRIMARY,1.0,1.0,通識與人文社會系所轉入行政管理與企業綜合服務領域。,MOE_UCAN_DEFAULT_FALLBACK,v1.0
04191009,商業經營系,0050,國立臺中科技大學,UC_MGMT,企業經營管理,UC_MGMT_PW01,綜合事務與專案支援,IND_PRO_FIN,專業商管與金融服務,PRIMARY,1.0,1.0,通識與人文社會系所轉入行政管理與企業綜合服務領域。,MOE_UCAN_DEFAULT_FALLBACK,v1.0
05421032,應用統計系,0050,國立臺中科技大學,UC_FIN,金融保險,UC_FIN_PW01,會計審計與專業財務顧問,IND_PRO_FIN,專業商管與金融服務,PRIMARY,1.0,0.6667,教育部UCAN職涯途徑：會計師事務所審計查核、金融機構企業放款與財務分析。,MOE_UCAN_OFFICIAL_2024,v1.0
05421032,應用統計系,0050,國立臺中科技大學,UC_TRANS,運輸、物流與配銷,UC_TRANS_PW02,國際貿易成本精算,IND_TRADE_LOG,國際貿易與現代物流,SECONDARY,0.5,0.3333,跨國貿易保險、海關報關與保稅成本核算實證。,GCIS_104_EMPIRICAL_ALIGNMENT,v1.0
06131033,資訊管理科,0050,國立臺中科技大學,UC_MGMT,企業經營管理,UC_MGMT_PW01,綜合事務與專案支援,IND_PRO_FIN,專業商管與金融服務,PRIMARY,1.0,1.0,通識與人文社會系所轉入行政管理與企業綜合服務領域。,MOE_UCAN_DEFAULT_FALLBACK,v1.0
06131033,資訊管理系,0050,國立臺中科技大學,UC_MGMT,企業經營管理,UC_MGMT_PW01,綜合事務與專案支援,IND_PRO_FIN,專業商管與金融服務,PRIMARY,1.0,1.0,通識與人文社會系所轉入行政管理與企業綜合服務領域。,MOE_UCAN_DEFAULT_FALLBACK,v1.0
06131033,資訊管理系_資訊應用菁英班,0050,國立臺中科技大學,UC_MGMT,企業經營管理,UC_MGMT_PW01,綜合事務與專案支援,IND_PRO_FIN,專業商管與金融服務,PRIMARY,1.0,1.0,通識與人文社會系所轉入行政管理與企業綜合服務領域。,MOE_UCAN_DEFAULT_FALLBACK,v1.0
07141036,資訊工程科,0050,國立臺中科技大學,UC_IT,資訊科技,UC_IT_PW01,軟體開發與系統整合,IND_ICT,資訊軟體與數位科技,PRIMARY,1.0,0.6667,教育部UCAN職涯就業途徑對照表：資訊工程系所核心能力對應軟體開發與資通訊技術。,MOE_UCAN_OFFICIAL_2024,v1.0
07141036,資訊工程科,0050,國立臺中科技大學,UC_STEM,科學、科技、工程與數學,UC_STEM_PW02,半導體軟硬體整合,IND_SEM,半導體與綠能科技,SECONDARY,0.5,0.3333,中科半導體供應鏈IC設計與韌體工程職缺對應資工系所就業途徑。,GCIS_104_EMPIRICAL_ALIGNMENT,v1.0
07141036,資訊工程系,0050,國立臺中科技大學,UC_IT,資訊科技,UC_IT_PW01,軟體開發與系統整合,IND_ICT,資訊軟體與數位科技,PRIMARY,1.0,0.6667,教育部UCAN職涯就業途徑對照表：資訊工程系所核心能力對應軟體開發與資通訊技術。,MOE_UCAN_OFFICIAL_2024,v1.0
07141036,資訊工程系,0050,國立臺中科技大學,UC_STEM,科學、科技、工程與數學,UC_STEM_PW02,半導體軟硬體整合,IND_SEM,半導體與綠能科技,SECONDARY,0.5,0.3333,中科半導體供應鏈IC設計與韌體工程職缺對應資工系所就業途徑。,GCIS_104_EMPIRICAL_ALIGNMENT,v1.0
09131037,護理科,0050,國立臺中科技大學,UC_HEALTH,醫療保健,UC_HEALTH_PW01,生醫研發與健康照護,IND_BIOMED,生技醫療與精準健康,PRIMARY,1.0,0.6667,教育部UCAN職涯途徑：臨床醫學、生技製藥檢驗與醫療儀器研發。,MOE_UCAN_OFFICIAL_2024,v1.0
09131037,護理科,0050,國立臺中科技大學,UC_IT,資訊科技,UC_IT_PW03,智慧醫療資訊系統,IND_ICT,資訊軟體與數位科技,SECONDARY,0.5,0.3333,智慧醫療、穿戴裝置生醫信號處理跨域就業途徑。,MOE_UCAN_OFFICIAL_2024,v1.0
09131037,護理系,0050,國立臺中科技大學,UC_HEALTH,醫療保健,UC_HEALTH_PW01,生醫研發與健康照護,IND_BIOMED,生技醫療與精準健康,PRIMARY,1.0,0.6667,教育部UCAN職涯途徑：臨床醫學、生技製藥檢驗與醫療儀器研發。,MOE_UCAN_OFFICIAL_2024,v1.0
09131037,護理系,0050,國立臺中科技大學,UC_IT,資訊科技,UC_IT_PW03,智慧醫療資訊系統,IND_ICT,資訊軟體與數位科技,SECONDARY,0.5,0.3333,智慧醫療、穿戴裝置生醫信號處理跨域就業途徑。,MOE_UCAN_OFFICIAL_2024,v1.0
09211038,老人服務事業管理系,0050,國立臺中科技大學,UC_MGMT,企業經營管理,UC_MGMT_PW01,綜合事務與專案支援,IND_PRO_FIN,專業商管與金融服務,PRIMARY,1.0,1.0,通識與人文社會系所轉入行政管理與企業綜合服務領域。,MOE_UCAN_DEFAULT_FALLBACK,v1.0
10121040,美容科,0050,國立臺中科技大學,UC_MGMT,企業經營管理,UC_MGMT_PW01,綜合事務與專案支援,IND_PRO_FIN,專業商管與金融服務,PRIMARY,1.0,1.0,通識與人文社會系所轉入行政管理與企業綜合服務領域。,MOE_UCAN_DEFAULT_FALLBACK,v1.0
10121040,美容系,0050,國立臺中科技大學,UC_MGMT,企業經營管理,UC_MGMT_PW01,綜合事務與專案支援,IND_PRO_FIN,專業商管與金融服務,PRIMARY,1.0,1.0,通識與人文社會系所轉入行政管理與企業綜合服務領域。,MOE_UCAN_DEFAULT_FALLBACK,v1.0
10121040,美容系_美容技優領航專班,0050,國立臺中科技大學,UC_MGMT,企業經營管理,UC_MGMT_PW01,綜合事務與專案支援,IND_PRO_FIN,專業商管與金融服務,PRIMARY,1.0,1.0,通識與人文社會系所轉入行政管理與企業綜合服務領域。,MOE_UCAN_DEFAULT_FALLBACK,v1.0
10121040,美容系碩士班,0050,國立臺中科技大學,UC_MGMT,企業經營管理,UC_MGMT_PW01,綜合事務與專案支援,IND_PRO_FIN,專業商管與金融服務,PRIMARY,1.0,1.0,通識與人文社會系所轉入行政管理與企業綜合服務領域。,MOE_UCAN_DEFAULT_FALLBACK,v1.0
10151039,休閒事業經營系,0050,國立臺中科技大學,UC_MGMT,企業經營管理,UC_MGMT_PW01,營運管理與決策分析,IND_PRO_FIN,專業商管與金融服務,PRIMARY,1.0,0.5,企管系核心訓練：企業經營策略與管理顧問職位。,MOE_UCAN_OFFICIAL_2024,v1.0
10151039,休閒事業經營系,0050,國立臺中科技大學,UC_TRANS,運輸、物流與配銷,UC_TRANS_PW01,供應鏈管理,IND_TRADE_LOG,國際貿易與現代物流,SECONDARY,0.5,0.25,企管系流向：外銷製造業與物流供應鏈協調專員。,MOE_UCAN_OFFICIAL_2024,v1.0
10151039,休閒事業經營系,0050,國立臺中科技大學,UC_MFG,製造,UC_MFG_PW03,製造業生管與品保,IND_MFG,智慧製造與精密機械,SECONDARY,0.5,0.25,中彰投製造業生管、專案經理與行政管理人才流向。,GCIS_104_EMPIRICAL_ALIGNMENT,v1.0
01111001,教育研究所,1001,東海大學,UC_MGMT,企業經營管理,UC_MGMT_PW01,綜合事務與專案支援,IND_PRO_FIN,專業商管與金融服務,PRIMARY,1.0,1.0,通識與人文社會系所轉入行政管理與企業綜合服務領域。,MOE_UCAN_DEFAULT_FALLBACK,v1.0
02123011,工業設計學系,1001,東海大學,UC_MGMT,企業經營管理,UC_MGMT_PW01,綜合事務與專案支援,IND_PRO_FIN,專業商管與金融服務,PRIMARY,1.0,1.0,通識與人文社會系所轉入行政管理與企業綜合服務領域。,MOE_UCAN_DEFAULT_FALLBACK,v1.0
02131002,美術學系,1001,東海大學,UC_MGMT,企業經營管理,UC_MGMT_PW01,綜合事務與專案支援,IND_PRO_FIN,專業商管與金融服務,PRIMARY,1.0,1.0,通識與人文社會系所轉入行政管理與企業綜合服務領域。,MOE_UCAN_DEFAULT_FALLBACK,v1.0
02151003,音樂學系,1001,東海大學,UC_MGMT,企業經營管理,UC_MGMT_PW01,綜合事務與專案支援,IND_PRO_FIN,專業商管與金融服務,PRIMARY,1.0,1.0,通識與人文社會系所轉入行政管理與企業綜合服務領域。,MOE_UCAN_DEFAULT_FALLBACK,v1.0
02152058,表演藝術與創作碩士學位學程,1001,東海大學,UC_MGMT,企業經營管理,UC_MGMT_PW01,綜合事務與專案支援,IND_PRO_FIN,專業商管與金融服務,PRIMARY,1.0,1.0,通識與人文社會系所轉入行政管理與企業綜合服務領域。,MOE_UCAN_DEFAULT_FALLBACK,v1.0
02221009,歷史學系,1001,東海大學,UC_MGMT,企業經營管理,UC_MGMT_PW01,綜合事務與專案支援,IND_PRO_FIN,專業商管與金融服務,PRIMARY,1.0,1.0,通識與人文社會系所轉入行政管理與企業綜合服務領域。,MOE_UCAN_DEFAULT_FALLBACK,v1.0
02231010,哲學系,1001,東海大學,UC_MGMT,企業經營管理,UC_MGMT_PW01,綜合事務與專案支援,IND_PRO_FIN,專業商管與金融服務,PRIMARY,1.0,1.0,通識與人文社會系所轉入行政管理與企業綜合服務領域。,MOE_UCAN_DEFAULT_FALLBACK,v1.0
02311005,外國語文學系,1001,東海大學,UC_MGMT,企業經營管理,UC_MGMT_PW01,綜合事務與專案支援,IND_PRO_FIN,專業商管與金融服務,PRIMARY,1.0,1.0,通識與人文社會系所轉入行政管理與企業綜合服務領域。,MOE_UCAN_DEFAULT_FALLBACK,v1.0
02311007,日本語言文化學系,1001,東海大學,UC_MGMT,企業經營管理,UC_MGMT_PW01,綜合事務與專案支援,IND_PRO_FIN,專業商管與金融服務,PRIMARY,1.0,1.0,通識與人文社會系所轉入行政管理與企業綜合服務領域。,MOE_UCAN_DEFAULT_FALLBACK,v1.0
02322004,中國文學系,1001,東海大學,UC_MGMT,企業經營管理,UC_MGMT_PW01,綜合事務與專案支援,IND_PRO_FIN,專業商管與金融服務,PRIMARY,1.0,1.0,通識與人文社會系所轉入行政管理與企業綜合服務領域。,MOE_UCAN_DEFAULT_FALLBACK,v1.0
02323062,華語文教學國際碩士學位學程,1001,東海大學,UC_MGMT,企業經營管理,UC_MGMT_PW01,綜合事務與專案支援,IND_PRO_FIN,專業商管與金融服務,PRIMARY,1.0,1.0,通識與人文社會系所轉入行政管理與企業綜合服務領域。,MOE_UCAN_DEFAULT_FALLBACK,v1.0
03111012,經濟學系,1001,東海大學,UC_MGMT,企業經營管理,UC_MGMT_PW01,綜合事務與專案支援,IND_PRO_FIN,專業商管與金融服務,PRIMARY,1.0,1.0,通識與人文社會系所轉入行政管理與企業綜合服務領域。,MOE_UCAN_DEFAULT_FALLBACK,v1.0
03121013,政治學系,1001,東海大學,UC_MGMT,企業經營管理,UC_MGMT_PW01,綜合事務與專案支援,IND_PRO_FIN,專業商管與金融服務,PRIMARY,1.0,1.0,通識與人文社會系所轉入行政管理與企業綜合服務領域。,MOE_UCAN_DEFAULT_FALLBACK,v1.0
03141014,社會學系,1001,東海大學,UC_MGMT,企業經營管理,UC_MGMT_PW01,綜合事務與專案支援,IND_PRO_FIN,專業商管與金融服務,PRIMARY,1.0,1.0,通識與人文社會系所轉入行政管理與企業綜合服務領域。,MOE_UCAN_DEFAULT_FALLBACK,v1.0
04111018,會計學系,1001,東海大學,UC_FIN,金融保險,UC_FIN_PW01,會計審計與專業財務顧問,IND_PRO_FIN,專業商管與金融服務,PRIMARY,1.0,0.6667,教育部UCAN職涯途徑：會計師事務所審計查核、金融機構企業放款與財務分析。,MOE_UCAN_OFFICIAL_2024,v1.0
04111018,會計學系,1001,東海大學,UC_TRANS,運輸、物流與配銷,UC_TRANS_PW02,國際貿易成本精算,IND_TRADE_LOG,國際貿易與現代物流,SECONDARY,0.5,0.3333,跨國貿易保險、海關報關與保稅成本核算實證。,GCIS_104_EMPIRICAL_ALIGNMENT,v1.0
04121024,財務金融學系,1001,東海大學,UC_FIN,金融保險,UC_FIN_PW01,會計審計與專業財務顧問,IND_PRO_FIN,專業商管與金融服務,PRIMARY,1.0,0.6667,教育部UCAN職涯途徑：會計師事務所審計查核、金融機構企業放款與財務分析。,MOE_UCAN_OFFICIAL_2024,v1.0
04121024,財務金融學系,1001,東海大學,UC_TRANS,運輸、物流與配銷,UC_TRANS_PW02,國際貿易成本精算,IND_TRADE_LOG,國際貿易與現代物流,SECONDARY,0.5,0.3333,跨國貿易保險、海關報關與保稅成本核算實證。,GCIS_104_EMPIRICAL_ALIGNMENT,v1.0
04131019,企業管理學系,1001,東海大學,UC_MGMT,企業經營管理,UC_MGMT_PW01,營運管理與決策分析,IND_PRO_FIN,專業商管與金融服務,PRIMARY,1.0,0.5,企管系核心訓練：企業經營策略與管理顧問職位。,MOE_UCAN_OFFICIAL_2024,v1.0
04131019,企業管理學系,1001,東海大學,UC_TRANS,運輸、物流與配銷,UC_TRANS_PW01,供應鏈管理,IND_TRADE_LOG,國際貿易與現代物流,SECONDARY,0.5,0.25,企管系流向：外銷製造業與物流供應鏈協調專員。,MOE_UCAN_OFFICIAL_2024,v1.0
04131019,企業管理學系,1001,東海大學,UC_MFG,製造,UC_MFG_PW03,製造業生管與品保,IND_MFG,智慧製造與精密機械,SECONDARY,0.5,0.25,中彰投製造業生管、專案經理與行政管理人才流向。,GCIS_104_EMPIRICAL_ALIGNMENT,v1.0
04131021,國際學院國際經營管理學位學程,1001,東海大學,UC_MGMT,企業經營管理,UC_MGMT_PW01,營運管理與決策分析,IND_PRO_FIN,專業商管與金融服務,PRIMARY,1.0,0.5,企管系核心訓練：企業經營策略與管理顧問職位。,MOE_UCAN_OFFICIAL_2024,v1.0
04131021,國際學院國際經營管理學位學程,1001,東海大學,UC_TRANS,運輸、物流與配銷,UC_TRANS_PW01,供應鏈管理,IND_TRADE_LOG,國際貿易與現代物流,SECONDARY,0.5,0.25,企管系流向：外銷製造業與物流供應鏈協調專員。,MOE_UCAN_OFFICIAL_2024,v1.0
04131021,國際學院國際經營管理學位學程,1001,東海大學,UC_MFG,製造,UC_MFG_PW03,製造業生管與品保,IND_MFG,智慧製造與精密機械,SECONDARY,0.5,0.25,中彰投製造業生管、專案經理與行政管理人才流向。,GCIS_104_EMPIRICAL_ALIGNMENT,v1.0
04131025,高階經營管理碩士在職專班,1001,東海大學,UC_MGMT,企業經營管理,UC_MGMT_PW01,營運管理與決策分析,IND_PRO_FIN,專業商管與金融服務,PRIMARY,1.0,0.5,企管系核心訓練：企業經營策略與管理顧問職位。,MOE_UCAN_OFFICIAL_2024,v1.0
04131025,高階經營管理碩士在職專班,1001,東海大學,UC_TRANS,運輸、物流與配銷,UC_TRANS_PW01,供應鏈管理,IND_TRADE_LOG,國際貿易與現代物流,SECONDARY,0.5,0.25,企管系流向：外銷製造業與物流供應鏈協調專員。,MOE_UCAN_OFFICIAL_2024,v1.0
04131025,高階經營管理碩士在職專班,1001,東海大學,UC_MFG,製造,UC_MFG_PW03,製造業生管與品保,IND_MFG,智慧製造與精密機械,SECONDARY,0.5,0.25,中彰投製造業生管、專案經理與行政管理人才流向。,GCIS_104_EMPIRICAL_ALIGNMENT,v1.0
04131059,國際企業管理碩士學位學程,1001,東海大學,UC_MGMT,企業經營管理,UC_MGMT_PW01,營運管理與決策分析,IND_PRO_FIN,專業商管與金融服務,PRIMARY,1.0,0.5,企管系核心訓練：企業經營策略與管理顧問職位。,MOE_UCAN_OFFICIAL_2024,v1.0
04131059,國際企業管理碩士學位學程,1001,東海大學,UC_TRANS,運輸、物流與配銷,UC_TRANS_PW01,供應鏈管理,IND_TRADE_LOG,國際貿易與現代物流,SECONDARY,0.5,0.25,企管系流向：外銷製造業與物流供應鏈協調專員。,MOE_UCAN_OFFICIAL_2024,v1.0
04131059,國際企業管理碩士學位學程,1001,東海大學,UC_MFG,製造,UC_MFG_PW03,製造業生管與品保,IND_MFG,智慧製造與精密機械,SECONDARY,0.5,0.25,中彰投製造業生管、專案經理與行政管理人才流向。,GCIS_104_EMPIRICAL_ALIGNMENT,v1.0
04133044,工業工程與經營資訊學系高階醫務工程與管理碩士在職專班,1001,東海大學,UC_MFG,製造,UC_MFG_PW01,機電自動化與機械設計,IND_MFG,智慧製造與精密機械,PRIMARY,1.0,0.6667,教育部UCAN製造學門就業途徑：精密機械與工具機設備研發製造。,MOE_UCAN_OFFICIAL_2024,v1.0
04133044,工業工程與經營資訊學系高階醫務工程與管理碩士在職專班,1001,東海大學,UC_STEM,科學、科技、工程與數學,UC_STEM_PW01,半導體封裝與設備工程,IND_SEM,半導體與綠能科技,SECONDARY,0.5,0.3333,中科園區半導體晶圓廠廠務與設備工程師招募管道。,GCIS_104_EMPIRICAL_ALIGNMENT,v1.0
04134016,行政管理暨政策學系,1001,東海大學,UC_MGMT,企業經營管理,UC_MGMT_PW01,綜合事務與專案支援,IND_PRO_FIN,專業商管與金融服務,PRIMARY,1.0,1.0,通識與人文社會系所轉入行政管理與企業綜合服務領域。,MOE_UCAN_DEFAULT_FALLBACK,v1.0
04134016,行政管理暨政策學系第三部門碩士在職專班,1001,東海大學,UC_MGMT,企業經營管理,UC_MGMT_PW01,綜合事務與專案支援,IND_PRO_FIN,專業商管與金融服務,PRIMARY,1.0,1.0,通識與人文社會系所轉入行政管理與企業綜合服務領域。,MOE_UCAN_DEFAULT_FALLBACK,v1.0
04134017,公共事務碩士專班,1001,東海大學,UC_MGMT,企業經營管理,UC_MGMT_PW01,綜合事務與專案支援,IND_PRO_FIN,專業商管與金融服務,PRIMARY,1.0,1.0,通識與人文社會系所轉入行政管理與企業綜合服務領域。,MOE_UCAN_DEFAULT_FALLBACK,v1.0
04141023,國際經營與貿易學系,1001,東海大學,UC_MGMT,企業經營管理,UC_MGMT_PW01,綜合事務與專案支援,IND_PRO_FIN,專業商管與金融服務,PRIMARY,1.0,1.0,通識與人文社會系所轉入行政管理與企業綜合服務領域。,MOE_UCAN_DEFAULT_FALLBACK,v1.0
04211027,法律學系,1001,東海大學,UC_MGMT,企業經營管理,UC_MGMT_PW01,綜合事務與專案支援,IND_PRO_FIN,專業商管與金融服務,PRIMARY,1.0,1.0,通識與人文社會系所轉入行政管理與企業綜合服務領域。,MOE_UCAN_DEFAULT_FALLBACK,v1.0
05111028,生命科學系,1001,東海大學,UC_MGMT,企業經營管理,UC_MGMT_PW01,綜合事務與專案支援,IND_PRO_FIN,專業商管與金融服務,PRIMARY,1.0,1.0,通識與人文社會系所轉入行政管理與企業綜合服務領域。,MOE_UCAN_DEFAULT_FALLBACK,v1.0
05211056,永續科學與工程學士學位學程,1001,東海大學,UC_MGMT,企業經營管理,UC_MGMT_PW01,綜合事務與專案支援,IND_PRO_FIN,專業商管與金融服務,PRIMARY,1.0,1.0,通識與人文社會系所轉入行政管理與企業綜合服務領域。,MOE_UCAN_DEFAULT_FALLBACK,v1.0
05311030,化學系,1001,東海大學,UC_MGMT,企業經營管理,UC_MGMT_PW01,綜合事務與專案支援,IND_PRO_FIN,專業商管與金融服務,PRIMARY,1.0,1.0,通識與人文社會系所轉入行政管理與企業綜合服務領域。,MOE_UCAN_DEFAULT_FALLBACK,v1.0
05331032,應用物理學系,1001,東海大學,UC_MGMT,企業經營管理,UC_MGMT_PW01,綜合事務與專案支援,IND_PRO_FIN,專業商管與金融服務,PRIMARY,1.0,1.0,通識與人文社會系所轉入行政管理與企業綜合服務領域。,MOE_UCAN_DEFAULT_FALLBACK,v1.0
05411034,應用數學系,1001,東海大學,UC_MGMT,企業經營管理,UC_MGMT_PW01,綜合事務與專案支援,IND_PRO_FIN,專業商管與金融服務,PRIMARY,1.0,1.0,通識與人文社會系所轉入行政管理與企業綜合服務領域。,MOE_UCAN_DEFAULT_FALLBACK,v1.0
05421035,統計學系,1001,東海大學,UC_FIN,金融保險,UC_FIN_PW01,會計審計與專業財務顧問,IND_PRO_FIN,專業商管與金融服務,PRIMARY,1.0,0.6667,教育部UCAN職涯途徑：會計師事務所審計查核、金融機構企業放款與財務分析。,MOE_UCAN_OFFICIAL_2024,v1.0
05421035,統計學系,1001,東海大學,UC_TRANS,運輸、物流與配銷,UC_TRANS_PW02,國際貿易成本精算,IND_TRADE_LOG,國際貿易與現代物流,SECONDARY,0.5,0.3333,跨國貿易保險、海關報關與保稅成本核算實證。,GCIS_104_EMPIRICAL_ALIGNMENT,v1.0
06131039,資訊工程學系,1001,東海大學,UC_IT,資訊科技,UC_IT_PW01,軟體開發與系統整合,IND_ICT,資訊軟體與數位科技,PRIMARY,1.0,0.6667,教育部UCAN職涯就業途徑對照表：資訊工程系所核心能力對應軟體開發與資通訊技術。,MOE_UCAN_OFFICIAL_2024,v1.0
06131039,資訊工程學系,1001,東海大學,UC_STEM,科學、科技、工程與數學,UC_STEM_PW02,半導體軟硬體整合,IND_SEM,半導體與綠能科技,SECONDARY,0.5,0.3333,中科半導體供應鏈IC設計與韌體工程職缺對應資工系所就業途徑。,GCIS_104_EMPIRICAL_ALIGNMENT,v1.0
06133047,數位創新碩士學位學程,1001,東海大學,UC_MGMT,企業經營管理,UC_MGMT_PW01,綜合事務與專案支援,IND_PRO_FIN,專業商管與金融服務,PRIMARY,1.0,1.0,通識與人文社會系所轉入行政管理與企業綜合服務領域。,MOE_UCAN_DEFAULT_FALLBACK,v1.0
06134036,資訊管理學系,1001,東海大學,UC_MGMT,企業經營管理,UC_MGMT_PW01,綜合事務與專案支援,IND_PRO_FIN,專業商管與金融服務,PRIMARY,1.0,1.0,通識與人文社會系所轉入行政管理與企業綜合服務領域。,MOE_UCAN_DEFAULT_FALLBACK,v1.0
07111042,化學工程與材料工程學系,1001,東海大學,UC_MGMT,企業經營管理,UC_MGMT_PW01,綜合事務與專案支援,IND_PRO_FIN,專業商管與金融服務,PRIMARY,1.0,1.0,通識與人文社會系所轉入行政管理與企業綜合服務領域。,MOE_UCAN_DEFAULT_FALLBACK,v1.0
07121045,環境科學與工程學系,1001,東海大學,UC_MGMT,企業經營管理,UC_MGMT_PW01,綜合事務與專案支援,IND_PRO_FIN,專業商管與金融服務,PRIMARY,1.0,1.0,通識與人文社會系所轉入行政管理與企業綜合服務領域。,MOE_UCAN_DEFAULT_FALLBACK,v1.0
07141037,電機工程學系,1001,東海大學,UC_STEM,科學、科技、工程與數學,UC_STEM_PW01,半導體元件與光電工程,IND_SEM,半導體與綠能科技,PRIMARY,1.0,0.6667,教育部UCAN職涯途徑：半導體晶圓製造與綠能光電工程開發。,MOE_UCAN_OFFICIAL_2024,v1.0
07141037,電機工程學系,1001,東海大學,UC_MFG,製造,UC_MFG_PW02,智慧控制系統開發,IND_MFG,智慧製造與精密機械,SECONDARY,0.5,0.3333,工業自動化控制器與智慧伺服馬達驅動電路研發。,MOE_UCAN_OFFICIAL_2024,v1.0
07191044,工業工程與經營資訊學系,1001,東海大學,UC_MFG,製造,UC_MFG_PW01,機電自動化與機械設計,IND_MFG,智慧製造與精密機械,PRIMARY,1.0,0.6667,教育部UCAN製造學門就業途徑：精密機械與工具機設備研發製造。,MOE_UCAN_OFFICIAL_2024,v1.0
07191044,工業工程與經營資訊學系,1001,東海大學,UC_STEM,科學、科技、工程與數學,UC_STEM_PW01,半導體封裝與設備工程,IND_SEM,半導體與綠能科技,SECONDARY,0.5,0.3333,中科園區半導體晶圓廠廠務與設備工程師招募管道。,GCIS_104_EMPIRICAL_ALIGNMENT,v1.0
07211052,食品科學系,1001,東海大學,UC_MGMT,企業經營管理,UC_MGMT_PW01,綜合事務與專案支援,IND_PRO_FIN,專業商管與金融服務,PRIMARY,1.0,1.0,通識與人文社會系所轉入行政管理與企業綜合服務領域。,MOE_UCAN_DEFAULT_FALLBACK,v1.0
07311048,建築學系,1001,東海大學,UC_MGMT,企業經營管理,UC_MGMT_PW01,綜合事務與專案支援,IND_PRO_FIN,專業商管與金融服務,PRIMARY,1.0,1.0,通識與人文社會系所轉入行政管理與企業綜合服務領域。,MOE_UCAN_DEFAULT_FALLBACK,v1.0
07312049,景觀學系,1001,東海大學,UC_MGMT,企業經營管理,UC_MGMT_PW01,綜合事務與專案支援,IND_PRO_FIN,專業商管與金融服務,PRIMARY,1.0,1.0,通識與人文社會系所轉入行政管理與企業綜合服務領域。,MOE_UCAN_DEFAULT_FALLBACK,v1.0
08112051,畜產與生物科技學系,1001,東海大學,UC_HEALTH,醫療保健,UC_HEALTH_PW01,生醫研發與健康照護,IND_BIOMED,生技醫療與精準健康,PRIMARY,1.0,0.6667,教育部UCAN職涯途徑：臨床醫學、生技製藥檢驗與醫療儀器研發。,MOE_UCAN_OFFICIAL_2024,v1.0
08112051,畜產與生物科技學系,1001,東海大學,UC_IT,資訊科技,UC_IT_PW03,智慧醫療資訊系統,IND_ICT,資訊軟體與數位科技,SECONDARY,0.5,0.3333,智慧醫療、穿戴裝置生醫信號處理跨域就業途徑。,MOE_UCAN_OFFICIAL_2024,v1.0
09199063,高齡健康與運動科學學士學位學程,1001,東海大學,UC_MGMT,企業經營管理,UC_MGMT_PW01,綜合事務與專案支援,IND_PRO_FIN,專業商管與金融服務,PRIMARY,1.0,1.0,通識與人文社會系所轉入行政管理與企業綜合服務領域。,MOE_UCAN_DEFAULT_FALLBACK,v1.0
09231053,社會工作學系,1001,東海大學,UC_MGMT,企業經營管理,UC_MGMT_PW01,綜合事務與專案支援,IND_PRO_FIN,專業商管與金融服務,PRIMARY,1.0,1.0,通識與人文社會系所轉入行政管理與企業綜合服務領域。,MOE_UCAN_DEFAULT_FALLBACK,v1.0
10131054,餐旅管理學系,1001,東海大學,UC_TOUR,休閒與觀光旅遊,UC_TOUR_PW01,觀光餐旅與文創展演,IND_TOUR_CULT,數位文創與觀光休閒,PRIMARY,1.0,0.6667,教育部UCAN職涯途徑：數位媒體設計、視覺行銷與文創會展休閒經營。,MOE_UCAN_OFFICIAL_2024,v1.0
10131054,餐旅管理學系,1001,東海大學,UC_IT,資訊科技,UC_IT_PW02,UI/UX 人機互動設計,IND_ICT,資訊軟體與數位科技,SECONDARY,0.5,0.3333,軟體科技業 UI/UX 視覺設計師與互動前端專長流向。,GCIS_104_EMPIRICAL_ALIGNMENT,v1.0
10152055,運動休閒與健康管理學位學程,1001,東海大學,UC_MGMT,企業經營管理,UC_MGMT_PW01,綜合事務與專案支援,IND_PRO_FIN,專業商管與金融服務,PRIMARY,1.0,1.0,通識與人文社會系所轉入行政管理與企業綜合服務領域。,MOE_UCAN_DEFAULT_FALLBACK,v1.0
02122005,創意設計碩士學位學程,1007,逢甲大學,UC_MGMT,企業經營管理,UC_MGMT_PW01,綜合事務與專案支援,IND_PRO_FIN,專業商管與金融服務,PRIMARY,1.0,1.0,通識與人文社會系所轉入行政管理與企業綜合服務領域。,MOE_UCAN_DEFAULT_FALLBACK,v1.0
02122006,創新設計學士學位學程,1007,逢甲大學,UC_MGMT,企業經營管理,UC_MGMT_PW01,綜合事務與專案支援,IND_PRO_FIN,專業商管與金融服務,PRIMARY,1.0,1.0,通識與人文社會系所轉入行政管理與企業綜合服務領域。,MOE_UCAN_DEFAULT_FALLBACK,v1.0
02124007,室內設計進修學士班,1007,逢甲大學,UC_MGMT,企業經營管理,UC_MGMT_PW01,綜合事務與專案支援,IND_PRO_FIN,專業商管與金融服務,PRIMARY,1.0,1.0,通識與人文社會系所轉入行政管理與企業綜合服務領域。,MOE_UCAN_DEFAULT_FALLBACK,v1.0
02221003,歷史與文物研究所,1007,逢甲大學,UC_MGMT,企業經營管理,UC_MGMT_PW01,綜合事務與專案支援,IND_PRO_FIN,專業商管與金融服務,PRIMARY,1.0,1.0,通識與人文社會系所轉入行政管理與企業綜合服務領域。,MOE_UCAN_DEFAULT_FALLBACK,v1.0
02311002,外國語文學系,1007,逢甲大學,UC_MGMT,企業經營管理,UC_MGMT_PW01,綜合事務與專案支援,IND_PRO_FIN,專業商管與金融服務,PRIMARY,1.0,1.0,通識與人文社會系所轉入行政管理與企業綜合服務領域。,MOE_UCAN_DEFAULT_FALLBACK,v1.0
02311002,外國語文學系英語文研究碩士班,1007,逢甲大學,UC_MGMT,企業經營管理,UC_MGMT_PW01,綜合事務與專案支援,IND_PRO_FIN,專業商管與金融服務,PRIMARY,1.0,1.0,通識與人文社會系所轉入行政管理與企業綜合服務領域。,MOE_UCAN_DEFAULT_FALLBACK,v1.0
02322001,中國文學系,1007,逢甲大學,UC_MGMT,企業經營管理,UC_MGMT_PW01,綜合事務與專案支援,IND_PRO_FIN,專業商管與金融服務,PRIMARY,1.0,1.0,通識與人文社會系所轉入行政管理與企業綜合服務領域。,MOE_UCAN_DEFAULT_FALLBACK,v1.0
03111009,經濟學系,1007,逢甲大學,UC_MGMT,企業經營管理,UC_MGMT_PW01,綜合事務與專案支援,IND_PRO_FIN,專業商管與金融服務,PRIMARY,1.0,1.0,通識與人文社會系所轉入行政管理與企業綜合服務領域。,MOE_UCAN_DEFAULT_FALLBACK,v1.0
03111012,合作經濟暨社會事業經營學系,1007,逢甲大學,UC_MGMT,企業經營管理,UC_MGMT_PW01,營運管理與決策分析,IND_PRO_FIN,專業商管與金融服務,PRIMARY,1.0,0.5,企管系核心訓練：企業經營策略與管理顧問職位。,MOE_UCAN_OFFICIAL_2024,v1.0
03111012,合作經濟暨社會事業經營學系,1007,逢甲大學,UC_TRANS,運輸、物流與配銷,UC_TRANS_PW01,供應鏈管理,IND_TRADE_LOG,國際貿易與現代物流,SECONDARY,0.5,0.25,企管系流向：外銷製造業與物流供應鏈協調專員。,MOE_UCAN_OFFICIAL_2024,v1.0
03111012,合作經濟暨社會事業經營學系,1007,逢甲大學,UC_MFG,製造,UC_MFG_PW03,製造業生管與品保,IND_MFG,智慧製造與精密機械,SECONDARY,0.5,0.25,中彰投製造業生管、專案經理與行政管理人才流向。,GCIS_104_EMPIRICAL_ALIGNMENT,v1.0
04111017,會計學系,1007,逢甲大學,UC_FIN,金融保險,UC_FIN_PW01,會計審計與專業財務顧問,IND_PRO_FIN,專業商管與金融服務,PRIMARY,1.0,0.6667,教育部UCAN職涯途徑：會計師事務所審計查核、金融機構企業放款與財務分析。,MOE_UCAN_OFFICIAL_2024,v1.0
04111017,會計學系,1007,逢甲大學,UC_TRANS,運輸、物流與配銷,UC_TRANS_PW02,國際貿易成本精算,IND_TRADE_LOG,國際貿易與現代物流,SECONDARY,0.5,0.3333,跨國貿易保險、海關報關與保稅成本核算實證。,GCIS_104_EMPIRICAL_ALIGNMENT,v1.0
04121025,財務金融學系,1007,逢甲大學,UC_FIN,金融保險,UC_FIN_PW01,會計審計與專業財務顧問,IND_PRO_FIN,專業商管與金融服務,PRIMARY,1.0,0.6667,教育部UCAN職涯途徑：會計師事務所審計查核、金融機構企業放款與財務分析。,MOE_UCAN_OFFICIAL_2024,v1.0
04121025,財務金融學系,1007,逢甲大學,UC_TRANS,運輸、物流與配銷,UC_TRANS_PW02,國際貿易成本精算,IND_TRADE_LOG,國際貿易與現代物流,SECONDARY,0.5,0.3333,跨國貿易保險、海關報關與保稅成本核算實證。,GCIS_104_EMPIRICAL_ALIGNMENT,v1.0
04121026,金融博士學位學程,1007,逢甲大學,UC_MGMT,企業經營管理,UC_MGMT_PW01,綜合事務與專案支援,IND_PRO_FIN,專業商管與金融服務,PRIMARY,1.0,1.0,通識與人文社會系所轉入行政管理與企業綜合服務領域。,MOE_UCAN_DEFAULT_FALLBACK,v1.0
04121026,金融碩士在職學位學程,1007,逢甲大學,UC_MGMT,企業經營管理,UC_MGMT_PW01,綜合事務與專案支援,IND_PRO_FIN,專業商管與金融服務,PRIMARY,1.0,1.0,通識與人文社會系所轉入行政管理與企業綜合服務領域。,MOE_UCAN_DEFAULT_FALLBACK,v1.0
04121026,金融碩士在職專班,1007,逢甲大學,UC_MGMT,企業經營管理,UC_MGMT_PW01,綜合事務與專案支援,IND_PRO_FIN,專業商管與金融服務,PRIMARY,1.0,1.0,通識與人文社會系所轉入行政管理與企業綜合服務領域。,MOE_UCAN_DEFAULT_FALLBACK,v1.0
04121028,財務工程與精算學士學位學程,1007,逢甲大學,UC_MGMT,企業經營管理,UC_MGMT_PW01,綜合事務與專案支援,IND_PRO_FIN,專業商管與金融服務,PRIMARY,1.0,1.0,通識與人文社會系所轉入行政管理與企業綜合服務領域。,MOE_UCAN_DEFAULT_FALLBACK,v1.0
04122032,財稅學系,1007,逢甲大學,UC_FIN,金融保險,UC_FIN_PW01,會計審計與專業財務顧問,IND_PRO_FIN,專業商管與金融服務,PRIMARY,1.0,0.6667,教育部UCAN職涯途徑：會計師事務所審計查核、金融機構企業放款與財務分析。,MOE_UCAN_OFFICIAL_2024,v1.0
04122032,財稅學系,1007,逢甲大學,UC_TRANS,運輸、物流與配銷,UC_TRANS_PW02,國際貿易成本精算,IND_TRADE_LOG,國際貿易與現代物流,SECONDARY,0.5,0.3333,跨國貿易保險、海關報關與保稅成本核算實證。,GCIS_104_EMPIRICAL_ALIGNMENT,v1.0
04123029,風險管理與保險學系,1007,逢甲大學,UC_FIN,金融保險,UC_FIN_PW01,會計審計與專業財務顧問,IND_PRO_FIN,專業商管與金融服務,PRIMARY,1.0,0.6667,教育部UCAN職涯途徑：會計師事務所審計查核、金融機構企業放款與財務分析。,MOE_UCAN_OFFICIAL_2024,v1.0
04123029,風險管理與保險學系,1007,逢甲大學,UC_TRANS,運輸、物流與配銷,UC_TRANS_PW02,國際貿易成本精算,IND_TRADE_LOG,國際貿易與現代物流,SECONDARY,0.5,0.3333,跨國貿易保險、海關報關與保稅成本核算實證。,GCIS_104_EMPIRICAL_ALIGNMENT,v1.0
04131019,企業管理學系,1007,逢甲大學,UC_MGMT,企業經營管理,UC_MGMT_PW01,營運管理與決策分析,IND_PRO_FIN,專業商管與金融服務,PRIMARY,1.0,0.5,企管系核心訓練：企業經營策略與管理顧問職位。,MOE_UCAN_OFFICIAL_2024,v1.0
04131019,企業管理學系,1007,逢甲大學,UC_TRANS,運輸、物流與配銷,UC_TRANS_PW01,供應鏈管理,IND_TRADE_LOG,國際貿易與現代物流,SECONDARY,0.5,0.25,企管系流向：外銷製造業與物流供應鏈協調專員。,MOE_UCAN_OFFICIAL_2024,v1.0
04131019,企業管理學系,1007,逢甲大學,UC_MFG,製造,UC_MFG_PW03,製造業生管與品保,IND_MFG,智慧製造與精密機械,SECONDARY,0.5,0.25,中彰投製造業生管、專案經理與行政管理人才流向。,GCIS_104_EMPIRICAL_ALIGNMENT,v1.0
04131020,經營管理碩士在職學位學程,1007,逢甲大學,UC_MGMT,企業經營管理,UC_MGMT_PW01,營運管理與決策分析,IND_PRO_FIN,專業商管與金融服務,PRIMARY,1.0,0.5,企管系核心訓練：企業經營策略與管理顧問職位。,MOE_UCAN_OFFICIAL_2024,v1.0
04131020,經營管理碩士在職學位學程,1007,逢甲大學,UC_TRANS,運輸、物流與配銷,UC_TRANS_PW01,供應鏈管理,IND_TRADE_LOG,國際貿易與現代物流,SECONDARY,0.5,0.25,企管系流向：外銷製造業與物流供應鏈協調專員。,MOE_UCAN_OFFICIAL_2024,v1.0
04131020,經營管理碩士在職學位學程,1007,逢甲大學,UC_MFG,製造,UC_MFG_PW03,製造業生管與品保,IND_MFG,智慧製造與精密機械,SECONDARY,0.5,0.25,中彰投製造業生管、專案經理與行政管理人才流向。,GCIS_104_EMPIRICAL_ALIGNMENT,v1.0
04131020,經營管理碩士在職專班,1007,逢甲大學,UC_MGMT,企業經營管理,UC_MGMT_PW01,營運管理與決策分析,IND_PRO_FIN,專業商管與金融服務,PRIMARY,1.0,0.5,企管系核心訓練：企業經營策略與管理顧問職位。,MOE_UCAN_OFFICIAL_2024,v1.0
04131020,經營管理碩士在職專班,1007,逢甲大學,UC_TRANS,運輸、物流與配銷,UC_TRANS_PW01,供應鏈管理,IND_TRADE_LOG,國際貿易與現代物流,SECONDARY,0.5,0.25,企管系流向：外銷製造業與物流供應鏈協調專員。,MOE_UCAN_OFFICIAL_2024,v1.0
04131020,經營管理碩士在職專班,1007,逢甲大學,UC_MFG,製造,UC_MFG_PW03,製造業生管與品保,IND_MFG,智慧製造與精密機械,SECONDARY,0.5,0.25,中彰投製造業生管、專案經理與行政管理人才流向。,GCIS_104_EMPIRICAL_ALIGNMENT,v1.0
04131021,國際企業管理學士學位學程(英語專班),1007,逢甲大學,UC_MGMT,企業經營管理,UC_MGMT_PW01,營運管理與決策分析,IND_PRO_FIN,專業商管與金融服務,PRIMARY,1.0,0.5,企管系核心訓練：企業經營策略與管理顧問職位。,MOE_UCAN_OFFICIAL_2024,v1.0
04131021,國際企業管理學士學位學程(英語專班),1007,逢甲大學,UC_TRANS,運輸、物流與配銷,UC_TRANS_PW01,供應鏈管理,IND_TRADE_LOG,國際貿易與現代物流,SECONDARY,0.5,0.25,企管系流向：外銷製造業與物流供應鏈協調專員。,MOE_UCAN_OFFICIAL_2024,v1.0
04131021,國際企業管理學士學位學程(英語專班),1007,逢甲大學,UC_MFG,製造,UC_MFG_PW03,製造業生管與品保,IND_MFG,智慧製造與精密機械,SECONDARY,0.5,0.25,中彰投製造業生管、專案經理與行政管理人才流向。,GCIS_104_EMPIRICAL_ALIGNMENT,v1.0
04131022,國際經營管理碩士學位學程,1007,逢甲大學,UC_MGMT,企業經營管理,UC_MGMT_PW01,營運管理與決策分析,IND_PRO_FIN,專業商管與金融服務,PRIMARY,1.0,0.5,企管系核心訓練：企業經營策略與管理顧問職位。,MOE_UCAN_OFFICIAL_2024,v1.0
04131022,國際經營管理碩士學位學程,1007,逢甲大學,UC_TRANS,運輸、物流與配銷,UC_TRANS_PW01,供應鏈管理,IND_TRADE_LOG,國際貿易與現代物流,SECONDARY,0.5,0.25,企管系流向：外銷製造業與物流供應鏈協調專員。,MOE_UCAN_OFFICIAL_2024,v1.0
04131022,國際經營管理碩士學位學程,1007,逢甲大學,UC_MFG,製造,UC_MFG_PW03,製造業生管與品保,IND_MFG,智慧製造與精密機械,SECONDARY,0.5,0.25,中彰投製造業生管、專案經理與行政管理人才流向。,GCIS_104_EMPIRICAL_ALIGNMENT,v1.0
04131034,西班牙薩拉戈薩大學物流供應鏈管理與創新創業雙碩士學位學程,1007,逢甲大學,UC_MGMT,企業經營管理,UC_MGMT_PW01,綜合事務與專案支援,IND_PRO_FIN,專業商管與金融服務,PRIMARY,1.0,1.0,通識與人文社會系所轉入行政管理與企業綜合服務領域。,MOE_UCAN_DEFAULT_FALLBACK,v1.0
04134086,土地管理學系,1007,逢甲大學,UC_MGMT,企業經營管理,UC_MGMT_PW01,綜合事務與專案支援,IND_PRO_FIN,專業商管與金融服務,PRIMARY,1.0,1.0,通識與人文社會系所轉入行政管理與企業綜合服務領域。,MOE_UCAN_DEFAULT_FALLBACK,v1.0
04134097,公共事務與社會創新研究所,1007,逢甲大學,UC_MGMT,企業經營管理,UC_MGMT_PW01,綜合事務與專案支援,IND_PRO_FIN,專業商管與金融服務,PRIMARY,1.0,1.0,通識與人文社會系所轉入行政管理與企業綜合服務領域。,MOE_UCAN_DEFAULT_FALLBACK,v1.0
04141024,國際經營與貿易學系,1007,逢甲大學,UC_MGMT,企業經營管理,UC_MGMT_PW01,綜合事務與專案支援,IND_PRO_FIN,專業商管與金融服務,PRIMARY,1.0,1.0,通識與人文社會系所轉入行政管理與企業綜合服務領域。,MOE_UCAN_DEFAULT_FALLBACK,v1.0
04141024,國際經營與貿易學系國際企業管理全英語學士班,1007,逢甲大學,UC_MGMT,企業經營管理,UC_MGMT_PW01,營運管理與決策分析,IND_PRO_FIN,專業商管與金融服務,PRIMARY,1.0,0.5,企管系核心訓練：企業經營策略與管理顧問職位。,MOE_UCAN_OFFICIAL_2024,v1.0
04141024,國際經營與貿易學系國際企業管理全英語學士班,1007,逢甲大學,UC_TRANS,運輸、物流與配銷,UC_TRANS_PW01,供應鏈管理,IND_TRADE_LOG,國際貿易與現代物流,SECONDARY,0.5,0.25,企管系流向：外銷製造業與物流供應鏈協調專員。,MOE_UCAN_OFFICIAL_2024,v1.0
04141024,國際經營與貿易學系國際企業管理全英語學士班,1007,逢甲大學,UC_MFG,製造,UC_MFG_PW03,製造業生管與品保,IND_MFG,智慧製造與精密機械,SECONDARY,0.5,0.25,中彰投製造業生管、專案經理與行政管理人才流向。,GCIS_104_EMPIRICAL_ALIGNMENT,v1.0
04143033,行銷學系,1007,逢甲大學,UC_MGMT,企業經營管理,UC_MGMT_PW01,綜合事務與專案支援,IND_PRO_FIN,專業商管與金融服務,PRIMARY,1.0,1.0,通識與人文社會系所轉入行政管理與企業綜合服務領域。,MOE_UCAN_DEFAULT_FALLBACK,v1.0
04143033,行銷學系全球行銷碩士班,1007,逢甲大學,UC_MGMT,企業經營管理,UC_MGMT_PW01,綜合事務與專案支援,IND_PRO_FIN,專業商管與金融服務,PRIMARY,1.0,1.0,通識與人文社會系所轉入行政管理與企業綜合服務領域。,MOE_UCAN_DEFAULT_FALLBACK,v1.0
04191014,商學博士學位學程,1007,逢甲大學,UC_MGMT,企業經營管理,UC_MGMT_PW01,綜合事務與專案支援,IND_PRO_FIN,專業商管與金融服務,PRIMARY,1.0,1.0,通識與人文社會系所轉入行政管理與企業綜合服務領域。,MOE_UCAN_DEFAULT_FALLBACK,v1.0
04191014,商學進修學士學位學程,1007,逢甲大學,UC_MGMT,企業經營管理,UC_MGMT_PW01,綜合事務與專案支援,IND_PRO_FIN,專業商管與金融服務,PRIMARY,1.0,1.0,通識與人文社會系所轉入行政管理與企業綜合服務領域。,MOE_UCAN_DEFAULT_FALLBACK,v1.0
04191014,商學進修學士班,1007,逢甲大學,UC_MGMT,企業經營管理,UC_MGMT_PW01,綜合事務與專案支援,IND_PRO_FIN,專業商管與金融服務,PRIMARY,1.0,1.0,通識與人文社會系所轉入行政管理與企業綜合服務領域。,MOE_UCAN_DEFAULT_FALLBACK,v1.0
04191016,商學專業碩士在職學位學程,1007,逢甲大學,UC_MGMT,企業經營管理,UC_MGMT_PW01,綜合事務與專案支援,IND_PRO_FIN,專業商管與金融服務,PRIMARY,1.0,1.0,通識與人文社會系所轉入行政管理與企業綜合服務領域。,MOE_UCAN_DEFAULT_FALLBACK,v1.0
04191016,商學院商學專業碩士在職專班,1007,逢甲大學,UC_MGMT,企業經營管理,UC_MGMT_PW01,綜合事務與專案支援,IND_PRO_FIN,專業商管與金融服務,PRIMARY,1.0,1.0,通識與人文社會系所轉入行政管理與企業綜合服務領域。,MOE_UCAN_DEFAULT_FALLBACK,v1.0
04199035,澳洲墨爾本皇家理工大學商學與創新雙學士學位學程,1007,逢甲大學,UC_MGMT,企業經營管理,UC_MGMT_PW01,綜合事務與專案支援,IND_PRO_FIN,專業商管與金融服務,PRIMARY,1.0,1.0,通識與人文社會系所轉入行政管理與企業綜合服務領域。,MOE_UCAN_DEFAULT_FALLBACK,v1.0
04199036,科技管理碩士學位學程,1007,逢甲大學,UC_MGMT,企業經營管理,UC_MGMT_PW01,綜合事務與專案支援,IND_PRO_FIN,專業商管與金融服務,PRIMARY,1.0,1.0,通識與人文社會系所轉入行政管理與企業綜合服務領域。,MOE_UCAN_DEFAULT_FALLBACK,v1.0
04199037,專案管理碩士在職學位學程,1007,逢甲大學,UC_MGMT,企業經營管理,UC_MGMT_PW01,綜合事務與專案支援,IND_PRO_FIN,專業商管與金融服務,PRIMARY,1.0,1.0,通識與人文社會系所轉入行政管理與企業綜合服務領域。,MOE_UCAN_DEFAULT_FALLBACK,v1.0
04199037,建設學院專案管理碩士在職專班,1007,逢甲大學,UC_MGMT,企業經營管理,UC_MGMT_PW01,綜合事務與專案支援,IND_PRO_FIN,專業商管與金融服務,PRIMARY,1.0,1.0,通識與人文社會系所轉入行政管理與企業綜合服務領域。,MOE_UCAN_DEFAULT_FALLBACK,v1.0
04199092,美國加州聖荷西州立大學商學大數據分析雙學士學位學程,1007,逢甲大學,UC_MGMT,企業經營管理,UC_MGMT_PW01,綜合事務與專案支援,IND_PRO_FIN,專業商管與金融服務,PRIMARY,1.0,1.0,通識與人文社會系所轉入行政管理與企業綜合服務領域。,MOE_UCAN_DEFAULT_FALLBACK,v1.0
04199096,建設碩士在職學位學程,1007,逢甲大學,UC_MGMT,企業經營管理,UC_MGMT_PW01,綜合事務與專案支援,IND_PRO_FIN,專業商管與金融服務,PRIMARY,1.0,1.0,通識與人文社會系所轉入行政管理與企業綜合服務領域。,MOE_UCAN_DEFAULT_FALLBACK,v1.0
04212038,財經法律研究所,1007,逢甲大學,UC_MGMT,企業經營管理,UC_MGMT_PW01,綜合事務與專案支援,IND_PRO_FIN,專業商管與金融服務,PRIMARY,1.0,1.0,通識與人文社會系所轉入行政管理與企業綜合服務領域。,MOE_UCAN_DEFAULT_FALLBACK,v1.0
05411039,應用數學系,1007,逢甲大學,UC_MGMT,企業經營管理,UC_MGMT_PW01,綜合事務與專案支援,IND_PRO_FIN,專業商管與金融服務,PRIMARY,1.0,1.0,通識與人文社會系所轉入行政管理與企業綜合服務領域。,MOE_UCAN_DEFAULT_FALLBACK,v1.0
05421040,統計學系,1007,逢甲大學,UC_FIN,金融保險,UC_FIN_PW01,會計審計與專業財務顧問,IND_PRO_FIN,專業商管與金融服務,PRIMARY,1.0,0.6667,教育部UCAN職涯途徑：會計師事務所審計查核、金融機構企業放款與財務分析。,MOE_UCAN_OFFICIAL_2024,v1.0
05421040,統計學系,1007,逢甲大學,UC_TRANS,運輸、物流與配銷,UC_TRANS_PW02,國際貿易成本精算,IND_TRADE_LOG,國際貿易與現代物流,SECONDARY,0.5,0.3333,跨國貿易保險、海關報關與保稅成本核算實證。,GCIS_104_EMPIRICAL_ALIGNMENT,v1.0
05421040,統計學系應用統計博士班,1007,逢甲大學,UC_FIN,金融保險,UC_FIN_PW01,會計審計與專業財務顧問,IND_PRO_FIN,專業商管與金融服務,PRIMARY,1.0,0.6667,教育部UCAN職涯途徑：會計師事務所審計查核、金融機構企業放款與財務分析。,MOE_UCAN_OFFICIAL_2024,v1.0
05421040,統計學系應用統計博士班,1007,逢甲大學,UC_TRANS,運輸、物流與配銷,UC_TRANS_PW02,國際貿易成本精算,IND_TRADE_LOG,國際貿易與現代物流,SECONDARY,0.5,0.3333,跨國貿易保險、海關報關與保稅成本核算實證。,GCIS_104_EMPIRICAL_ALIGNMENT,v1.0
05421040,統計學系統計與精算碩士班,1007,逢甲大學,UC_FIN,金融保險,UC_FIN_PW01,會計審計與專業財務顧問,IND_PRO_FIN,專業商管與金融服務,PRIMARY,1.0,0.6667,教育部UCAN職涯途徑：會計師事務所審計查核、金融機構企業放款與財務分析。,MOE_UCAN_OFFICIAL_2024,v1.0
05421040,統計學系統計與精算碩士班,1007,逢甲大學,UC_TRANS,運輸、物流與配銷,UC_TRANS_PW02,國際貿易成本精算,IND_TRADE_LOG,國際貿易與現代物流,SECONDARY,0.5,0.3333,跨國貿易保險、海關報關與保稅成本核算實證。,GCIS_104_EMPIRICAL_ALIGNMENT,v1.0
06131048,美國加州舊金山州立大學資訊工程雙學士學位學程,1007,逢甲大學,UC_IT,資訊科技,UC_IT_PW01,軟體開發與系統整合,IND_ICT,資訊軟體與數位科技,PRIMARY,1.0,0.6667,教育部UCAN職涯就業途徑對照表：資訊工程系所核心能力對應軟體開發與資通訊技術。,MOE_UCAN_OFFICIAL_2024,v1.0
06131048,美國加州舊金山州立大學資訊工程雙學士學位學程,1007,逢甲大學,UC_STEM,科學、科技、工程與數學,UC_STEM_PW02,半導體軟硬體整合,IND_SEM,半導體與綠能科技,SECONDARY,0.5,0.3333,中科半導體供應鏈IC設計與韌體工程職缺對應資工系所就業途徑。,GCIS_104_EMPIRICAL_ALIGNMENT,v1.0
06131048,資訊工程學系,1007,逢甲大學,UC_IT,資訊科技,UC_IT_PW01,軟體開發與系統整合,IND_ICT,資訊軟體與數位科技,PRIMARY,1.0,0.6667,教育部UCAN職涯就業途徑對照表：資訊工程系所核心能力對應軟體開發與資通訊技術。,MOE_UCAN_OFFICIAL_2024,v1.0
06131048,資訊工程學系,1007,逢甲大學,UC_STEM,科學、科技、工程與數學,UC_STEM_PW02,半導體軟硬體整合,IND_SEM,半導體與綠能科技,SECONDARY,0.5,0.3333,中科半導體供應鏈IC設計與韌體工程職缺對應資工系所就業途徑。,GCIS_104_EMPIRICAL_ALIGNMENT,v1.0
06131055,智慧聯網產業博士學位學程,1007,逢甲大學,UC_MGMT,企業經營管理,UC_MGMT_PW01,綜合事務與專案支援,IND_PRO_FIN,專業商管與金融服務,PRIMARY,1.0,1.0,通識與人文社會系所轉入行政管理與企業綜合服務領域。,MOE_UCAN_DEFAULT_FALLBACK,v1.0
07111068,化學工程學系,1007,逢甲大學,UC_MGMT,企業經營管理,UC_MGMT_PW01,綜合事務與專案支援,IND_PRO_FIN,專業商管與金融服務,PRIMARY,1.0,1.0,通識與人文社會系所轉入行政管理與企業綜合服務領域。,MOE_UCAN_DEFAULT_FALLBACK,v1.0
07112069,材料科學與工程學系,1007,逢甲大學,UC_MGMT,企業經營管理,UC_MGMT_PW01,綜合事務與專案支援,IND_PRO_FIN,專業商管與金融服務,PRIMARY,1.0,1.0,通識與人文社會系所轉入行政管理與企業綜合服務領域。,MOE_UCAN_DEFAULT_FALLBACK,v1.0
07121075,環境工程與科學學系,1007,逢甲大學,UC_MGMT,企業經營管理,UC_MGMT_PW01,綜合事務與專案支援,IND_PRO_FIN,專業商管與金融服務,PRIMARY,1.0,1.0,通識與人文社會系所轉入行政管理與企業綜合服務領域。,MOE_UCAN_DEFAULT_FALLBACK,v1.0
07122077,水利工程與資源保育學系,1007,逢甲大學,UC_MGMT,企業經營管理,UC_MGMT_PW01,綜合事務與專案支援,IND_PRO_FIN,專業商管與金融服務,PRIMARY,1.0,1.0,通識與人文社會系所轉入行政管理與企業綜合服務領域。,MOE_UCAN_DEFAULT_FALLBACK,v1.0
07132079,綠色能源科技碩士學位學程,1007,逢甲大學,UC_MGMT,企業經營管理,UC_MGMT_PW01,綜合事務與專案支援,IND_PRO_FIN,專業商管與金融服務,PRIMARY,1.0,1.0,通識與人文社會系所轉入行政管理與企業綜合服務領域。,MOE_UCAN_DEFAULT_FALLBACK,v1.0
07141044,電機工程學系,1007,逢甲大學,UC_STEM,科學、科技、工程與數學,UC_STEM_PW01,半導體元件與光電工程,IND_SEM,半導體與綠能科技,PRIMARY,1.0,0.6667,教育部UCAN職涯途徑：半導體晶圓製造與綠能光電工程開發。,MOE_UCAN_OFFICIAL_2024,v1.0
07141044,電機工程學系,1007,逢甲大學,UC_MFG,製造,UC_MFG_PW02,智慧控制系統開發,IND_MFG,智慧製造與精密機械,SECONDARY,0.5,0.3333,工業自動化控制器與智慧伺服馬達驅動電路研發。,MOE_UCAN_OFFICIAL_2024,v1.0
07141045,電機與通訊工程博士學位學程,1007,逢甲大學,UC_MGMT,企業經營管理,UC_MGMT_PW01,綜合事務與專案支援,IND_PRO_FIN,專業商管與金融服務,PRIMARY,1.0,1.0,通識與人文社會系所轉入行政管理與企業綜合服務領域。,MOE_UCAN_DEFAULT_FALLBACK,v1.0
07141046,電子工程學系,1007,逢甲大學,UC_STEM,科學、科技、工程與數學,UC_STEM_PW01,半導體元件與光電工程,IND_SEM,半導體與綠能科技,PRIMARY,1.0,0.6667,教育部UCAN職涯途徑：半導體晶圓製造與綠能光電工程開發。,MOE_UCAN_OFFICIAL_2024,v1.0
07141046,電子工程學系,1007,逢甲大學,UC_MFG,製造,UC_MFG_PW02,智慧控制系統開發,IND_MFG,智慧製造與精密機械,SECONDARY,0.5,0.3333,工業自動化控制器與智慧伺服馬達驅動電路研發。,MOE_UCAN_OFFICIAL_2024,v1.0
07141050,通訊工程學系,1007,逢甲大學,UC_MGMT,企業經營管理,UC_MGMT_PW01,綜合事務與專案支援,IND_PRO_FIN,專業商管與金融服務,PRIMARY,1.0,1.0,通識與人文社會系所轉入行政管理與企業綜合服務領域。,MOE_UCAN_DEFAULT_FALLBACK,v1.0
07141052,自動控制工程學系,1007,逢甲大學,UC_MGMT,企業經營管理,UC_MGMT_PW01,綜合事務與專案支援,IND_PRO_FIN,專業商管與金融服務,PRIMARY,1.0,1.0,通識與人文社會系所轉入行政管理與企業綜合服務領域。,MOE_UCAN_DEFAULT_FALLBACK,v1.0
07141053,資訊電機工程碩士在職學位學程,1007,逢甲大學,UC_STEM,科學、科技、工程與數學,UC_STEM_PW01,半導體元件與光電工程,IND_SEM,半導體與綠能科技,PRIMARY,1.0,0.6667,教育部UCAN職涯途徑：半導體晶圓製造與綠能光電工程開發。,MOE_UCAN_OFFICIAL_2024,v1.0
07141053,資訊電機工程碩士在職學位學程,1007,逢甲大學,UC_MFG,製造,UC_MFG_PW02,智慧控制系統開發,IND_MFG,智慧製造與精密機械,SECONDARY,0.5,0.3333,工業自動化控制器與智慧伺服馬達驅動電路研發。,MOE_UCAN_OFFICIAL_2024,v1.0
07141053,資訊電機工程碩士在職專班,1007,逢甲大學,UC_STEM,科學、科技、工程與數學,UC_STEM_PW01,半導體元件與光電工程,IND_SEM,半導體與綠能科技,PRIMARY,1.0,0.6667,教育部UCAN職涯途徑：半導體晶圓製造與綠能光電工程開發。,MOE_UCAN_OFFICIAL_2024,v1.0
07141053,資訊電機工程碩士在職專班,1007,逢甲大學,UC_MFG,製造,UC_MFG_PW02,智慧控制系統開發,IND_MFG,智慧製造與精密機械,SECONDARY,0.5,0.3333,工業自動化控制器與智慧伺服馬達驅動電路研發。,MOE_UCAN_OFFICIAL_2024,v1.0
07141054,光電能源與視覺科技碩士在職專班,1007,逢甲大學,UC_MGMT,企業經營管理,UC_MGMT_PW01,綜合事務與專案支援,IND_PRO_FIN,專業商管與金融服務,PRIMARY,1.0,1.0,通識與人文社會系所轉入行政管理與企業綜合服務領域。,MOE_UCAN_DEFAULT_FALLBACK,v1.0
07141056,資訊電機學院學士班,1007,逢甲大學,UC_MGMT,企業經營管理,UC_MGMT_PW01,綜合事務與專案支援,IND_PRO_FIN,專業商管與金融服務,PRIMARY,1.0,1.0,通識與人文社會系所轉入行政管理與企業綜合服務領域。,MOE_UCAN_DEFAULT_FALLBACK,v1.0
07141095,美國普渡大學電機資訊雙學士學位學程,1007,逢甲大學,UC_MGMT,企業經營管理,UC_MGMT_PW01,綜合事務與專案支援,IND_PRO_FIN,專業商管與金融服務,PRIMARY,1.0,1.0,通識與人文社會系所轉入行政管理與企業綜合服務領域。,MOE_UCAN_DEFAULT_FALLBACK,v1.0
07141099,視光科技碩士在職學位學程,1007,逢甲大學,UC_MGMT,企業經營管理,UC_MGMT_PW01,綜合事務與專案支援,IND_PRO_FIN,專業商管與金融服務,PRIMARY,1.0,1.0,通識與人文社會系所轉入行政管理與企業綜合服務領域。,MOE_UCAN_DEFAULT_FALLBACK,v1.0
07141101,光電科學與工程學系,1007,逢甲大學,UC_MGMT,企業經營管理,UC_MGMT_PW01,綜合事務與專案支援,IND_PRO_FIN,專業商管與金融服務,PRIMARY,1.0,1.0,通識與人文社會系所轉入行政管理與企業綜合服務領域。,MOE_UCAN_DEFAULT_FALLBACK,v1.0
07141107,美國加州聖荷西州立大學工程雙學士學位學程,1007,逢甲大學,UC_MGMT,企業經營管理,UC_MGMT_PW01,綜合事務與專案支援,IND_PRO_FIN,專業商管與金融服務,PRIMARY,1.0,1.0,通識與人文社會系所轉入行政管理與企業綜合服務領域。,MOE_UCAN_DEFAULT_FALLBACK,v1.0
07141112,資通訊與電控產業碩士專班,1007,逢甲大學,UC_MGMT,企業經營管理,UC_MGMT_PW01,綜合事務與專案支援,IND_PRO_FIN,專業商管與金融服務,PRIMARY,1.0,1.0,通識與人文社會系所轉入行政管理與企業綜合服務領域。,MOE_UCAN_DEFAULT_FALLBACK,v1.0
07151060,機械與航空工程博士學位學程,1007,逢甲大學,UC_MGMT,企業經營管理,UC_MGMT_PW01,綜合事務與專案支援,IND_PRO_FIN,專業商管與金融服務,PRIMARY,1.0,1.0,通識與人文社會系所轉入行政管理與企業綜合服務領域。,MOE_UCAN_DEFAULT_FALLBACK,v1.0
07151061,機械與電腦輔助工程學系,1007,逢甲大學,UC_MGMT,企業經營管理,UC_MGMT_PW01,綜合事務與專案支援,IND_PRO_FIN,專業商管與金融服務,PRIMARY,1.0,1.0,通識與人文社會系所轉入行政管理與企業綜合服務領域。,MOE_UCAN_DEFAULT_FALLBACK,v1.0
07151061,機械與電腦輔助工程學系機械工程碩士在職專班,1007,逢甲大學,UC_MFG,製造,UC_MFG_PW01,機電自動化與機械設計,IND_MFG,智慧製造與精密機械,PRIMARY,1.0,0.6667,教育部UCAN製造學門就業途徑：精密機械與工具機設備研發製造。,MOE_UCAN_OFFICIAL_2024,v1.0
07151061,機械與電腦輔助工程學系機械工程碩士在職專班,1007,逢甲大學,UC_STEM,科學、科技、工程與數學,UC_STEM_PW01,半導體封裝與設備工程,IND_SEM,半導體與綠能科技,SECONDARY,0.5,0.3333,中科園區半導體晶圓廠廠務與設備工程師招募管道。,GCIS_104_EMPIRICAL_ALIGNMENT,v1.0
07151061,機械與電腦輔助工程學系機械工程碩士班,1007,逢甲大學,UC_MFG,製造,UC_MFG_PW01,機電自動化與機械設計,IND_MFG,智慧製造與精密機械,PRIMARY,1.0,0.6667,教育部UCAN製造學門就業途徑：精密機械與工具機設備研發製造。,MOE_UCAN_OFFICIAL_2024,v1.0
07151061,機械與電腦輔助工程學系機械工程碩士班,1007,逢甲大學,UC_STEM,科學、科技、工程與數學,UC_STEM_PW01,半導體封裝與設備工程,IND_SEM,半導體與綠能科技,SECONDARY,0.5,0.3333,中科園區半導體晶圓廠廠務與設備工程師招募管道。,GCIS_104_EMPIRICAL_ALIGNMENT,v1.0
07151062,精密系統設計學士學位學程,1007,逢甲大學,UC_MGMT,企業經營管理,UC_MGMT_PW01,綜合事務與專案支援,IND_PRO_FIN,專業商管與金融服務,PRIMARY,1.0,1.0,通識與人文社會系所轉入行政管理與企業綜合服務領域。,MOE_UCAN_DEFAULT_FALLBACK,v1.0
07151106,創新智慧製造與管理產業碩士專班,1007,逢甲大學,UC_MFG,製造,UC_MFG_PW01,機電自動化與機械設計,IND_MFG,智慧製造與精密機械,PRIMARY,1.0,0.6667,教育部UCAN製造學門就業途徑：精密機械與工具機設備研發製造。,MOE_UCAN_OFFICIAL_2024,v1.0
07151106,創新智慧製造與管理產業碩士專班,1007,逢甲大學,UC_STEM,科學、科技、工程與數學,UC_STEM_PW01,半導體封裝與設備工程,IND_SEM,半導體與綠能科技,SECONDARY,0.5,0.3333,中科園區半導體晶圓廠廠務與設備工程師招募管道。,GCIS_104_EMPIRICAL_ALIGNMENT,v1.0
07162059,航太與系統工程學系,1007,逢甲大學,UC_MGMT,企業經營管理,UC_MGMT_PW01,綜合事務與專案支援,IND_PRO_FIN,專業商管與金融服務,PRIMARY,1.0,1.0,通識與人文社會系所轉入行政管理與企業綜合服務領域。,MOE_UCAN_DEFAULT_FALLBACK,v1.0
07191072,工業工程與系統管理學系,1007,逢甲大學,UC_MFG,製造,UC_MFG_PW01,機電自動化與機械設計,IND_MFG,智慧製造與精密機械,PRIMARY,1.0,0.6667,教育部UCAN製造學門就業途徑：精密機械與工具機設備研發製造。,MOE_UCAN_OFFICIAL_2024,v1.0
07191072,工業工程與系統管理學系,1007,逢甲大學,UC_STEM,科學、科技、工程與數學,UC_STEM_PW01,半導體封裝與設備工程,IND_SEM,半導體與綠能科技,SECONDARY,0.5,0.3333,中科園區半導體晶圓廠廠務與設備工程師招募管道。,GCIS_104_EMPIRICAL_ALIGNMENT,v1.0
07192074,纖維與複合材料學系,1007,逢甲大學,UC_MGMT,企業經營管理,UC_MGMT_PW01,綜合事務與專案支援,IND_PRO_FIN,專業商管與金融服務,PRIMARY,1.0,1.0,通識與人文社會系所轉入行政管理與企業綜合服務領域。,MOE_UCAN_DEFAULT_FALLBACK,v1.0
07193078,生醫資訊暨生醫工程碩士學位學程,1007,逢甲大學,UC_MGMT,企業經營管理,UC_MGMT_PW01,綜合事務與專案支援,IND_PRO_FIN,專業商管與金融服務,PRIMARY,1.0,1.0,通識與人文社會系所轉入行政管理與企業綜合服務領域。,MOE_UCAN_DEFAULT_FALLBACK,v1.0
07199080,電聲碩士學位學程,1007,逢甲大學,UC_MGMT,企業經營管理,UC_MGMT_PW01,綜合事務與專案支援,IND_PRO_FIN,專業商管與金融服務,PRIMARY,1.0,1.0,通識與人文社會系所轉入行政管理與企業綜合服務領域。,MOE_UCAN_DEFAULT_FALLBACK,v1.0
07199098,智能製造與工程管理碩士在職學位學程,1007,逢甲大學,UC_MGMT,企業經營管理,UC_MGMT_PW01,綜合事務與專案支援,IND_PRO_FIN,專業商管與金融服務,PRIMARY,1.0,1.0,通識與人文社會系所轉入行政管理與企業綜合服務領域。,MOE_UCAN_DEFAULT_FALLBACK,v1.0
07311007,室內設計學士學位學程,1007,逢甲大學,UC_MGMT,企業經營管理,UC_MGMT_PW01,綜合事務與專案支援,IND_PRO_FIN,專業商管與金融服務,PRIMARY,1.0,1.0,通識與人文社會系所轉入行政管理與企業綜合服務領域。,MOE_UCAN_DEFAULT_FALLBACK,v1.0
07311081,建築學士學位學程,1007,逢甲大學,UC_MGMT,企業經營管理,UC_MGMT_PW01,綜合事務與專案支援,IND_PRO_FIN,專業商管與金融服務,PRIMARY,1.0,1.0,通識與人文社會系所轉入行政管理與企業綜合服務領域。,MOE_UCAN_DEFAULT_FALLBACK,v1.0
07311081,建築碩士在職學位學程,1007,逢甲大學,UC_MGMT,企業經營管理,UC_MGMT_PW01,綜合事務與專案支援,IND_PRO_FIN,專業商管與金融服務,PRIMARY,1.0,1.0,通識與人文社會系所轉入行政管理與企業綜合服務領域。,MOE_UCAN_DEFAULT_FALLBACK,v1.0
07311081,建築碩士學位學程,1007,逢甲大學,UC_MGMT,企業經營管理,UC_MGMT_PW01,綜合事務與專案支援,IND_PRO_FIN,專業商管與金融服務,PRIMARY,1.0,1.0,通識與人文社會系所轉入行政管理與企業綜合服務領域。,MOE_UCAN_DEFAULT_FALLBACK,v1.0
07311083,建築專業學院學士班,1007,逢甲大學,UC_MGMT,企業經營管理,UC_MGMT_PW01,綜合事務與專案支援,IND_PRO_FIN,專業商管與金融服務,PRIMARY,1.0,1.0,通識與人文社會系所轉入行政管理與企業綜合服務領域。,MOE_UCAN_DEFAULT_FALLBACK,v1.0
07312084,景觀與遊憩碩士學位學程,1007,逢甲大學,UC_MGMT,企業經營管理,UC_MGMT_PW01,綜合事務與專案支援,IND_PRO_FIN,專業商管與金融服務,PRIMARY,1.0,1.0,通識與人文社會系所轉入行政管理與企業綜合服務領域。,MOE_UCAN_DEFAULT_FALLBACK,v1.0
07313087,都市計畫與空間資訊學系,1007,逢甲大學,UC_MGMT,企業經營管理,UC_MGMT_PW01,綜合事務與專案支援,IND_PRO_FIN,專業商管與金融服務,PRIMARY,1.0,1.0,通識與人文社會系所轉入行政管理與企業綜合服務領域。,MOE_UCAN_DEFAULT_FALLBACK,v1.0
07321063,土木工程學系,1007,逢甲大學,UC_MGMT,企業經營管理,UC_MGMT_PW01,綜合事務與專案支援,IND_PRO_FIN,專業商管與金融服務,PRIMARY,1.0,1.0,通識與人文社會系所轉入行政管理與企業綜合服務領域。,MOE_UCAN_DEFAULT_FALLBACK,v1.0
07321063,土木工程學系營建工程與管理進修學士班,1007,逢甲大學,UC_MGMT,企業經營管理,UC_MGMT_PW01,綜合事務與專案支援,IND_PRO_FIN,專業商管與金融服務,PRIMARY,1.0,1.0,通識與人文社會系所轉入行政管理與企業綜合服務領域。,MOE_UCAN_DEFAULT_FALLBACK,v1.0
07321100,土木水利工程與建設規劃博士學位學程,1007,逢甲大學,UC_MGMT,企業經營管理,UC_MGMT_PW01,綜合事務與專案支援,IND_PRO_FIN,專業商管與金融服務,PRIMARY,1.0,1.0,通識與人文社會系所轉入行政管理與企業綜合服務領域。,MOE_UCAN_DEFAULT_FALLBACK,v1.0
07399102,智慧城市國際碩士學位學程,1007,逢甲大學,UC_MGMT,企業經營管理,UC_MGMT_PW01,綜合事務與專案支援,IND_PRO_FIN,專業商管與金融服務,PRIMARY,1.0,1.0,通識與人文社會系所轉入行政管理與企業綜合服務領域。,MOE_UCAN_DEFAULT_FALLBACK,v1.0
10411093,運輸與物流學系,1007,逢甲大學,UC_TRANS,運輸、物流與配銷,UC_TRANS_PW01,國際運籌與供應鏈管理,IND_TRADE_LOG,國際貿易與現代物流,PRIMARY,1.0,0.6667,教育部UCAN途徑：台中港自由貿易港區、海運承攬與跨境電商貿易實務。,MOE_UCAN_OFFICIAL_2024,v1.0
10411093,運輸與物流學系,1007,逢甲大學,UC_FIN,金融保險,UC_FIN_PW02,貿易融資與外匯風險管理,IND_PRO_FIN,專業商管與金融服務,SECONDARY,0.5,0.3333,外銷企業信用狀、外幣避險與跨境金融投資顧問職務。,GCIS_104_EMPIRICAL_ALIGNMENT,v1.0
99999094,全校國際生大一不分系學士班,1007,逢甲大學,UC_MGMT,企業經營管理,UC_MGMT_PW01,綜合事務與專案支援,IND_PRO_FIN,專業商管與金融服務,PRIMARY,1.0,1.0,通識與人文社會系所轉入行政管理與企業綜合服務領域。,MOE_UCAN_DEFAULT_FALLBACK,v1.0
99999108,國際雙學士學位學程,1007,逢甲大學,UC_MGMT,企業經營管理,UC_MGMT_PW01,綜合事務與專案支援,IND_PRO_FIN,專業商管與金融服務,PRIMARY,1.0,1.0,通識與人文社會系所轉入行政管理與企業綜合服務領域。,MOE_UCAN_DEFAULT_FALLBACK,v1.0
01111001,教育研究所,1008,靜宜大學,UC_MGMT,企業經營管理,UC_MGMT_PW01,綜合事務與專案支援,IND_PRO_FIN,專業商管與金融服務,PRIMARY,1.0,1.0,通識與人文社會系所轉入行政管理與企業綜合服務領域。,MOE_UCAN_DEFAULT_FALLBACK,v1.0
02299040,原住民族文化碩士學位學程,1008,靜宜大學,UC_MGMT,企業經營管理,UC_MGMT_PW01,綜合事務與專案支援,IND_PRO_FIN,專業商管與金融服務,PRIMARY,1.0,1.0,通識與人文社會系所轉入行政管理與企業綜合服務領域。,MOE_UCAN_DEFAULT_FALLBACK,v1.0
02311004,英國語文學系,1008,靜宜大學,UC_MGMT,企業經營管理,UC_MGMT_PW01,綜合事務與專案支援,IND_PRO_FIN,專業商管與金融服務,PRIMARY,1.0,1.0,通識與人文社會系所轉入行政管理與企業綜合服務領域。,MOE_UCAN_DEFAULT_FALLBACK,v1.0
02311005,西班牙語文學系,1008,靜宜大學,UC_MGMT,企業經營管理,UC_MGMT_PW01,綜合事務與專案支援,IND_PRO_FIN,專業商管與金融服務,PRIMARY,1.0,1.0,通識與人文社會系所轉入行政管理與企業綜合服務領域。,MOE_UCAN_DEFAULT_FALLBACK,v1.0
02311006,日本語文學系,1008,靜宜大學,UC_MGMT,企業經營管理,UC_MGMT_PW01,綜合事務與專案支援,IND_PRO_FIN,專業商管與金融服務,PRIMARY,1.0,1.0,通識與人文社會系所轉入行政管理與企業綜合服務領域。,MOE_UCAN_DEFAULT_FALLBACK,v1.0
02311007,寰宇外語教育學士學位學程,1008,靜宜大學,UC_MGMT,企業經營管理,UC_MGMT_PW01,綜合事務與專案支援,IND_PRO_FIN,專業商管與金融服務,PRIMARY,1.0,1.0,通識與人文社會系所轉入行政管理與企業綜合服務領域。,MOE_UCAN_DEFAULT_FALLBACK,v1.0
02321002,台灣文學系,1008,靜宜大學,UC_MGMT,企業經營管理,UC_MGMT_PW01,綜合事務與專案支援,IND_PRO_FIN,專業商管與金融服務,PRIMARY,1.0,1.0,通識與人文社會系所轉入行政管理與企業綜合服務領域。,MOE_UCAN_DEFAULT_FALLBACK,v1.0
02322003,中國文學系,1008,靜宜大學,UC_MGMT,企業經營管理,UC_MGMT_PW01,綜合事務與專案支援,IND_PRO_FIN,專業商管與金融服務,PRIMARY,1.0,1.0,通識與人文社會系所轉入行政管理與企業綜合服務領域。,MOE_UCAN_DEFAULT_FALLBACK,v1.0
03141038,犯罪防治碩士學位學程,1008,靜宜大學,UC_MGMT,企業經營管理,UC_MGMT_PW01,綜合事務與專案支援,IND_PRO_FIN,專業商管與金融服務,PRIMARY,1.0,1.0,通識與人文社會系所轉入行政管理與企業綜合服務領域。,MOE_UCAN_DEFAULT_FALLBACK,v1.0
03211008,大眾傳播學系,1008,靜宜大學,UC_MGMT,企業經營管理,UC_MGMT_PW01,綜合事務與專案支援,IND_PRO_FIN,專業商管與金融服務,PRIMARY,1.0,1.0,通識與人文社會系所轉入行政管理與企業綜合服務領域。,MOE_UCAN_DEFAULT_FALLBACK,v1.0
04111011,會計學系,1008,靜宜大學,UC_FIN,金融保險,UC_FIN_PW01,會計審計與專業財務顧問,IND_PRO_FIN,專業商管與金融服務,PRIMARY,1.0,0.6667,教育部UCAN職涯途徑：會計師事務所審計查核、金融機構企業放款與財務分析。,MOE_UCAN_OFFICIAL_2024,v1.0
04111011,會計學系,1008,靜宜大學,UC_TRANS,運輸、物流與配銷,UC_TRANS_PW02,國際貿易成本精算,IND_TRADE_LOG,國際貿易與現代物流,SECONDARY,0.5,0.3333,跨國貿易保險、海關報關與保稅成本核算實證。,GCIS_104_EMPIRICAL_ALIGNMENT,v1.0
04121019,財務金融學系,1008,靜宜大學,UC_FIN,金融保險,UC_FIN_PW01,會計審計與專業財務顧問,IND_PRO_FIN,專業商管與金融服務,PRIMARY,1.0,0.6667,教育部UCAN職涯途徑：會計師事務所審計查核、金融機構企業放款與財務分析。,MOE_UCAN_OFFICIAL_2024,v1.0
04121019,財務金融學系,1008,靜宜大學,UC_TRANS,運輸、物流與配銷,UC_TRANS_PW02,國際貿易成本精算,IND_TRADE_LOG,國際貿易與現代物流,SECONDARY,0.5,0.3333,跨國貿易保險、海關報關與保稅成本核算實證。,GCIS_104_EMPIRICAL_ALIGNMENT,v1.0
04131010,寰宇管理碩士學位學程,1008,靜宜大學,UC_MGMT,企業經營管理,UC_MGMT_PW01,綜合事務與專案支援,IND_PRO_FIN,專業商管與金融服務,PRIMARY,1.0,1.0,通識與人文社會系所轉入行政管理與企業綜合服務領域。,MOE_UCAN_DEFAULT_FALLBACK,v1.0
04131012,企業管理學系,1008,靜宜大學,UC_MGMT,企業經營管理,UC_MGMT_PW01,營運管理與決策分析,IND_PRO_FIN,專業商管與金融服務,PRIMARY,1.0,0.5,企管系核心訓練：企業經營策略與管理顧問職位。,MOE_UCAN_OFFICIAL_2024,v1.0
04131012,企業管理學系,1008,靜宜大學,UC_TRANS,運輸、物流與配銷,UC_TRANS_PW01,供應鏈管理,IND_TRADE_LOG,國際貿易與現代物流,SECONDARY,0.5,0.25,企管系流向：外銷製造業與物流供應鏈協調專員。,MOE_UCAN_OFFICIAL_2024,v1.0
04131012,企業管理學系,1008,靜宜大學,UC_MFG,製造,UC_MFG_PW03,製造業生管與品保,IND_MFG,智慧製造與精密機械,SECONDARY,0.5,0.25,中彰投製造業生管、專案經理與行政管理人才流向。,GCIS_104_EMPIRICAL_ALIGNMENT,v1.0
04131014,管理學院管理碩士在職專班柬埔寨境外專班,1008,靜宜大學,UC_MGMT,企業經營管理,UC_MGMT_PW01,綜合事務與專案支援,IND_PRO_FIN,專業商管與金融服務,PRIMARY,1.0,1.0,通識與人文社會系所轉入行政管理與企業綜合服務領域。,MOE_UCAN_DEFAULT_FALLBACK,v1.0
04131014,管理碩士在職專班,1008,靜宜大學,UC_MGMT,企業經營管理,UC_MGMT_PW01,綜合事務與專案支援,IND_PRO_FIN,專業商管與金融服務,PRIMARY,1.0,1.0,通識與人文社會系所轉入行政管理與企業綜合服務領域。,MOE_UCAN_DEFAULT_FALLBACK,v1.0
04131015,國際企業學系,1008,靜宜大學,UC_TRANS,運輸、物流與配銷,UC_TRANS_PW01,國際運籌與供應鏈管理,IND_TRADE_LOG,國際貿易與現代物流,PRIMARY,1.0,0.6667,教育部UCAN途徑：台中港自由貿易港區、海運承攬與跨境電商貿易實務。,MOE_UCAN_OFFICIAL_2024,v1.0
04131015,國際企業學系,1008,靜宜大學,UC_FIN,金融保險,UC_FIN_PW02,貿易融資與外匯風險管理,IND_PRO_FIN,專業商管與金融服務,SECONDARY,0.5,0.3333,外銷企業信用狀、外幣避險與跨境金融投資顧問職務。,GCIS_104_EMPIRICAL_ALIGNMENT,v1.0
04131018,創新與創業管理碩士學位學程,1008,靜宜大學,UC_MGMT,企業經營管理,UC_MGMT_PW01,綜合事務與專案支援,IND_PRO_FIN,專業商管與金融服務,PRIMARY,1.0,1.0,通識與人文社會系所轉入行政管理與企業綜合服務領域。,MOE_UCAN_DEFAULT_FALLBACK,v1.0
04191010,寰宇管理學士學位學程,1008,靜宜大學,UC_MGMT,企業經營管理,UC_MGMT_PW01,綜合事務與專案支援,IND_PRO_FIN,專業商管與金融服務,PRIMARY,1.0,1.0,通識與人文社會系所轉入行政管理與企業綜合服務領域。,MOE_UCAN_DEFAULT_FALLBACK,v1.0
04211020,法律學士學位學程原住民專班,1008,靜宜大學,UC_MGMT,企業經營管理,UC_MGMT_PW01,綜合事務與專案支援,IND_PRO_FIN,專業商管與金融服務,PRIMARY,1.0,1.0,通識與人文社會系所轉入行政管理與企業綜合服務領域。,MOE_UCAN_DEFAULT_FALLBACK,v1.0
04211020,法律學系,1008,靜宜大學,UC_MGMT,企業經營管理,UC_MGMT_PW01,綜合事務與專案支援,IND_PRO_FIN,專業商管與金融服務,PRIMARY,1.0,1.0,通識與人文社會系所轉入行政管理與企業綜合服務領域。,MOE_UCAN_DEFAULT_FALLBACK,v1.0
05191031,食品營養學系,1008,靜宜大學,UC_MGMT,企業經營管理,UC_MGMT_PW01,綜合事務與專案支援,IND_PRO_FIN,專業商管與金融服務,PRIMARY,1.0,1.0,通識與人文社會系所轉入行政管理與企業綜合服務領域。,MOE_UCAN_DEFAULT_FALLBACK,v1.0
05211021,生態人文學系,1008,靜宜大學,UC_MGMT,企業經營管理,UC_MGMT_PW01,綜合事務與專案支援,IND_PRO_FIN,專業商管與金融服務,PRIMARY,1.0,1.0,通識與人文社會系所轉入行政管理與企業綜合服務領域。,MOE_UCAN_DEFAULT_FALLBACK,v1.0
05311023,應用化學系,1008,靜宜大學,UC_MGMT,企業經營管理,UC_MGMT_PW01,綜合事務與專案支援,IND_PRO_FIN,專業商管與金融服務,PRIMARY,1.0,1.0,通識與人文社會系所轉入行政管理與企業綜合服務領域。,MOE_UCAN_DEFAULT_FALLBACK,v1.0
05499036,財務工程學系,1008,靜宜大學,UC_MGMT,企業經營管理,UC_MGMT_PW01,綜合事務與專案支援,IND_PRO_FIN,專業商管與金融服務,PRIMARY,1.0,1.0,通識與人文社會系所轉入行政管理與企業綜合服務領域。,MOE_UCAN_DEFAULT_FALLBACK,v1.0
05499037,資料科學暨大數據分析與應用學系,1008,靜宜大學,UC_MGMT,企業經營管理,UC_MGMT_PW01,綜合事務與專案支援,IND_PRO_FIN,專業商管與金融服務,PRIMARY,1.0,1.0,通識與人文社會系所轉入行政管理與企業綜合服務領域。,MOE_UCAN_DEFAULT_FALLBACK,v1.0
06131027,資訊管理學系,1008,靜宜大學,UC_MGMT,企業經營管理,UC_MGMT_PW01,綜合事務與專案支援,IND_PRO_FIN,專業商管與金融服務,PRIMARY,1.0,1.0,通識與人文社會系所轉入行政管理與企業綜合服務領域。,MOE_UCAN_DEFAULT_FALLBACK,v1.0
06132009,資訊傳播工程學系,1008,靜宜大學,UC_MGMT,企業經營管理,UC_MGMT_PW01,綜合事務與專案支援,IND_PRO_FIN,專業商管與金融服務,PRIMARY,1.0,1.0,通識與人文社會系所轉入行政管理與企業綜合服務領域。,MOE_UCAN_DEFAULT_FALLBACK,v1.0
06134028,資訊學院資訊應用與科技管理碩士在職專班,1008,靜宜大學,UC_MGMT,企業經營管理,UC_MGMT_PW01,綜合事務與專案支援,IND_PRO_FIN,專業商管與金融服務,PRIMARY,1.0,1.0,通識與人文社會系所轉入行政管理與企業綜合服務領域。,MOE_UCAN_DEFAULT_FALLBACK,v1.0
07141030,資訊工程學系,1008,靜宜大學,UC_IT,資訊科技,UC_IT_PW01,軟體開發與系統整合,IND_ICT,資訊軟體與數位科技,PRIMARY,1.0,0.6667,教育部UCAN職涯就業途徑對照表：資訊工程系所核心能力對應軟體開發與資通訊技術。,MOE_UCAN_OFFICIAL_2024,v1.0
07141030,資訊工程學系,1008,靜宜大學,UC_STEM,科學、科技、工程與數學,UC_STEM_PW02,半導體軟硬體整合,IND_SEM,半導體與綠能科技,SECONDARY,0.5,0.3333,中科半導體供應鏈IC設計與韌體工程職缺對應資工系所就業途徑。,GCIS_104_EMPIRICAL_ALIGNMENT,v1.0
09161035,化粧品科學系,1008,靜宜大學,UC_MGMT,企業經營管理,UC_MGMT_PW01,綜合事務與專案支援,IND_PRO_FIN,專業商管與金融服務,PRIMARY,1.0,1.0,通識與人文社會系所轉入行政管理與企業綜合服務領域。,MOE_UCAN_DEFAULT_FALLBACK,v1.0
09231032,社會工作與兒童少年福利學系,1008,靜宜大學,UC_MGMT,企業經營管理,UC_MGMT_PW01,綜合事務與專案支援,IND_PRO_FIN,專業商管與金融服務,PRIMARY,1.0,1.0,通識與人文社會系所轉入行政管理與企業綜合服務領域。,MOE_UCAN_DEFAULT_FALLBACK,v1.0
09231041,健康照顧社會工作學士學位學程原住民專班,1008,靜宜大學,UC_MGMT,企業經營管理,UC_MGMT_PW01,綜合事務與專案支援,IND_PRO_FIN,專業商管與金融服務,PRIMARY,1.0,1.0,通識與人文社會系所轉入行政管理與企業綜合服務領域。,MOE_UCAN_DEFAULT_FALLBACK,v1.0
09299039,社會企業與文化創意碩士學位學程,1008,靜宜大學,UC_MGMT,企業經營管理,UC_MGMT_PW01,綜合事務與專案支援,IND_PRO_FIN,專業商管與金融服務,PRIMARY,1.0,1.0,通識與人文社會系所轉入行政管理與企業綜合服務領域。,MOE_UCAN_DEFAULT_FALLBACK,v1.0
10151034,觀光事業學系,1008,靜宜大學,UC_TOUR,休閒與觀光旅遊,UC_TOUR_PW01,觀光餐旅與文創展演,IND_TOUR_CULT,數位文創與觀光休閒,PRIMARY,1.0,0.6667,教育部UCAN職涯途徑：數位媒體設計、視覺行銷與文創會展休閒經營。,MOE_UCAN_OFFICIAL_2024,v1.0
10151034,觀光事業學系,1008,靜宜大學,UC_IT,資訊科技,UC_IT_PW02,UI/UX 人機互動設計,IND_ICT,資訊軟體與數位科技,SECONDARY,0.5,0.3333,軟體科技業 UI/UX 視覺設計師與互動前端專長流向。,GCIS_104_EMPIRICAL_ALIGNMENT,v1.0
02112003,視覺傳達設計系,1018,朝陽科技大學,UC_TOUR,休閒與觀光旅遊,UC_TOUR_PW01,觀光餐旅與文創展演,IND_TOUR_CULT,數位文創與觀光休閒,PRIMARY,1.0,0.6667,教育部UCAN職涯途徑：數位媒體設計、視覺行銷與文創會展休閒經營。,MOE_UCAN_OFFICIAL_2024,v1.0
02112003,視覺傳達設計系,1018,朝陽科技大學,UC_IT,資訊科技,UC_IT_PW02,UI/UX 人機互動設計,IND_ICT,資訊軟體與數位科技,SECONDARY,0.5,0.3333,軟體科技業 UI/UX 視覺設計師與互動前端專長流向。,GCIS_104_EMPIRICAL_ALIGNMENT,v1.0
02112003,視覺傳達設計系_香港二技專班,1018,朝陽科技大學,UC_TOUR,休閒與觀光旅遊,UC_TOUR_PW01,觀光餐旅與文創展演,IND_TOUR_CULT,數位文創與觀光休閒,PRIMARY,1.0,0.6667,教育部UCAN職涯途徑：數位媒體設計、視覺行銷與文創會展休閒經營。,MOE_UCAN_OFFICIAL_2024,v1.0
02112003,視覺傳達設計系_香港二技專班,1018,朝陽科技大學,UC_IT,資訊科技,UC_IT_PW02,UI/UX 人機互動設計,IND_ICT,資訊軟體與數位科技,SECONDARY,0.5,0.3333,軟體科技業 UI/UX 視覺設計師與互動前端專長流向。,GCIS_104_EMPIRICAL_ALIGNMENT,v1.0
02122028,建築系建築及都市設計博士班,1018,朝陽科技大學,UC_MGMT,企業經營管理,UC_MGMT_PW01,綜合事務與專案支援,IND_PRO_FIN,專業商管與金融服務,PRIMARY,1.0,1.0,通識與人文社會系所轉入行政管理與企業綜合服務領域。,MOE_UCAN_DEFAULT_FALLBACK,v1.0
02123004,工業設計系,1018,朝陽科技大學,UC_MGMT,企業經營管理,UC_MGMT_PW01,綜合事務與專案支援,IND_PRO_FIN,專業商管與金融服務,PRIMARY,1.0,1.0,通識與人文社會系所轉入行政管理與企業綜合服務領域。,MOE_UCAN_DEFAULT_FALLBACK,v1.0
02123004,工業設計系_香港二技專班,1018,朝陽科技大學,UC_MGMT,企業經營管理,UC_MGMT_PW01,綜合事務與專案支援,IND_PRO_FIN,專業商管與金融服務,PRIMARY,1.0,1.0,通識與人文社會系所轉入行政管理與企業綜合服務領域。,MOE_UCAN_DEFAULT_FALLBACK,v1.0
02311001,應用英語系,1018,朝陽科技大學,UC_MGMT,企業經營管理,UC_MGMT_PW01,綜合事務與專案支援,IND_PRO_FIN,專業商管與金融服務,PRIMARY,1.0,1.0,通識與人文社會系所轉入行政管理與企業綜合服務領域。,MOE_UCAN_DEFAULT_FALLBACK,v1.0
02311001,應用英語系(陸生二技),1018,朝陽科技大學,UC_MGMT,企業經營管理,UC_MGMT_PW01,綜合事務與專案支援,IND_PRO_FIN,專業商管與金融服務,PRIMARY,1.0,1.0,通識與人文社會系所轉入行政管理與企業綜合服務領域。,MOE_UCAN_DEFAULT_FALLBACK,v1.0
03211006,傳播藝術系,1018,朝陽科技大學,UC_MGMT,企業經營管理,UC_MGMT_PW01,綜合事務與專案支援,IND_PRO_FIN,專業商管與金融服務,PRIMARY,1.0,1.0,通識與人文社會系所轉入行政管理與企業綜合服務領域。,MOE_UCAN_DEFAULT_FALLBACK,v1.0
03211006,傳播藝術系_香港二技專班,1018,朝陽科技大學,UC_MGMT,企業經營管理,UC_MGMT_PW01,綜合事務與專案支援,IND_PRO_FIN,專業商管與金融服務,PRIMARY,1.0,1.0,通識與人文社會系所轉入行政管理與企業綜合服務領域。,MOE_UCAN_DEFAULT_FALLBACK,v1.0
04111007,會計系,1018,朝陽科技大學,UC_FIN,金融保險,UC_FIN_PW01,會計審計與專業財務顧問,IND_PRO_FIN,專業商管與金融服務,PRIMARY,1.0,0.6667,教育部UCAN職涯途徑：會計師事務所審計查核、金融機構企業放款與財務分析。,MOE_UCAN_OFFICIAL_2024,v1.0
04111007,會計系,1018,朝陽科技大學,UC_TRANS,運輸、物流與配銷,UC_TRANS_PW02,國際貿易成本精算,IND_TRADE_LOG,國際貿易與現代物流,SECONDARY,0.5,0.3333,跨國貿易保險、海關報關與保稅成本核算實證。,GCIS_104_EMPIRICAL_ALIGNMENT,v1.0
04121010,財務金融系,1018,朝陽科技大學,UC_FIN,金融保險,UC_FIN_PW01,會計審計與專業財務顧問,IND_PRO_FIN,專業商管與金融服務,PRIMARY,1.0,0.6667,教育部UCAN職涯途徑：會計師事務所審計查核、金融機構企業放款與財務分析。,MOE_UCAN_OFFICIAL_2024,v1.0
04121010,財務金融系,1018,朝陽科技大學,UC_TRANS,運輸、物流與配銷,UC_TRANS_PW02,國際貿易成本精算,IND_TRADE_LOG,國際貿易與現代物流,SECONDARY,0.5,0.3333,跨國貿易保險、海關報關與保稅成本核算實證。,GCIS_104_EMPIRICAL_ALIGNMENT,v1.0
04123011,保險金融管理系,1018,朝陽科技大學,UC_MGMT,企業經營管理,UC_MGMT_PW01,綜合事務與專案支援,IND_PRO_FIN,專業商管與金融服務,PRIMARY,1.0,1.0,通識與人文社會系所轉入行政管理與企業綜合服務領域。,MOE_UCAN_DEFAULT_FALLBACK,v1.0
04131008,企業管理系,1018,朝陽科技大學,UC_MGMT,企業經營管理,UC_MGMT_PW01,營運管理與決策分析,IND_PRO_FIN,專業商管與金融服務,PRIMARY,1.0,0.5,企管系核心訓練：企業經營策略與管理顧問職位。,MOE_UCAN_OFFICIAL_2024,v1.0
04131008,企業管理系,1018,朝陽科技大學,UC_TRANS,運輸、物流與配銷,UC_TRANS_PW01,供應鏈管理,IND_TRADE_LOG,國際貿易與現代物流,SECONDARY,0.5,0.25,企管系流向：外銷製造業與物流供應鏈協調專員。,MOE_UCAN_OFFICIAL_2024,v1.0
04131008,企業管理系,1018,朝陽科技大學,UC_MFG,製造,UC_MFG_PW03,製造業生管與品保,IND_MFG,智慧製造與精密機械,SECONDARY,0.5,0.25,中彰投製造業生管、專案經理與行政管理人才流向。,GCIS_104_EMPIRICAL_ALIGNMENT,v1.0
04131008,企業管理系(陸生二技),1018,朝陽科技大學,UC_MGMT,企業經營管理,UC_MGMT_PW01,營運管理與決策分析,IND_PRO_FIN,專業商管與金融服務,PRIMARY,1.0,0.5,企管系核心訓練：企業經營策略與管理顧問職位。,MOE_UCAN_OFFICIAL_2024,v1.0
04131008,企業管理系(陸生二技),1018,朝陽科技大學,UC_TRANS,運輸、物流與配銷,UC_TRANS_PW01,供應鏈管理,IND_TRADE_LOG,國際貿易與現代物流,SECONDARY,0.5,0.25,企管系流向：外銷製造業與物流供應鏈協調專員。,MOE_UCAN_OFFICIAL_2024,v1.0
04131008,企業管理系(陸生二技),1018,朝陽科技大學,UC_MFG,製造,UC_MFG_PW03,製造業生管與品保,IND_MFG,智慧製造與精密機械,SECONDARY,0.5,0.25,中彰投製造業生管、專案經理與行政管理人才流向。,GCIS_104_EMPIRICAL_ALIGNMENT,v1.0
04131008,企業管理系台灣產業策略發展博士班,1018,朝陽科技大學,UC_MGMT,企業經營管理,UC_MGMT_PW01,營運管理與決策分析,IND_PRO_FIN,專業商管與金融服務,PRIMARY,1.0,0.5,企管系核心訓練：企業經營策略與管理顧問職位。,MOE_UCAN_OFFICIAL_2024,v1.0
04131008,企業管理系台灣產業策略發展博士班,1018,朝陽科技大學,UC_TRANS,運輸、物流與配銷,UC_TRANS_PW01,供應鏈管理,IND_TRADE_LOG,國際貿易與現代物流,SECONDARY,0.5,0.25,企管系流向：外銷製造業與物流供應鏈協調專員。,MOE_UCAN_OFFICIAL_2024,v1.0
04131008,企業管理系台灣產業策略發展博士班,1018,朝陽科技大學,UC_MFG,製造,UC_MFG_PW03,製造業生管與品保,IND_MFG,智慧製造與精密機械,SECONDARY,0.5,0.25,中彰投製造業生管、專案經理與行政管理人才流向。,GCIS_104_EMPIRICAL_ALIGNMENT,v1.0
04131008,企業管理系高階產業經營碩士在職專班,1018,朝陽科技大學,UC_MGMT,企業經營管理,UC_MGMT_PW01,營運管理與決策分析,IND_PRO_FIN,專業商管與金融服務,PRIMARY,1.0,0.5,企管系核心訓練：企業經營策略與管理顧問職位。,MOE_UCAN_OFFICIAL_2024,v1.0
04131008,企業管理系高階產業經營碩士在職專班,1018,朝陽科技大學,UC_TRANS,運輸、物流與配銷,UC_TRANS_PW01,供應鏈管理,IND_TRADE_LOG,國際貿易與現代物流,SECONDARY,0.5,0.25,企管系流向：外銷製造業與物流供應鏈協調專員。,MOE_UCAN_OFFICIAL_2024,v1.0
04131008,企業管理系高階產業經營碩士在職專班,1018,朝陽科技大學,UC_MFG,製造,UC_MFG_PW03,製造業生管與品保,IND_MFG,智慧製造與精密機械,SECONDARY,0.5,0.25,中彰投製造業生管、專案經理與行政管理人才流向。,GCIS_104_EMPIRICAL_ALIGNMENT,v1.0
04132012,行銷與流通管理系,1018,朝陽科技大學,UC_TRANS,運輸、物流與配銷,UC_TRANS_PW01,國際運籌與供應鏈管理,IND_TRADE_LOG,國際貿易與現代物流,PRIMARY,1.0,0.6667,教育部UCAN途徑：台中港自由貿易港區、海運承攬與跨境電商貿易實務。,MOE_UCAN_OFFICIAL_2024,v1.0
04132012,行銷與流通管理系,1018,朝陽科技大學,UC_FIN,金融保險,UC_FIN_PW02,貿易融資與外匯風險管理,IND_PRO_FIN,專業商管與金融服務,SECONDARY,0.5,0.3333,外銷企業信用狀、外幣避險與跨境金融投資顧問職務。,GCIS_104_EMPIRICAL_ALIGNMENT,v1.0
04132012,行銷與流通管理系_國際學生產學合作專班,1018,朝陽科技大學,UC_TRANS,運輸、物流與配銷,UC_TRANS_PW01,國際運籌與供應鏈管理,IND_TRADE_LOG,國際貿易與現代物流,PRIMARY,1.0,0.6667,教育部UCAN途徑：台中港自由貿易港區、海運承攬與跨境電商貿易實務。,MOE_UCAN_OFFICIAL_2024,v1.0
04132012,行銷與流通管理系_國際學生產學合作專班,1018,朝陽科技大學,UC_FIN,金融保險,UC_FIN_PW02,貿易融資與外匯風險管理,IND_PRO_FIN,專業商管與金融服務,SECONDARY,0.5,0.3333,外銷企業信用狀、外幣避險與跨境金融投資顧問職務。,GCIS_104_EMPIRICAL_ALIGNMENT,v1.0
04199014,銀髮產業管理系,1018,朝陽科技大學,UC_MGMT,企業經營管理,UC_MGMT_PW01,綜合事務與專案支援,IND_PRO_FIN,專業商管與金融服務,PRIMARY,1.0,1.0,通識與人文社會系所轉入行政管理與企業綜合服務領域。,MOE_UCAN_DEFAULT_FALLBACK,v1.0
05121017,應用化學系生化科技博士班,1018,朝陽科技大學,UC_MGMT,企業經營管理,UC_MGMT_PW01,綜合事務與專案支援,IND_PRO_FIN,專業商管與金融服務,PRIMARY,1.0,1.0,通識與人文社會系所轉入行政管理與企業綜合服務領域。,MOE_UCAN_DEFAULT_FALLBACK,v1.0
05311017,應用化學系,1018,朝陽科技大學,UC_MGMT,企業經營管理,UC_MGMT_PW01,綜合事務與專案支援,IND_PRO_FIN,專業商管與金融服務,PRIMARY,1.0,1.0,通識與人文社會系所轉入行政管理與企業綜合服務領域。,MOE_UCAN_DEFAULT_FALLBACK,v1.0
05311017,應用化學系_國際學生產學合作專班,1018,朝陽科技大學,UC_MGMT,企業經營管理,UC_MGMT_PW01,綜合事務與專案支援,IND_PRO_FIN,專業商管與金融服務,PRIMARY,1.0,1.0,通識與人文社會系所轉入行政管理與企業綜合服務領域。,MOE_UCAN_DEFAULT_FALLBACK,v1.0
05311017,應用化學系生化科技碩士班,1018,朝陽科技大學,UC_MGMT,企業經營管理,UC_MGMT_PW01,綜合事務與專案支援,IND_PRO_FIN,專業商管與金融服務,PRIMARY,1.0,1.0,通識與人文社會系所轉入行政管理與企業綜合服務領域。,MOE_UCAN_DEFAULT_FALLBACK,v1.0
06111023,資訊與通訊系,1018,朝陽科技大學,UC_MGMT,企業經營管理,UC_MGMT_PW01,綜合事務與專案支援,IND_PRO_FIN,專業商管與金融服務,PRIMARY,1.0,1.0,通識與人文社會系所轉入行政管理與企業綜合服務領域。,MOE_UCAN_DEFAULT_FALLBACK,v1.0
06131019,資訊管理系,1018,朝陽科技大學,UC_MGMT,企業經營管理,UC_MGMT_PW01,綜合事務與專案支援,IND_PRO_FIN,專業商管與金融服務,PRIMARY,1.0,1.0,通識與人文社會系所轉入行政管理與企業綜合服務領域。,MOE_UCAN_DEFAULT_FALLBACK,v1.0
07121027,環境工程與管理系,1018,朝陽科技大學,UC_MGMT,企業經營管理,UC_MGMT_PW01,綜合事務與專案支援,IND_PRO_FIN,專業商管與金融服務,PRIMARY,1.0,1.0,通識與人文社會系所轉入行政管理與企業綜合服務領域。,MOE_UCAN_DEFAULT_FALLBACK,v1.0
07121027,環境工程與管理系(陸生二技),1018,朝陽科技大學,UC_MGMT,企業經營管理,UC_MGMT_PW01,綜合事務與專案支援,IND_PRO_FIN,專業商管與金融服務,PRIMARY,1.0,1.0,通識與人文社會系所轉入行政管理與企業綜合服務領域。,MOE_UCAN_DEFAULT_FALLBACK,v1.0
07141020,資訊工程系,1018,朝陽科技大學,UC_IT,資訊科技,UC_IT_PW01,軟體開發與系統整合,IND_ICT,資訊軟體與數位科技,PRIMARY,1.0,0.6667,教育部UCAN職涯就業途徑對照表：資訊工程系所核心能力對應軟體開發與資通訊技術。,MOE_UCAN_OFFICIAL_2024,v1.0
07141020,資訊工程系,1018,朝陽科技大學,UC_STEM,科學、科技、工程與數學,UC_STEM_PW02,半導體軟硬體整合,IND_SEM,半導體與綠能科技,SECONDARY,0.5,0.3333,中科半導體供應鏈IC設計與韌體工程職缺對應資工系所就業途徑。,GCIS_104_EMPIRICAL_ALIGNMENT,v1.0
07141020,資訊工程系(陸生二技),1018,朝陽科技大學,UC_IT,資訊科技,UC_IT_PW01,軟體開發與系統整合,IND_ICT,資訊軟體與數位科技,PRIMARY,1.0,0.6667,教育部UCAN職涯就業途徑對照表：資訊工程系所核心能力對應軟體開發與資通訊技術。,MOE_UCAN_OFFICIAL_2024,v1.0
07141020,資訊工程系(陸生二技),1018,朝陽科技大學,UC_STEM,科學、科技、工程與數學,UC_STEM_PW02,半導體軟硬體整合,IND_SEM,半導體與綠能科技,SECONDARY,0.5,0.3333,中科半導體供應鏈IC設計與韌體工程職缺對應資工系所就業途徑。,GCIS_104_EMPIRICAL_ALIGNMENT,v1.0
07162039,航空機械系,1018,朝陽科技大學,UC_MGMT,企業經營管理,UC_MGMT_PW01,綜合事務與專案支援,IND_PRO_FIN,專業商管與金融服務,PRIMARY,1.0,1.0,通識與人文社會系所轉入行政管理與企業綜合服務領域。,MOE_UCAN_DEFAULT_FALLBACK,v1.0
07191026,工業工程與管理系,1018,朝陽科技大學,UC_MFG,製造,UC_MFG_PW01,機電自動化與機械設計,IND_MFG,智慧製造與精密機械,PRIMARY,1.0,0.6667,教育部UCAN製造學門就業途徑：精密機械與工具機設備研發製造。,MOE_UCAN_OFFICIAL_2024,v1.0
07191026,工業工程與管理系,1018,朝陽科技大學,UC_STEM,科學、科技、工程與數學,UC_STEM_PW01,半導體封裝與設備工程,IND_SEM,半導體與綠能科技,SECONDARY,0.5,0.3333,中科園區半導體晶圓廠廠務與設備工程師招募管道。,GCIS_104_EMPIRICAL_ALIGNMENT,v1.0
07191026,工業工程與管理系_國際學生產學合作專班,1018,朝陽科技大學,UC_MFG,製造,UC_MFG_PW01,機電自動化與機械設計,IND_MFG,智慧製造與精密機械,PRIMARY,1.0,0.6667,教育部UCAN製造學門就業途徑：精密機械與工具機設備研發製造。,MOE_UCAN_OFFICIAL_2024,v1.0
07191026,工業工程與管理系_國際學生產學合作專班,1018,朝陽科技大學,UC_STEM,科學、科技、工程與數學,UC_STEM_PW01,半導體封裝與設備工程,IND_SEM,半導體與綠能科技,SECONDARY,0.5,0.3333,中科園區半導體晶圓廠廠務與設備工程師招募管道。,GCIS_104_EMPIRICAL_ALIGNMENT,v1.0
07311028,建築系,1018,朝陽科技大學,UC_MGMT,企業經營管理,UC_MGMT_PW01,綜合事務與專案支援,IND_PRO_FIN,專業商管與金融服務,PRIMARY,1.0,1.0,通識與人文社會系所轉入行政管理與企業綜合服務領域。,MOE_UCAN_DEFAULT_FALLBACK,v1.0
07311028,建築系(陸生二技),1018,朝陽科技大學,UC_MGMT,企業經營管理,UC_MGMT_PW01,綜合事務與專案支援,IND_PRO_FIN,專業商管與金融服務,PRIMARY,1.0,1.0,通識與人文社會系所轉入行政管理與企業綜合服務領域。,MOE_UCAN_DEFAULT_FALLBACK,v1.0
07311028,建築系建築及都市設計碩士班,1018,朝陽科技大學,UC_MGMT,企業經營管理,UC_MGMT_PW01,綜合事務與專案支援,IND_PRO_FIN,專業商管與金融服務,PRIMARY,1.0,1.0,通識與人文社會系所轉入行政管理與企業綜合服務領域。,MOE_UCAN_DEFAULT_FALLBACK,v1.0
07312031,景觀及都市設計系,1018,朝陽科技大學,UC_MGMT,企業經營管理,UC_MGMT_PW01,綜合事務與專案支援,IND_PRO_FIN,專業商管與金融服務,PRIMARY,1.0,1.0,通識與人文社會系所轉入行政管理與企業綜合服務領域。,MOE_UCAN_DEFAULT_FALLBACK,v1.0
07312031,景觀及都市設計系_香港二技專班,1018,朝陽科技大學,UC_MGMT,企業經營管理,UC_MGMT_PW01,綜合事務與專案支援,IND_PRO_FIN,專業商管與金融服務,PRIMARY,1.0,1.0,通識與人文社會系所轉入行政管理與企業綜合服務領域。,MOE_UCAN_DEFAULT_FALLBACK,v1.0
07321025,營建工程系,1018,朝陽科技大學,UC_MGMT,企業經營管理,UC_MGMT_PW01,綜合事務與專案支援,IND_PRO_FIN,專業商管與金融服務,PRIMARY,1.0,1.0,通識與人文社會系所轉入行政管理與企業綜合服務領域。,MOE_UCAN_DEFAULT_FALLBACK,v1.0
09221035,幼兒保育系,1018,朝陽科技大學,UC_MGMT,企業經營管理,UC_MGMT_PW01,綜合事務與專案支援,IND_PRO_FIN,專業商管與金融服務,PRIMARY,1.0,1.0,通識與人文社會系所轉入行政管理與企業綜合服務領域。,MOE_UCAN_DEFAULT_FALLBACK,v1.0
09221035,幼兒保育系_學士後學位學程教保員專班,1018,朝陽科技大學,UC_MGMT,企業經營管理,UC_MGMT_PW01,綜合事務與專案支援,IND_PRO_FIN,專業商管與金融服務,PRIMARY,1.0,1.0,通識與人文社會系所轉入行政管理與企業綜合服務領域。,MOE_UCAN_DEFAULT_FALLBACK,v1.0
09231034,社會工作系,1018,朝陽科技大學,UC_MGMT,企業經營管理,UC_MGMT_PW01,綜合事務與專案支援,IND_PRO_FIN,專業商管與金融服務,PRIMARY,1.0,1.0,通識與人文社會系所轉入行政管理與企業綜合服務領域。,MOE_UCAN_DEFAULT_FALLBACK,v1.0
10152036,休閒事業管理系,1018,朝陽科技大學,UC_MGMT,企業經營管理,UC_MGMT_PW01,綜合事務與專案支援,IND_PRO_FIN,專業商管與金融服務,PRIMARY,1.0,1.0,通識與人文社會系所轉入行政管理與企業綜合服務領域。,MOE_UCAN_DEFAULT_FALLBACK,v1.0
10152036,休閒事業管理系_國際學生產學合作專班,1018,朝陽科技大學,UC_MGMT,企業經營管理,UC_MGMT_PW01,綜合事務與專案支援,IND_PRO_FIN,專業商管與金融服務,PRIMARY,1.0,1.0,通識與人文社會系所轉入行政管理與企業綜合服務領域。,MOE_UCAN_DEFAULT_FALLBACK,v1.0
10152036,休閒事業管理系_香港二技專班,1018,朝陽科技大學,UC_MGMT,企業經營管理,UC_MGMT_PW01,綜合事務與專案支援,IND_PRO_FIN,專業商管與金融服務,PRIMARY,1.0,1.0,通識與人文社會系所轉入行政管理與企業綜合服務領域。,MOE_UCAN_DEFAULT_FALLBACK,v1.0
02311003,應用外國語言學系,1029,中山醫學大學,UC_MGMT,企業經營管理,UC_MGMT_PW01,綜合事務與專案支援,IND_PRO_FIN,專業商管與金融服務,PRIMARY,1.0,1.0,通識與人文社會系所轉入行政管理與企業綜合服務領域。,MOE_UCAN_DEFAULT_FALLBACK,v1.0
03131004,心理學系,1029,中山醫學大學,UC_MGMT,企業經營管理,UC_MGMT_PW01,綜合事務與專案支援,IND_PRO_FIN,專業商管與金融服務,PRIMARY,1.0,1.0,通識與人文社會系所轉入行政管理與企業綜合服務領域。,MOE_UCAN_DEFAULT_FALLBACK,v1.0
03131004,心理學系臨床心理學碩士班,1029,中山醫學大學,UC_MGMT,企業經營管理,UC_MGMT_PW01,綜合事務與專案支援,IND_PRO_FIN,專業商管與金融服務,PRIMARY,1.0,1.0,通識與人文社會系所轉入行政管理與企業綜合服務領域。,MOE_UCAN_DEFAULT_FALLBACK,v1.0
04133006,醫療產業科技管理學系,1029,中山醫學大學,UC_MGMT,企業經營管理,UC_MGMT_PW01,綜合事務與專案支援,IND_PRO_FIN,專業商管與金融服務,PRIMARY,1.0,1.0,通識與人文社會系所轉入行政管理與企業綜合服務領域。,MOE_UCAN_DEFAULT_FALLBACK,v1.0
05121012,生物醫學科學學系,1029,中山醫學大學,UC_HEALTH,醫療保健,UC_HEALTH_PW01,生醫研發與健康照護,IND_BIOMED,生技醫療與精準健康,PRIMARY,1.0,0.6667,教育部UCAN職涯途徑：臨床醫學、生技製藥檢驗與醫療儀器研發。,MOE_UCAN_OFFICIAL_2024,v1.0
05121012,生物醫學科學學系,1029,中山醫學大學,UC_IT,資訊科技,UC_IT_PW03,智慧醫療資訊系統,IND_ICT,資訊軟體與數位科技,SECONDARY,0.5,0.3333,智慧醫療、穿戴裝置生醫信號處理跨域就業途徑。,MOE_UCAN_OFFICIAL_2024,v1.0
05191026,營養學系,1029,中山醫學大學,UC_MGMT,企業經營管理,UC_MGMT_PW01,綜合事務與專案支援,IND_PRO_FIN,專業商管與金融服務,PRIMARY,1.0,1.0,通識與人文社會系所轉入行政管理與企業綜合服務領域。,MOE_UCAN_DEFAULT_FALLBACK,v1.0
05399015,醫學應用化學系,1029,中山醫學大學,UC_HEALTH,醫療保健,UC_HEALTH_PW01,生醫研發與健康照護,IND_BIOMED,生技醫療與精準健康,PRIMARY,1.0,0.6667,教育部UCAN職涯途徑：臨床醫學、生技製藥檢驗與醫療儀器研發。,MOE_UCAN_OFFICIAL_2024,v1.0
05399015,醫學應用化學系,1029,中山醫學大學,UC_IT,資訊科技,UC_IT_PW03,智慧醫療資訊系統,IND_ICT,資訊軟體與數位科技,SECONDARY,0.5,0.3333,智慧醫療、穿戴裝置生醫信號處理跨域就業途徑。,MOE_UCAN_OFFICIAL_2024,v1.0
06131033,醫學資訊學系,1029,中山醫學大學,UC_HEALTH,醫療保健,UC_HEALTH_PW01,生醫研發與健康照護,IND_BIOMED,生技醫療與精準健康,PRIMARY,1.0,0.6667,教育部UCAN職涯途徑：臨床醫學、生技製藥檢驗與醫療儀器研發。,MOE_UCAN_OFFICIAL_2024,v1.0
06131033,醫學資訊學系,1029,中山醫學大學,UC_IT,資訊科技,UC_IT_PW03,智慧醫療資訊系統,IND_ICT,資訊軟體與數位科技,SECONDARY,0.5,0.3333,智慧醫療、穿戴裝置生醫信號處理跨域就業途徑。,MOE_UCAN_OFFICIAL_2024,v1.0
09111038,牙醫學系,1029,中山醫學大學,UC_HEALTH,醫療保健,UC_HEALTH_PW01,生醫研發與健康照護,IND_BIOMED,生技醫療與精準健康,PRIMARY,1.0,0.6667,教育部UCAN職涯途徑：臨床醫學、生技製藥檢驗與醫療儀器研發。,MOE_UCAN_OFFICIAL_2024,v1.0
09111038,牙醫學系,1029,中山醫學大學,UC_IT,資訊科技,UC_IT_PW03,智慧醫療資訊系統,IND_ICT,資訊軟體與數位科技,SECONDARY,0.5,0.3333,智慧醫療、穿戴裝置生醫信號處理跨域就業途徑。,MOE_UCAN_OFFICIAL_2024,v1.0
09111039,口腔科學研究所,1029,中山醫學大學,UC_MGMT,企業經營管理,UC_MGMT_PW01,綜合事務與專案支援,IND_PRO_FIN,專業商管與金融服務,PRIMARY,1.0,1.0,通識與人文社會系所轉入行政管理與企業綜合服務領域。,MOE_UCAN_DEFAULT_FALLBACK,v1.0
09121018,醫學研究所,1029,中山醫學大學,UC_HEALTH,醫療保健,UC_HEALTH_PW01,生醫研發與健康照護,IND_BIOMED,生技醫療與精準健康,PRIMARY,1.0,0.6667,教育部UCAN職涯途徑：臨床醫學、生技製藥檢驗與醫療儀器研發。,MOE_UCAN_OFFICIAL_2024,v1.0
09121018,醫學研究所,1029,中山醫學大學,UC_IT,資訊科技,UC_IT_PW03,智慧醫療資訊系統,IND_ICT,資訊軟體與數位科技,SECONDARY,0.5,0.3333,智慧醫療、穿戴裝置生醫信號處理跨域就業途徑。,MOE_UCAN_OFFICIAL_2024,v1.0
09121018,醫學系,1029,中山醫學大學,UC_HEALTH,醫療保健,UC_HEALTH_PW01,生醫研發與健康照護,IND_BIOMED,生技醫療與精準健康,PRIMARY,1.0,0.6667,教育部UCAN職涯途徑：臨床醫學、生技製藥檢驗與醫療儀器研發。,MOE_UCAN_OFFICIAL_2024,v1.0
09121018,醫學系,1029,中山醫學大學,UC_IT,資訊科技,UC_IT_PW03,智慧醫療資訊系統,IND_ICT,資訊軟體與數位科技,SECONDARY,0.5,0.3333,智慧醫療、穿戴裝置生醫信號處理跨域就業途徑。,MOE_UCAN_OFFICIAL_2024,v1.0
09121018,醫學系七年制,1029,中山醫學大學,UC_HEALTH,醫療保健,UC_HEALTH_PW01,生醫研發與健康照護,IND_BIOMED,生技醫療與精準健康,PRIMARY,1.0,0.6667,教育部UCAN職涯途徑：臨床醫學、生技製藥檢驗與醫療儀器研發。,MOE_UCAN_OFFICIAL_2024,v1.0
09121018,醫學系七年制,1029,中山醫學大學,UC_IT,資訊科技,UC_IT_PW03,智慧醫療資訊系統,IND_ICT,資訊軟體與數位科技,SECONDARY,0.5,0.3333,智慧醫療、穿戴裝置生醫信號處理跨域就業途徑。,MOE_UCAN_OFFICIAL_2024,v1.0
09131028,護理學系,1029,中山醫學大學,UC_HEALTH,醫療保健,UC_HEALTH_PW01,生醫研發與健康照護,IND_BIOMED,生技醫療與精準健康,PRIMARY,1.0,0.6667,教育部UCAN職涯途徑：臨床醫學、生技製藥檢驗與醫療儀器研發。,MOE_UCAN_OFFICIAL_2024,v1.0
09131028,護理學系,1029,中山醫學大學,UC_IT,資訊科技,UC_IT_PW03,智慧醫療資訊系統,IND_ICT,資訊軟體與數位科技,SECONDARY,0.5,0.3333,智慧醫療、穿戴裝置生醫信號處理跨域就業途徑。,MOE_UCAN_OFFICIAL_2024,v1.0
09131028,護理學系長期照護碩士在職專班,1029,中山醫學大學,UC_HEALTH,醫療保健,UC_HEALTH_PW01,生醫研發與健康照護,IND_BIOMED,生技醫療與精準健康,PRIMARY,1.0,0.6667,教育部UCAN職涯途徑：臨床醫學、生技製藥檢驗與醫療儀器研發。,MOE_UCAN_OFFICIAL_2024,v1.0
09131028,護理學系長期照護碩士在職專班,1029,中山醫學大學,UC_IT,資訊科技,UC_IT_PW03,智慧醫療資訊系統,IND_ICT,資訊軟體與數位科技,SECONDARY,0.5,0.3333,智慧醫療、穿戴裝置生醫信號處理跨域就業途徑。,MOE_UCAN_OFFICIAL_2024,v1.0
09141030,醫學檢驗暨生物技術學系,1029,中山醫學大學,UC_HEALTH,醫療保健,UC_HEALTH_PW01,生醫研發與健康照護,IND_BIOMED,生技醫療與精準健康,PRIMARY,1.0,0.6667,教育部UCAN職涯途徑：臨床醫學、生技製藥檢驗與醫療儀器研發。,MOE_UCAN_OFFICIAL_2024,v1.0
09141030,醫學檢驗暨生物技術學系,1029,中山醫學大學,UC_IT,資訊科技,UC_IT_PW03,智慧醫療資訊系統,IND_ICT,資訊軟體與數位科技,SECONDARY,0.5,0.3333,智慧醫療、穿戴裝置生醫信號處理跨域就業途徑。,MOE_UCAN_OFFICIAL_2024,v1.0
09141030,醫學科技學院醫學檢驗暨生物技術學系澳門境外碩士在職專班,1029,中山醫學大學,UC_HEALTH,醫療保健,UC_HEALTH_PW01,生醫研發與健康照護,IND_BIOMED,生技醫療與精準健康,PRIMARY,1.0,0.6667,教育部UCAN職涯途徑：臨床醫學、生技製藥檢驗與醫療儀器研發。,MOE_UCAN_OFFICIAL_2024,v1.0
09141030,醫學科技學院醫學檢驗暨生物技術學系澳門境外碩士在職專班,1029,中山醫學大學,UC_IT,資訊科技,UC_IT_PW03,智慧醫療資訊系統,IND_ICT,資訊軟體與數位科技,SECONDARY,0.5,0.3333,智慧醫療、穿戴裝置生醫信號處理跨域就業途徑。,MOE_UCAN_OFFICIAL_2024,v1.0
09141031,醫學影像暨放射科學系,1029,中山醫學大學,UC_HEALTH,醫療保健,UC_HEALTH_PW01,生醫研發與健康照護,IND_BIOMED,生技醫療與精準健康,PRIMARY,1.0,0.6667,教育部UCAN職涯途徑：臨床醫學、生技製藥檢驗與醫療儀器研發。,MOE_UCAN_OFFICIAL_2024,v1.0
09141031,醫學影像暨放射科學系,1029,中山醫學大學,UC_IT,資訊科技,UC_IT_PW03,智慧醫療資訊系統,IND_ICT,資訊軟體與數位科技,SECONDARY,0.5,0.3333,智慧醫療、穿戴裝置生醫信號處理跨域就業途徑。,MOE_UCAN_OFFICIAL_2024,v1.0
09141032,視光學系,1029,中山醫學大學,UC_MGMT,企業經營管理,UC_MGMT_PW01,綜合事務與專案支援,IND_PRO_FIN,專業商管與金融服務,PRIMARY,1.0,1.0,通識與人文社會系所轉入行政管理與企業綜合服務領域。,MOE_UCAN_DEFAULT_FALLBACK,v1.0
09151022,物理治療學系,1029,中山醫學大學,UC_HEALTH,醫療保健,UC_HEALTH_PW01,生醫研發與健康照護,IND_BIOMED,生技醫療與精準健康,PRIMARY,1.0,0.6667,教育部UCAN職涯途徑：臨床醫學、生技製藥檢驗與醫療儀器研發。,MOE_UCAN_OFFICIAL_2024,v1.0
09151022,物理治療學系,1029,中山醫學大學,UC_IT,資訊科技,UC_IT_PW03,智慧醫療資訊系統,IND_ICT,資訊軟體與數位科技,SECONDARY,0.5,0.3333,智慧醫療、穿戴裝置生醫信號處理跨域就業途徑。,MOE_UCAN_OFFICIAL_2024,v1.0
09152023,職能治療學系,1029,中山醫學大學,UC_MGMT,企業經營管理,UC_MGMT_PW01,綜合事務與專案支援,IND_PRO_FIN,專業商管與金融服務,PRIMARY,1.0,1.0,通識與人文社會系所轉入行政管理與企業綜合服務領域。,MOE_UCAN_DEFAULT_FALLBACK,v1.0
09153024,語言治療與聽力學系,1029,中山醫學大學,UC_MGMT,企業經營管理,UC_MGMT_PW01,綜合事務與專案支援,IND_PRO_FIN,專業商管與金融服務,PRIMARY,1.0,1.0,通識與人文社會系所轉入行政管理與企業綜合服務領域。,MOE_UCAN_DEFAULT_FALLBACK,v1.0
09191020,公共衛生學系,1029,中山醫學大學,UC_MGMT,企業經營管理,UC_MGMT_PW01,綜合事務與專案支援,IND_PRO_FIN,專業商管與金融服務,PRIMARY,1.0,1.0,通識與人文社會系所轉入行政管理與企業綜合服務領域。,MOE_UCAN_DEFAULT_FALLBACK,v1.0
09199048,健康管理學院國際健康產業經營管理碩士在職專班,1029,中山醫學大學,UC_MGMT,企業經營管理,UC_MGMT_PW01,營運管理與決策分析,IND_PRO_FIN,專業商管與金融服務,PRIMARY,1.0,0.5,企管系核心訓練：企業經營策略與管理顧問職位。,MOE_UCAN_OFFICIAL_2024,v1.0
09199048,健康管理學院國際健康產業經營管理碩士在職專班,1029,中山醫學大學,UC_TRANS,運輸、物流與配銷,UC_TRANS_PW01,供應鏈管理,IND_TRADE_LOG,國際貿易與現代物流,SECONDARY,0.5,0.25,企管系流向：外銷製造業與物流供應鏈協調專員。,MOE_UCAN_OFFICIAL_2024,v1.0
09199048,健康管理學院國際健康產業經營管理碩士在職專班,1029,中山醫學大學,UC_MFG,製造,UC_MFG_PW03,製造業生管與品保,IND_MFG,智慧製造與精密機械,SECONDARY,0.5,0.25,中彰投製造業生管、專案經理與行政管理人才流向。,GCIS_104_EMPIRICAL_ALIGNMENT,v1.0
09231045,醫學社會暨社會工作學系,1029,中山醫學大學,UC_HEALTH,醫療保健,UC_HEALTH_PW01,生醫研發與健康照護,IND_BIOMED,生技醫療與精準健康,PRIMARY,1.0,0.6667,教育部UCAN職涯途徑：臨床醫學、生技製藥檢驗與醫療儀器研發。,MOE_UCAN_OFFICIAL_2024,v1.0
09231045,醫學社會暨社會工作學系,1029,中山醫學大學,UC_IT,資訊科技,UC_IT_PW03,智慧醫療資訊系統,IND_ICT,資訊軟體與數位科技,SECONDARY,0.5,0.3333,智慧醫療、穿戴裝置生醫信號處理跨域就業途徑。,MOE_UCAN_OFFICIAL_2024,v1.0
10131046,健康餐飲暨產業管理學系,1029,中山醫學大學,UC_MGMT,企業經營管理,UC_MGMT_PW01,綜合事務與專案支援,IND_PRO_FIN,專業商管與金融服務,PRIMARY,1.0,1.0,通識與人文社會系所轉入行政管理與企業綜合服務領域。,MOE_UCAN_DEFAULT_FALLBACK,v1.0
10221021,職業安全衛生學系,1029,中山醫學大學,UC_MGMT,企業經營管理,UC_MGMT_PW01,綜合事務與專案支援,IND_PRO_FIN,專業商管與金融服務,PRIMARY,1.0,1.0,通識與人文社會系所轉入行政管理與企業綜合服務領域。,MOE_UCAN_DEFAULT_FALLBACK,v1.0
02122003,文化創意產業系,1034,弘光科技大學,UC_MGMT,企業經營管理,UC_MGMT_PW01,綜合事務與專案支援,IND_PRO_FIN,專業商管與金融服務,PRIMARY,1.0,1.0,通識與人文社會系所轉入行政管理與企業綜合服務領域。,MOE_UCAN_DEFAULT_FALLBACK,v1.0
02311038,國際溝通英語系,1034,弘光科技大學,UC_MGMT,企業經營管理,UC_MGMT_PW01,綜合事務與專案支援,IND_PRO_FIN,專業商管與金融服務,PRIMARY,1.0,1.0,通識與人文社會系所轉入行政管理與企業綜合服務領域。,MOE_UCAN_DEFAULT_FALLBACK,v1.0
04133005,健康事業管理系,1034,弘光科技大學,UC_MGMT,企業經營管理,UC_MGMT_PW01,綜合事務與專案支援,IND_PRO_FIN,專業商管與金融服務,PRIMARY,1.0,1.0,通識與人文社會系所轉入行政管理與企業綜合服務領域。,MOE_UCAN_DEFAULT_FALLBACK,v1.0
05111007,動物保健學士學位學程,1034,弘光科技大學,UC_MGMT,企業經營管理,UC_MGMT_PW01,綜合事務與專案支援,IND_PRO_FIN,專業商管與金融服務,PRIMARY,1.0,1.0,通識與人文社會系所轉入行政管理與企業綜合服務領域。,MOE_UCAN_DEFAULT_FALLBACK,v1.0
05121008,生物科技系,1034,弘光科技大學,UC_HEALTH,醫療保健,UC_HEALTH_PW01,生醫研發與健康照護,IND_BIOMED,生技醫療與精準健康,PRIMARY,1.0,0.6667,教育部UCAN職涯途徑：臨床醫學、生技製藥檢驗與醫療儀器研發。,MOE_UCAN_OFFICIAL_2024,v1.0
05121008,生物科技系,1034,弘光科技大學,UC_IT,資訊科技,UC_IT_PW03,智慧醫療資訊系統,IND_ICT,資訊軟體與數位科技,SECONDARY,0.5,0.3333,智慧醫療、穿戴裝置生醫信號處理跨域就業途徑。,MOE_UCAN_OFFICIAL_2024,v1.0
05191023,營養系,1034,弘光科技大學,UC_MGMT,企業經營管理,UC_MGMT_PW01,綜合事務與專案支援,IND_PRO_FIN,專業商管與金融服務,PRIMARY,1.0,1.0,通識與人文社會系所轉入行政管理與企業綜合服務領域。,MOE_UCAN_DEFAULT_FALLBACK,v1.0
05191024,營養醫學研究所,1034,弘光科技大學,UC_HEALTH,醫療保健,UC_HEALTH_PW01,生醫研發與健康照護,IND_BIOMED,生技醫療與精準健康,PRIMARY,1.0,0.6667,教育部UCAN職涯途徑：臨床醫學、生技製藥檢驗與醫療儀器研發。,MOE_UCAN_OFFICIAL_2024,v1.0
05191024,營養醫學研究所,1034,弘光科技大學,UC_IT,資訊科技,UC_IT_PW03,智慧醫療資訊系統,IND_ICT,資訊軟體與數位科技,SECONDARY,0.5,0.3333,智慧醫療、穿戴裝置生醫信號處理跨域就業途徑。,MOE_UCAN_OFFICIAL_2024,v1.0
06131010,資訊管理系,1034,弘光科技大學,UC_MGMT,企業經營管理,UC_MGMT_PW01,綜合事務與專案支援,IND_PRO_FIN,專業商管與金融服務,PRIMARY,1.0,1.0,通識與人文社會系所轉入行政管理與企業綜合服務領域。,MOE_UCAN_DEFAULT_FALLBACK,v1.0
06131011,資訊工程系,1034,弘光科技大學,UC_IT,資訊科技,UC_IT_PW01,軟體開發與系統整合,IND_ICT,資訊軟體與數位科技,PRIMARY,1.0,0.6667,教育部UCAN職涯就業途徑對照表：資訊工程系所核心能力對應軟體開發與資通訊技術。,MOE_UCAN_OFFICIAL_2024,v1.0
06131011,資訊工程系,1034,弘光科技大學,UC_STEM,科學、科技、工程與數學,UC_STEM_PW02,半導體軟硬體整合,IND_SEM,半導體與綠能科技,SECONDARY,0.5,0.3333,中科半導體供應鏈IC設計與韌體工程職缺對應資工系所就業途徑。,GCIS_104_EMPIRICAL_ALIGNMENT,v1.0
06131011,資訊工程系智慧型輔助科技碩士班,1034,弘光科技大學,UC_IT,資訊科技,UC_IT_PW01,軟體開發與系統整合,IND_ICT,資訊軟體與數位科技,PRIMARY,1.0,0.6667,教育部UCAN職涯就業途徑對照表：資訊工程系所核心能力對應軟體開發與資通訊技術。,MOE_UCAN_OFFICIAL_2024,v1.0
06131011,資訊工程系智慧型輔助科技碩士班,1034,弘光科技大學,UC_STEM,科學、科技、工程與數學,UC_STEM_PW02,半導體軟硬體整合,IND_SEM,半導體與綠能科技,SECONDARY,0.5,0.3333,中科半導體供應鏈IC設計與韌體工程職缺對應資工系所就業途徑。,GCIS_104_EMPIRICAL_ALIGNMENT,v1.0
07121012,環境工程研究所,1034,弘光科技大學,UC_MGMT,企業經營管理,UC_MGMT_PW01,綜合事務與專案支援,IND_PRO_FIN,專業商管與金融服務,PRIMARY,1.0,1.0,通識與人文社會系所轉入行政管理與企業綜合服務領域。,MOE_UCAN_DEFAULT_FALLBACK,v1.0
07121014,環境與安全衛生工程系,1034,弘光科技大學,UC_MGMT,企業經營管理,UC_MGMT_PW01,綜合事務與專案支援,IND_PRO_FIN,專業商管與金融服務,PRIMARY,1.0,1.0,通識與人文社會系所轉入行政管理與企業綜合服務領域。,MOE_UCAN_DEFAULT_FALLBACK,v1.0
07193015,生物醫學工程系,1034,弘光科技大學,UC_HEALTH,醫療保健,UC_HEALTH_PW01,生醫研發與健康照護,IND_BIOMED,生技醫療與精準健康,PRIMARY,1.0,0.6667,教育部UCAN職涯途徑：臨床醫學、生技製藥檢驗與醫療儀器研發。,MOE_UCAN_OFFICIAL_2024,v1.0
07193015,生物醫學工程系,1034,弘光科技大學,UC_IT,資訊科技,UC_IT_PW03,智慧醫療資訊系統,IND_ICT,資訊軟體與數位科技,SECONDARY,0.5,0.3333,智慧醫療、穿戴裝置生醫信號處理跨域就業途徑。,MOE_UCAN_OFFICIAL_2024,v1.0
07211017,食品科技系,1034,弘光科技大學,UC_MGMT,企業經營管理,UC_MGMT_PW01,綜合事務與專案支援,IND_PRO_FIN,專業商管與金融服務,PRIMARY,1.0,1.0,通識與人文社會系所轉入行政管理與企業綜合服務領域。,MOE_UCAN_DEFAULT_FALLBACK,v1.0
09131025,學士後護理系,1034,弘光科技大學,UC_HEALTH,醫療保健,UC_HEALTH_PW01,生醫研發與健康照護,IND_BIOMED,生技醫療與精準健康,PRIMARY,1.0,0.6667,教育部UCAN職涯途徑：臨床醫學、生技製藥檢驗與醫療儀器研發。,MOE_UCAN_OFFICIAL_2024,v1.0
09131025,學士後護理系,1034,弘光科技大學,UC_IT,資訊科技,UC_IT_PW03,智慧醫療資訊系統,IND_ICT,資訊軟體與數位科技,SECONDARY,0.5,0.3333,智慧醫療、穿戴裝置生醫信號處理跨域就業途徑。,MOE_UCAN_OFFICIAL_2024,v1.0
09131025,護理科,1034,弘光科技大學,UC_HEALTH,醫療保健,UC_HEALTH_PW01,生醫研發與健康照護,IND_BIOMED,生技醫療與精準健康,PRIMARY,1.0,0.6667,教育部UCAN職涯途徑：臨床醫學、生技製藥檢驗與醫療儀器研發。,MOE_UCAN_OFFICIAL_2024,v1.0
09131025,護理科,1034,弘光科技大學,UC_IT,資訊科技,UC_IT_PW03,智慧醫療資訊系統,IND_ICT,資訊軟體與數位科技,SECONDARY,0.5,0.3333,智慧醫療、穿戴裝置生醫信號處理跨域就業途徑。,MOE_UCAN_OFFICIAL_2024,v1.0
09131025,護理系,1034,弘光科技大學,UC_HEALTH,醫療保健,UC_HEALTH_PW01,生醫研發與健康照護,IND_BIOMED,生技醫療與精準健康,PRIMARY,1.0,0.6667,教育部UCAN職涯途徑：臨床醫學、生技製藥檢驗與醫療儀器研發。,MOE_UCAN_OFFICIAL_2024,v1.0
09131025,護理系,1034,弘光科技大學,UC_IT,資訊科技,UC_IT_PW03,智慧醫療資訊系統,IND_ICT,資訊軟體與數位科技,SECONDARY,0.5,0.3333,智慧醫療、穿戴裝置生醫信號處理跨域就業途徑。,MOE_UCAN_OFFICIAL_2024,v1.0
09151020,物理治療系,1034,弘光科技大學,UC_HEALTH,醫療保健,UC_HEALTH_PW01,生醫研發與健康照護,IND_BIOMED,生技醫療與精準健康,PRIMARY,1.0,0.6667,教育部UCAN職涯途徑：臨床醫學、生技製藥檢驗與醫療儀器研發。,MOE_UCAN_OFFICIAL_2024,v1.0
09151020,物理治療系,1034,弘光科技大學,UC_IT,資訊科技,UC_IT_PW03,智慧醫療資訊系統,IND_ICT,資訊軟體與數位科技,SECONDARY,0.5,0.3333,智慧醫療、穿戴裝置生醫信號處理跨域就業途徑。,MOE_UCAN_OFFICIAL_2024,v1.0
09153021,語言治療與聽力學系,1034,弘光科技大學,UC_MGMT,企業經營管理,UC_MGMT_PW01,綜合事務與專案支援,IND_PRO_FIN,專業商管與金融服務,PRIMARY,1.0,1.0,通識與人文社會系所轉入行政管理與企業綜合服務領域。,MOE_UCAN_DEFAULT_FALLBACK,v1.0
09211037,老人福利與長期照顧事業系,1034,弘光科技大學,UC_MGMT,企業經營管理,UC_MGMT_PW01,綜合事務與專案支援,IND_PRO_FIN,專業商管與金融服務,PRIMARY,1.0,1.0,通識與人文社會系所轉入行政管理與企業綜合服務領域。,MOE_UCAN_DEFAULT_FALLBACK,v1.0
09221028,幼兒保育系,1034,弘光科技大學,UC_MGMT,企業經營管理,UC_MGMT_PW01,綜合事務與專案支援,IND_PRO_FIN,專業商管與金融服務,PRIMARY,1.0,1.0,通識與人文社會系所轉入行政管理與企業綜合服務領域。,MOE_UCAN_DEFAULT_FALLBACK,v1.0
10121031,化妝品應用科,1034,弘光科技大學,UC_MGMT,企業經營管理,UC_MGMT_PW01,綜合事務與專案支援,IND_PRO_FIN,專業商管與金融服務,PRIMARY,1.0,1.0,通識與人文社會系所轉入行政管理與企業綜合服務領域。,MOE_UCAN_DEFAULT_FALLBACK,v1.0
10121031,化妝品應用系,1034,弘光科技大學,UC_MGMT,企業經營管理,UC_MGMT_PW01,綜合事務與專案支援,IND_PRO_FIN,專業商管與金融服務,PRIMARY,1.0,1.0,通識與人文社會系所轉入行政管理與企業綜合服務領域。,MOE_UCAN_DEFAULT_FALLBACK,v1.0
10121031,化妝品應用系_香港二技專班,1034,弘光科技大學,UC_MGMT,企業經營管理,UC_MGMT_PW01,綜合事務與專案支援,IND_PRO_FIN,專業商管與金融服務,PRIMARY,1.0,1.0,通識與人文社會系所轉入行政管理與企業綜合服務領域。,MOE_UCAN_DEFAULT_FALLBACK,v1.0
10121034,美髮造型設計科,1034,弘光科技大學,UC_MGMT,企業經營管理,UC_MGMT_PW01,綜合事務與專案支援,IND_PRO_FIN,專業商管與金融服務,PRIMARY,1.0,1.0,通識與人文社會系所轉入行政管理與企業綜合服務領域。,MOE_UCAN_DEFAULT_FALLBACK,v1.0
10121034,美髮造型設計系,1034,弘光科技大學,UC_MGMT,企業經營管理,UC_MGMT_PW01,綜合事務與專案支援,IND_PRO_FIN,專業商管與金融服務,PRIMARY,1.0,1.0,通識與人文社會系所轉入行政管理與企業綜合服務領域。,MOE_UCAN_DEFAULT_FALLBACK,v1.0
10131029,餐旅管理系,1034,弘光科技大學,UC_TOUR,休閒與觀光旅遊,UC_TOUR_PW01,觀光餐旅與文創展演,IND_TOUR_CULT,數位文創與觀光休閒,PRIMARY,1.0,0.6667,教育部UCAN職涯途徑：數位媒體設計、視覺行銷與文創會展休閒經營。,MOE_UCAN_OFFICIAL_2024,v1.0
10131029,餐旅管理系,1034,弘光科技大學,UC_IT,資訊科技,UC_IT_PW02,UI/UX 人機互動設計,IND_ICT,資訊軟體與數位科技,SECONDARY,0.5,0.3333,軟體科技業 UI/UX 視覺設計師與互動前端專長流向。,GCIS_104_EMPIRICAL_ALIGNMENT,v1.0
10152030,運動休閒系,1034,弘光科技大學,UC_MGMT,企業經營管理,UC_MGMT_PW01,綜合事務與專案支援,IND_PRO_FIN,專業商管與金融服務,PRIMARY,1.0,1.0,通識與人文社會系所轉入行政管理與企業綜合服務領域。,MOE_UCAN_DEFAULT_FALLBACK,v1.0
10221035,職業安全與防災研究所,1034,弘光科技大學,UC_MGMT,企業經營管理,UC_MGMT_PW01,綜合事務與專案支援,IND_PRO_FIN,專業商管與金融服務,PRIMARY,1.0,1.0,通識與人文社會系所轉入行政管理與企業綜合服務領域。,MOE_UCAN_DEFAULT_FALLBACK,v1.0
04133029,醫務管理學系,1035,中國醫藥大學,UC_MGMT,企業經營管理,UC_MGMT_PW01,綜合事務與專案支援,IND_PRO_FIN,專業商管與金融服務,PRIMARY,1.0,1.0,通識與人文社會系所轉入行政管理與企業綜合服務領域。,MOE_UCAN_DEFAULT_FALLBACK,v1.0
04133058,科技管理碩士學位學程,1035,中國醫藥大學,UC_MGMT,企業經營管理,UC_MGMT_PW01,綜合事務與專案支援,IND_PRO_FIN,專業商管與金融服務,PRIMARY,1.0,1.0,通識與人文社會系所轉入行政管理與企業綜合服務領域。,MOE_UCAN_DEFAULT_FALLBACK,v1.0
04212057,科技法律碩士學位學程,1035,中國醫藥大學,UC_MGMT,企業經營管理,UC_MGMT_PW01,綜合事務與專案支援,IND_PRO_FIN,專業商管與金融服務,PRIMARY,1.0,1.0,通識與人文社會系所轉入行政管理與企業綜合服務領域。,MOE_UCAN_DEFAULT_FALLBACK,v1.0
05121043,生物科技學系,1035,中國醫藥大學,UC_HEALTH,醫療保健,UC_HEALTH_PW01,生醫研發與健康照護,IND_BIOMED,生技醫療與精準健康,PRIMARY,1.0,0.6667,教育部UCAN職涯途徑：臨床醫學、生技製藥檢驗與醫療儀器研發。,MOE_UCAN_OFFICIAL_2024,v1.0
05121043,生物科技學系,1035,中國醫藥大學,UC_IT,資訊科技,UC_IT_PW03,智慧醫療資訊系統,IND_ICT,資訊軟體與數位科技,SECONDARY,0.5,0.3333,智慧醫療、穿戴裝置生醫信號處理跨域就業途徑。,MOE_UCAN_OFFICIAL_2024,v1.0
05121043,生物科技產業博士學位學程,1035,中國醫藥大學,UC_HEALTH,醫療保健,UC_HEALTH_PW01,生醫研發與健康照護,IND_BIOMED,生技醫療與精準健康,PRIMARY,1.0,0.6667,教育部UCAN職涯途徑：臨床醫學、生技製藥檢驗與醫療儀器研發。,MOE_UCAN_OFFICIAL_2024,v1.0
05121043,生物科技產業博士學位學程,1035,中國醫藥大學,UC_IT,資訊科技,UC_IT_PW03,智慧醫療資訊系統,IND_ICT,資訊軟體與數位科技,SECONDARY,0.5,0.3333,智慧醫療、穿戴裝置生醫信號處理跨域就業途徑。,MOE_UCAN_OFFICIAL_2024,v1.0
05191021,營養學系,1035,中國醫藥大學,UC_MGMT,企業經營管理,UC_MGMT_PW01,綜合事務與專案支援,IND_PRO_FIN,專業商管與金融服務,PRIMARY,1.0,1.0,通識與人文社會系所轉入行政管理與企業綜合服務領域。,MOE_UCAN_DEFAULT_FALLBACK,v1.0
06134060,數位健康創新碩士學位學程,1035,中國醫藥大學,UC_MGMT,企業經營管理,UC_MGMT_PW01,綜合事務與專案支援,IND_PRO_FIN,專業商管與金融服務,PRIMARY,1.0,1.0,通識與人文社會系所轉入行政管理與企業綜合服務領域。,MOE_UCAN_DEFAULT_FALLBACK,v1.0
07193031,生物醫學工程碩士學位學程,1035,中國醫藥大學,UC_HEALTH,醫療保健,UC_HEALTH_PW01,生醫研發與健康照護,IND_BIOMED,生技醫療與精準健康,PRIMARY,1.0,0.6667,教育部UCAN職涯途徑：臨床醫學、生技製藥檢驗與醫療儀器研發。,MOE_UCAN_OFFICIAL_2024,v1.0
07193031,生物醫學工程碩士學位學程,1035,中國醫藥大學,UC_IT,資訊科技,UC_IT_PW03,智慧醫療資訊系統,IND_ICT,資訊軟體與數位科技,SECONDARY,0.5,0.3333,智慧醫療、穿戴裝置生醫信號處理跨域就業途徑。,MOE_UCAN_OFFICIAL_2024,v1.0
07193055,醫學工程與復健科技產業博士學位學程,1035,中國醫藥大學,UC_HEALTH,醫療保健,UC_HEALTH_PW01,生醫研發與健康照護,IND_BIOMED,生技醫療與精準健康,PRIMARY,1.0,0.6667,教育部UCAN職涯途徑：臨床醫學、生技製藥檢驗與醫療儀器研發。,MOE_UCAN_OFFICIAL_2024,v1.0
07193055,醫學工程與復健科技產業博士學位學程,1035,中國醫藥大學,UC_IT,資訊科技,UC_IT_PW03,智慧醫療資訊系統,IND_ICT,資訊軟體與數位科技,SECONDARY,0.5,0.3333,智慧醫療、穿戴裝置生醫信號處理跨域就業途徑。,MOE_UCAN_OFFICIAL_2024,v1.0
08411012,中獸醫碩士學位學程,1035,中國醫藥大學,UC_MGMT,企業經營管理,UC_MGMT_PW01,綜合事務與專案支援,IND_PRO_FIN,專業商管與金融服務,PRIMARY,1.0,1.0,通識與人文社會系所轉入行政管理與企業綜合服務領域。,MOE_UCAN_DEFAULT_FALLBACK,v1.0
09111019,牙醫學系,1035,中國醫藥大學,UC_HEALTH,醫療保健,UC_HEALTH_PW01,生醫研發與健康照護,IND_BIOMED,生技醫療與精準健康,PRIMARY,1.0,0.6667,教育部UCAN職涯途徑：臨床醫學、生技製藥檢驗與醫療儀器研發。,MOE_UCAN_OFFICIAL_2024,v1.0
09111019,牙醫學系,1035,中國醫藥大學,UC_IT,資訊科技,UC_IT_PW03,智慧醫療資訊系統,IND_ICT,資訊軟體與數位科技,SECONDARY,0.5,0.3333,智慧醫療、穿戴裝置生醫信號處理跨域就業途徑。,MOE_UCAN_OFFICIAL_2024,v1.0
09111019,牙醫學系口腔醫學產業碩士班,1035,中國醫藥大學,UC_HEALTH,醫療保健,UC_HEALTH_PW01,生醫研發與健康照護,IND_BIOMED,生技醫療與精準健康,PRIMARY,1.0,0.6667,教育部UCAN職涯途徑：臨床醫學、生技製藥檢驗與醫療儀器研發。,MOE_UCAN_OFFICIAL_2024,v1.0
09111019,牙醫學系口腔醫學產業碩士班,1035,中國醫藥大學,UC_IT,資訊科技,UC_IT_PW03,智慧醫療資訊系統,IND_ICT,資訊軟體與數位科技,SECONDARY,0.5,0.3333,智慧醫療、穿戴裝置生醫信號處理跨域就業途徑。,MOE_UCAN_OFFICIAL_2024,v1.0
09111030,口腔衛生學系,1035,中國醫藥大學,UC_MGMT,企業經營管理,UC_MGMT_PW01,綜合事務與專案支援,IND_PRO_FIN,專業商管與金融服務,PRIMARY,1.0,1.0,通識與人文社會系所轉入行政管理與企業綜合服務領域。,MOE_UCAN_DEFAULT_FALLBACK,v1.0
09121003,生物醫學研究所,1035,中國醫藥大學,UC_HEALTH,醫療保健,UC_HEALTH_PW01,生醫研發與健康照護,IND_BIOMED,生技醫療與精準健康,PRIMARY,1.0,0.6667,教育部UCAN職涯途徑：臨床醫學、生技製藥檢驗與醫療儀器研發。,MOE_UCAN_OFFICIAL_2024,v1.0
09121003,生物醫學研究所,1035,中國醫藥大學,UC_IT,資訊科技,UC_IT_PW03,智慧醫療資訊系統,IND_ICT,資訊軟體與數位科技,SECONDARY,0.5,0.3333,智慧醫療、穿戴裝置生醫信號處理跨域就業途徑。,MOE_UCAN_OFFICIAL_2024,v1.0
09121004,臨床醫學研究所,1035,中國醫藥大學,UC_HEALTH,醫療保健,UC_HEALTH_PW01,生醫研發與健康照護,IND_BIOMED,生技醫療與精準健康,PRIMARY,1.0,0.6667,教育部UCAN職涯途徑：臨床醫學、生技製藥檢驗與醫療儀器研發。,MOE_UCAN_OFFICIAL_2024,v1.0
09121004,臨床醫學研究所,1035,中國醫藥大學,UC_IT,資訊科技,UC_IT_PW03,智慧醫療資訊系統,IND_ICT,資訊軟體與數位科技,SECONDARY,0.5,0.3333,智慧醫療、穿戴裝置生醫信號處理跨域就業途徑。,MOE_UCAN_OFFICIAL_2024,v1.0
09121006,基礎醫學研究所,1035,中國醫藥大學,UC_HEALTH,醫療保健,UC_HEALTH_PW01,生醫研發與健康照護,IND_BIOMED,生技醫療與精準健康,PRIMARY,1.0,0.6667,教育部UCAN職涯途徑：臨床醫學、生技製藥檢驗與醫療儀器研發。,MOE_UCAN_OFFICIAL_2024,v1.0
09121006,基礎醫學研究所,1035,中國醫藥大學,UC_IT,資訊科技,UC_IT_PW03,智慧醫療資訊系統,IND_ICT,資訊軟體與數位科技,SECONDARY,0.5,0.3333,智慧醫療、穿戴裝置生醫信號處理跨域就業途徑。,MOE_UCAN_OFFICIAL_2024,v1.0
09121014,中醫學系,1035,中國醫藥大學,UC_HEALTH,醫療保健,UC_HEALTH_PW01,生醫研發與健康照護,IND_BIOMED,生技醫療與精準健康,PRIMARY,1.0,0.6667,教育部UCAN職涯途徑：臨床醫學、生技製藥檢驗與醫療儀器研發。,MOE_UCAN_OFFICIAL_2024,v1.0
09121014,中醫學系,1035,中國醫藥大學,UC_IT,資訊科技,UC_IT_PW03,智慧醫療資訊系統,IND_ICT,資訊軟體與數位科技,SECONDARY,0.5,0.3333,智慧醫療、穿戴裝置生醫信號處理跨域就業途徑。,MOE_UCAN_OFFICIAL_2024,v1.0
09121014,中醫學系八年制,1035,中國醫藥大學,UC_HEALTH,醫療保健,UC_HEALTH_PW01,生醫研發與健康照護,IND_BIOMED,生技醫療與精準健康,PRIMARY,1.0,0.6667,教育部UCAN職涯途徑：臨床醫學、生技製藥檢驗與醫療儀器研發。,MOE_UCAN_OFFICIAL_2024,v1.0
09121014,中醫學系八年制,1035,中國醫藥大學,UC_IT,資訊科技,UC_IT_PW03,智慧醫療資訊系統,IND_ICT,資訊軟體與數位科技,SECONDARY,0.5,0.3333,智慧醫療、穿戴裝置生醫信號處理跨域就業途徑。,MOE_UCAN_OFFICIAL_2024,v1.0
09121014,學士後中醫學系,1035,中國醫藥大學,UC_HEALTH,醫療保健,UC_HEALTH_PW01,生醫研發與健康照護,IND_BIOMED,生技醫療與精準健康,PRIMARY,1.0,0.6667,教育部UCAN職涯途徑：臨床醫學、生技製藥檢驗與醫療儀器研發。,MOE_UCAN_OFFICIAL_2024,v1.0
09121014,學士後中醫學系,1035,中國醫藥大學,UC_IT,資訊科技,UC_IT_PW03,智慧醫療資訊系統,IND_ICT,資訊軟體與數位科技,SECONDARY,0.5,0.3333,智慧醫療、穿戴裝置生醫信號處理跨域就業途徑。,MOE_UCAN_OFFICIAL_2024,v1.0
09121016,醫學系,1035,中國醫藥大學,UC_HEALTH,醫療保健,UC_HEALTH_PW01,生醫研發與健康照護,IND_BIOMED,生技醫療與精準健康,PRIMARY,1.0,0.6667,教育部UCAN職涯途徑：臨床醫學、生技製藥檢驗與醫療儀器研發。,MOE_UCAN_OFFICIAL_2024,v1.0
09121016,醫學系,1035,中國醫藥大學,UC_IT,資訊科技,UC_IT_PW03,智慧醫療資訊系統,IND_ICT,資訊軟體與數位科技,SECONDARY,0.5,0.3333,智慧醫療、穿戴裝置生醫信號處理跨域就業途徑。,MOE_UCAN_OFFICIAL_2024,v1.0
09121016,醫學系七年制,1035,中國醫藥大學,UC_HEALTH,醫療保健,UC_HEALTH_PW01,生醫研發與健康照護,IND_BIOMED,生技醫療與精準健康,PRIMARY,1.0,0.6667,教育部UCAN職涯途徑：臨床醫學、生技製藥檢驗與醫療儀器研發。,MOE_UCAN_OFFICIAL_2024,v1.0
09121016,醫學系七年制,1035,中國醫藥大學,UC_IT,資訊科技,UC_IT_PW03,智慧醫療資訊系統,IND_ICT,資訊軟體與數位科技,SECONDARY,0.5,0.3333,智慧醫療、穿戴裝置生醫信號處理跨域就業途徑。,MOE_UCAN_OFFICIAL_2024,v1.0
09121020,國際生物醫學碩士學位學程,1035,中國醫藥大學,UC_HEALTH,醫療保健,UC_HEALTH_PW01,生醫研發與健康照護,IND_BIOMED,生技醫療與精準健康,PRIMARY,1.0,0.6667,教育部UCAN職涯途徑：臨床醫學、生技製藥檢驗與醫療儀器研發。,MOE_UCAN_OFFICIAL_2024,v1.0
09121020,國際生物醫學碩士學位學程,1035,中國醫藥大學,UC_IT,資訊科技,UC_IT_PW03,智慧醫療資訊系統,IND_ICT,資訊軟體與數位科技,SECONDARY,0.5,0.3333,智慧醫療、穿戴裝置生醫信號處理跨域就業途徑。,MOE_UCAN_OFFICIAL_2024,v1.0
09121023,老化醫學博士學位學程,1035,中國醫藥大學,UC_HEALTH,醫療保健,UC_HEALTH_PW01,生醫研發與健康照護,IND_BIOMED,生技醫療與精準健康,PRIMARY,1.0,0.6667,教育部UCAN職涯途徑：臨床醫學、生技製藥檢驗與醫療儀器研發。,MOE_UCAN_OFFICIAL_2024,v1.0
09121023,老化醫學博士學位學程,1035,中國醫藥大學,UC_IT,資訊科技,UC_IT_PW03,智慧醫療資訊系統,IND_ICT,資訊軟體與數位科技,SECONDARY,0.5,0.3333,智慧醫療、穿戴裝置生醫信號處理跨域就業途徑。,MOE_UCAN_OFFICIAL_2024,v1.0
09121025,轉譯醫學博士學位學程,1035,中國醫藥大學,UC_HEALTH,醫療保健,UC_HEALTH_PW01,生醫研發與健康照護,IND_BIOMED,生技醫療與精準健康,PRIMARY,1.0,0.6667,教育部UCAN職涯途徑：臨床醫學、生技製藥檢驗與醫療儀器研發。,MOE_UCAN_OFFICIAL_2024,v1.0
09121025,轉譯醫學博士學位學程,1035,中國醫藥大學,UC_IT,資訊科技,UC_IT_PW03,智慧醫療資訊系統,IND_ICT,資訊軟體與數位科技,SECONDARY,0.5,0.3333,智慧醫療、穿戴裝置生醫信號處理跨域就業途徑。,MOE_UCAN_OFFICIAL_2024,v1.0
09121046,中西醫結合研究所,1035,中國醫藥大學,UC_MGMT,企業經營管理,UC_MGMT_PW01,綜合事務與專案支援,IND_PRO_FIN,專業商管與金融服務,PRIMARY,1.0,1.0,通識與人文社會系所轉入行政管理與企業綜合服務領域。,MOE_UCAN_DEFAULT_FALLBACK,v1.0
09121049,癌症生物與藥物研發博士學位學程,1035,中國醫藥大學,UC_MGMT,企業經營管理,UC_MGMT_PW01,綜合事務與專案支援,IND_PRO_FIN,專業商管與金融服務,PRIMARY,1.0,1.0,通識與人文社會系所轉入行政管理與企業綜合服務領域。,MOE_UCAN_DEFAULT_FALLBACK,v1.0
09121059,生醫科技產業博士學位學程,1035,中國醫藥大學,UC_MGMT,企業經營管理,UC_MGMT_PW01,綜合事務與專案支援,IND_PRO_FIN,專業商管與金融服務,PRIMARY,1.0,1.0,通識與人文社會系所轉入行政管理與企業綜合服務領域。,MOE_UCAN_DEFAULT_FALLBACK,v1.0
09131024,二年制呼吸治療學系,1035,中國醫藥大學,UC_MGMT,企業經營管理,UC_MGMT_PW01,綜合事務與專案支援,IND_PRO_FIN,專業商管與金融服務,PRIMARY,1.0,1.0,通識與人文社會系所轉入行政管理與企業綜合服務領域。,MOE_UCAN_DEFAULT_FALLBACK,v1.0
09131045,護理學系,1035,中國醫藥大學,UC_HEALTH,醫療保健,UC_HEALTH_PW01,生醫研發與健康照護,IND_BIOMED,生技醫療與精準健康,PRIMARY,1.0,0.6667,教育部UCAN職涯途徑：臨床醫學、生技製藥檢驗與醫療儀器研發。,MOE_UCAN_OFFICIAL_2024,v1.0
09131045,護理學系,1035,中國醫藥大學,UC_IT,資訊科技,UC_IT_PW03,智慧醫療資訊系統,IND_ICT,資訊軟體與數位科技,SECONDARY,0.5,0.3333,智慧醫療、穿戴裝置生醫信號處理跨域就業途徑。,MOE_UCAN_OFFICIAL_2024,v1.0
09141017,醫學檢驗生物技術學系,1035,中國醫藥大學,UC_HEALTH,醫療保健,UC_HEALTH_PW01,生醫研發與健康照護,IND_BIOMED,生技醫療與精準健康,PRIMARY,1.0,0.6667,教育部UCAN職涯途徑：臨床醫學、生技製藥檢驗與醫療儀器研發。,MOE_UCAN_OFFICIAL_2024,v1.0
09141017,醫學檢驗生物技術學系,1035,中國醫藥大學,UC_IT,資訊科技,UC_IT_PW03,智慧醫療資訊系統,IND_ICT,資訊軟體與數位科技,SECONDARY,0.5,0.3333,智慧醫療、穿戴裝置生醫信號處理跨域就業途徑。,MOE_UCAN_OFFICIAL_2024,v1.0
09141032,生物醫學影像暨放射科學學系,1035,中國醫藥大學,UC_HEALTH,醫療保健,UC_HEALTH_PW01,生醫研發與健康照護,IND_BIOMED,生技醫療與精準健康,PRIMARY,1.0,0.6667,教育部UCAN職涯途徑：臨床醫學、生技製藥檢驗與醫療儀器研發。,MOE_UCAN_OFFICIAL_2024,v1.0
09141032,生物醫學影像暨放射科學學系,1035,中國醫藥大學,UC_IT,資訊科技,UC_IT_PW03,智慧醫療資訊系統,IND_ICT,資訊軟體與數位科技,SECONDARY,0.5,0.3333,智慧醫療、穿戴裝置生醫信號處理跨域就業途徑。,MOE_UCAN_OFFICIAL_2024,v1.0
09151010,物理治療學系,1035,中國醫藥大學,UC_HEALTH,醫療保健,UC_HEALTH_PW01,生醫研發與健康照護,IND_BIOMED,生技醫療與精準健康,PRIMARY,1.0,0.6667,教育部UCAN職涯途徑：臨床醫學、生技製藥檢驗與醫療儀器研發。,MOE_UCAN_OFFICIAL_2024,v1.0
09151010,物理治療學系,1035,中國醫藥大學,UC_IT,資訊科技,UC_IT_PW03,智慧醫療資訊系統,IND_ICT,資訊軟體與數位科技,SECONDARY,0.5,0.3333,智慧醫療、穿戴裝置生醫信號處理跨域就業途徑。,MOE_UCAN_OFFICIAL_2024,v1.0
09151010,物理治療學系復健科學碩士班,1035,中國醫藥大學,UC_HEALTH,醫療保健,UC_HEALTH_PW01,生醫研發與健康照護,IND_BIOMED,生技醫療與精準健康,PRIMARY,1.0,0.6667,教育部UCAN職涯途徑：臨床醫學、生技製藥檢驗與醫療儀器研發。,MOE_UCAN_OFFICIAL_2024,v1.0
09151010,物理治療學系復健科學碩士班,1035,中國醫藥大學,UC_IT,資訊科技,UC_IT_PW03,智慧醫療資訊系統,IND_ICT,資訊軟體與數位科技,SECONDARY,0.5,0.3333,智慧醫療、穿戴裝置生醫信號處理跨域就業途徑。,MOE_UCAN_OFFICIAL_2024,v1.0
09159047,運動醫學系,1035,中國醫藥大學,UC_HEALTH,醫療保健,UC_HEALTH_PW01,生醫研發與健康照護,IND_BIOMED,生技醫療與精準健康,PRIMARY,1.0,0.6667,教育部UCAN職涯途徑：臨床醫學、生技製藥檢驗與醫療儀器研發。,MOE_UCAN_OFFICIAL_2024,v1.0
09159047,運動醫學系,1035,中國醫藥大學,UC_IT,資訊科技,UC_IT_PW03,智慧醫療資訊系統,IND_ICT,資訊軟體與數位科技,SECONDARY,0.5,0.3333,智慧醫療、穿戴裝置生醫信號處理跨域就業途徑。,MOE_UCAN_OFFICIAL_2024,v1.0
09161015,新藥開發研究所,1035,中國醫藥大學,UC_MGMT,企業經營管理,UC_MGMT_PW01,綜合事務與專案支援,IND_PRO_FIN,專業商管與金融服務,PRIMARY,1.0,1.0,通識與人文社會系所轉入行政管理與企業綜合服務領域。,MOE_UCAN_DEFAULT_FALLBACK,v1.0
09161034,藥學系,1035,中國醫藥大學,UC_HEALTH,醫療保健,UC_HEALTH_PW01,生醫研發與健康照護,IND_BIOMED,生技醫療與精準健康,PRIMARY,1.0,0.6667,教育部UCAN職涯途徑：臨床醫學、生技製藥檢驗與醫療儀器研發。,MOE_UCAN_OFFICIAL_2024,v1.0
09161034,藥學系,1035,中國醫藥大學,UC_IT,資訊科技,UC_IT_PW03,智慧醫療資訊系統,IND_ICT,資訊軟體與數位科技,SECONDARY,0.5,0.3333,智慧醫療、穿戴裝置生醫信號處理跨域就業途徑。,MOE_UCAN_OFFICIAL_2024,v1.0
09161039,中國藥學暨中藥資源學系,1035,中國醫藥大學,UC_HEALTH,醫療保健,UC_HEALTH_PW01,生醫研發與健康照護,IND_BIOMED,生技醫療與精準健康,PRIMARY,1.0,0.6667,教育部UCAN職涯途徑：臨床醫學、生技製藥檢驗與醫療儀器研發。,MOE_UCAN_OFFICIAL_2024,v1.0
09161039,中國藥學暨中藥資源學系,1035,中國醫藥大學,UC_IT,資訊科技,UC_IT_PW03,智慧醫療資訊系統,IND_ICT,資訊軟體與數位科技,SECONDARY,0.5,0.3333,智慧醫療、穿戴裝置生醫信號處理跨域就業途徑。,MOE_UCAN_OFFICIAL_2024,v1.0
09161042,藥用化妝品學系,1035,中國醫藥大學,UC_MGMT,企業經營管理,UC_MGMT_PW01,綜合事務與專案支援,IND_PRO_FIN,專業商管與金融服務,PRIMARY,1.0,1.0,通識與人文社會系所轉入行政管理與企業綜合服務領域。,MOE_UCAN_DEFAULT_FALLBACK,v1.0
09161050,製藥碩士學位學程,1035,中國醫藥大學,UC_MGMT,企業經營管理,UC_MGMT_PW01,綜合事務與專案支援,IND_PRO_FIN,專業商管與金融服務,PRIMARY,1.0,1.0,通識與人文社會系所轉入行政管理與企業綜合服務領域。,MOE_UCAN_DEFAULT_FALLBACK,v1.0
09161051,生技製藥產業博士學位學程,1035,中國醫藥大學,UC_MGMT,企業經營管理,UC_MGMT_PW01,綜合事務與專案支援,IND_PRO_FIN,專業商管與金融服務,PRIMARY,1.0,1.0,通識與人文社會系所轉入行政管理與企業綜合服務領域。,MOE_UCAN_DEFAULT_FALLBACK,v1.0
09171013,針灸研究所,1035,中國醫藥大學,UC_MGMT,企業經營管理,UC_MGMT_PW01,綜合事務與專案支援,IND_PRO_FIN,專業商管與金融服務,PRIMARY,1.0,1.0,通識與人文社會系所轉入行政管理與企業綜合服務領域。,MOE_UCAN_DEFAULT_FALLBACK,v1.0
09171048,國際針灸碩士學位學程,1035,中國醫藥大學,UC_MGMT,企業經營管理,UC_MGMT_PW01,綜合事務與專案支援,IND_PRO_FIN,專業商管與金融服務,PRIMARY,1.0,1.0,通識與人文社會系所轉入行政管理與企業綜合服務領域。,MOE_UCAN_DEFAULT_FALLBACK,v1.0
09191026,公共衛生學系,1035,中國醫藥大學,UC_MGMT,企業經營管理,UC_MGMT_PW01,綜合事務與專案支援,IND_PRO_FIN,專業商管與金融服務,PRIMARY,1.0,1.0,通識與人文社會系所轉入行政管理與企業綜合服務領域。,MOE_UCAN_DEFAULT_FALLBACK,v1.0
09191056,公共衛生學院大一不分系,1035,中國醫藥大學,UC_MGMT,企業經營管理,UC_MGMT_PW01,綜合事務與專案支援,IND_PRO_FIN,專業商管與金融服務,PRIMARY,1.0,1.0,通識與人文社會系所轉入行政管理與企業綜合服務領域。,MOE_UCAN_DEFAULT_FALLBACK,v1.0
09199045,護理學系跨領域長期照護碩士在職專班,1035,中國醫藥大學,UC_HEALTH,醫療保健,UC_HEALTH_PW01,生醫研發與健康照護,IND_BIOMED,生技醫療與精準健康,PRIMARY,1.0,0.6667,教育部UCAN職涯途徑：臨床醫學、生技製藥檢驗與醫療儀器研發。,MOE_UCAN_OFFICIAL_2024,v1.0
09199045,護理學系跨領域長期照護碩士在職專班,1035,中國醫藥大學,UC_IT,資訊科技,UC_IT_PW03,智慧醫療資訊系統,IND_ICT,資訊軟體與數位科技,SECONDARY,0.5,0.3333,智慧醫療、穿戴裝置生醫信號處理跨域就業途徑。,MOE_UCAN_OFFICIAL_2024,v1.0
09199053,食品暨藥物安全碩士學位學程,1035,中國醫藥大學,UC_MGMT,企業經營管理,UC_MGMT_PW01,綜合事務與專案支援,IND_PRO_FIN,專業商管與金融服務,PRIMARY,1.0,1.0,通識與人文社會系所轉入行政管理與企業綜合服務領域。,MOE_UCAN_DEFAULT_FALLBACK,v1.0
09199054,健康科技產業博士學位學程,1035,中國醫藥大學,UC_MGMT,企業經營管理,UC_MGMT_PW01,綜合事務與專案支援,IND_PRO_FIN,專業商管與金融服務,PRIMARY,1.0,1.0,通識與人文社會系所轉入行政管理與企業綜合服務領域。,MOE_UCAN_DEFAULT_FALLBACK,v1.0
10221038,職業安全與衛生學系,1035,中國醫藥大學,UC_MGMT,企業經營管理,UC_MGMT_PW01,綜合事務與專案支援,IND_PRO_FIN,專業商管與金融服務,PRIMARY,1.0,1.0,通識與人文社會系所轉入行政管理與企業綜合服務領域。,MOE_UCAN_DEFAULT_FALLBACK,v1.0
02112003,視覺傳達設計系,1045,嶺東科技大學,UC_TOUR,休閒與觀光旅遊,UC_TOUR_PW01,觀光餐旅與文創展演,IND_TOUR_CULT,數位文創與觀光休閒,PRIMARY,1.0,0.6667,教育部UCAN職涯途徑：數位媒體設計、視覺行銷與文創會展休閒經營。,MOE_UCAN_OFFICIAL_2024,v1.0
02112003,視覺傳達設計系,1045,嶺東科技大學,UC_IT,資訊科技,UC_IT_PW02,UI/UX 人機互動設計,IND_ICT,資訊軟體與數位科技,SECONDARY,0.5,0.3333,軟體科技業 UI/UX 視覺設計師與互動前端專長流向。,GCIS_104_EMPIRICAL_ALIGNMENT,v1.0
02112005,數位媒體設計系,1045,嶺東科技大學,UC_TOUR,休閒與觀光旅遊,UC_TOUR_PW01,觀光餐旅與文創展演,IND_TOUR_CULT,數位文創與觀光休閒,PRIMARY,1.0,0.6667,教育部UCAN職涯途徑：數位媒體設計、視覺行銷與文創會展休閒經營。,MOE_UCAN_OFFICIAL_2024,v1.0
02112005,數位媒體設計系,1045,嶺東科技大學,UC_IT,資訊科技,UC_IT_PW02,UI/UX 人機互動設計,IND_ICT,資訊軟體與數位科技,SECONDARY,0.5,0.3333,軟體科技業 UI/UX 視覺設計師與互動前端專長流向。,GCIS_104_EMPIRICAL_ALIGNMENT,v1.0
02122002,流行設計系,1045,嶺東科技大學,UC_MGMT,企業經營管理,UC_MGMT_PW01,綜合事務與專案支援,IND_PRO_FIN,專業商管與金融服務,PRIMARY,1.0,1.0,通識與人文社會系所轉入行政管理與企業綜合服務領域。,MOE_UCAN_DEFAULT_FALLBACK,v1.0
02123008,創意產品設計系,1045,嶺東科技大學,UC_TOUR,休閒與觀光旅遊,UC_TOUR_PW01,觀光餐旅與文創展演,IND_TOUR_CULT,數位文創與觀光休閒,PRIMARY,1.0,0.6667,教育部UCAN職涯途徑：數位媒體設計、視覺行銷與文創會展休閒經營。,MOE_UCAN_OFFICIAL_2024,v1.0
02123008,創意產品設計系,1045,嶺東科技大學,UC_IT,資訊科技,UC_IT_PW02,UI/UX 人機互動設計,IND_ICT,資訊軟體與數位科技,SECONDARY,0.5,0.3333,軟體科技業 UI/UX 視覺設計師與互動前端專長流向。,GCIS_104_EMPIRICAL_ALIGNMENT,v1.0
02125039,服飾設計系,1045,嶺東科技大學,UC_MGMT,企業經營管理,UC_MGMT_PW01,綜合事務與專案支援,IND_PRO_FIN,專業商管與金融服務,PRIMARY,1.0,1.0,通識與人文社會系所轉入行政管理與企業綜合服務領域。,MOE_UCAN_DEFAULT_FALLBACK,v1.0
02311001,應用外語系,1045,嶺東科技大學,UC_MGMT,企業經營管理,UC_MGMT_PW01,綜合事務與專案支援,IND_PRO_FIN,專業商管與金融服務,PRIMARY,1.0,1.0,通識與人文社會系所轉入行政管理與企業綜合服務領域。,MOE_UCAN_DEFAULT_FALLBACK,v1.0
04111010,會計資訊系,1045,嶺東科技大學,UC_FIN,金融保險,UC_FIN_PW01,會計審計與專業財務顧問,IND_PRO_FIN,專業商管與金融服務,PRIMARY,1.0,0.6667,教育部UCAN職涯途徑：會計師事務所審計查核、金融機構企業放款與財務分析。,MOE_UCAN_OFFICIAL_2024,v1.0
04111010,會計資訊系,1045,嶺東科技大學,UC_TRANS,運輸、物流與配銷,UC_TRANS_PW02,國際貿易成本精算,IND_TRADE_LOG,國際貿易與現代物流,SECONDARY,0.5,0.3333,跨國貿易保險、海關報關與保稅成本核算實證。,GCIS_104_EMPIRICAL_ALIGNMENT,v1.0
04111010,會計資訊系碩士班,1045,嶺東科技大學,UC_FIN,金融保險,UC_FIN_PW01,會計審計與專業財務顧問,IND_PRO_FIN,專業商管與金融服務,PRIMARY,1.0,0.6667,教育部UCAN職涯途徑：會計師事務所審計查核、金融機構企業放款與財務分析。,MOE_UCAN_OFFICIAL_2024,v1.0
04111010,會計資訊系碩士班,1045,嶺東科技大學,UC_TRANS,運輸、物流與配銷,UC_TRANS_PW02,國際貿易成本精算,IND_TRADE_LOG,國際貿易與現代物流,SECONDARY,0.5,0.3333,跨國貿易保險、海關報關與保稅成本核算實證。,GCIS_104_EMPIRICAL_ALIGNMENT,v1.0
04121017,財務金融系,1045,嶺東科技大學,UC_FIN,金融保險,UC_FIN_PW01,會計審計與專業財務顧問,IND_PRO_FIN,專業商管與金融服務,PRIMARY,1.0,0.6667,教育部UCAN職涯途徑：會計師事務所審計查核、金融機構企業放款與財務分析。,MOE_UCAN_OFFICIAL_2024,v1.0
04121017,財務金融系,1045,嶺東科技大學,UC_TRANS,運輸、物流與配銷,UC_TRANS_PW02,國際貿易成本精算,IND_TRADE_LOG,國際貿易與現代物流,SECONDARY,0.5,0.3333,跨國貿易保險、海關報關與保稅成本核算實證。,GCIS_104_EMPIRICAL_ALIGNMENT,v1.0
04131013,企業管理系,1045,嶺東科技大學,UC_MGMT,企業經營管理,UC_MGMT_PW01,營運管理與決策分析,IND_PRO_FIN,專業商管與金融服務,PRIMARY,1.0,0.5,企管系核心訓練：企業經營策略與管理顧問職位。,MOE_UCAN_OFFICIAL_2024,v1.0
04131013,企業管理系,1045,嶺東科技大學,UC_TRANS,運輸、物流與配銷,UC_TRANS_PW01,供應鏈管理,IND_TRADE_LOG,國際貿易與現代物流,SECONDARY,0.5,0.25,企管系流向：外銷製造業與物流供應鏈協調專員。,MOE_UCAN_OFFICIAL_2024,v1.0
04131013,企業管理系,1045,嶺東科技大學,UC_MFG,製造,UC_MFG_PW03,製造業生管與品保,IND_MFG,智慧製造與精密機械,SECONDARY,0.5,0.25,中彰投製造業生管、專案經理與行政管理人才流向。,GCIS_104_EMPIRICAL_ALIGNMENT,v1.0
04131013,企業管理系_現役軍人營區在職專班,1045,嶺東科技大學,UC_MGMT,企業經營管理,UC_MGMT_PW01,營運管理與決策分析,IND_PRO_FIN,專業商管與金融服務,PRIMARY,1.0,0.5,企管系核心訓練：企業經營策略與管理顧問職位。,MOE_UCAN_OFFICIAL_2024,v1.0
04131013,企業管理系_現役軍人營區在職專班,1045,嶺東科技大學,UC_TRANS,運輸、物流與配銷,UC_TRANS_PW01,供應鏈管理,IND_TRADE_LOG,國際貿易與現代物流,SECONDARY,0.5,0.25,企管系流向：外銷製造業與物流供應鏈協調專員。,MOE_UCAN_OFFICIAL_2024,v1.0
04131013,企業管理系_現役軍人營區在職專班,1045,嶺東科技大學,UC_MFG,製造,UC_MFG_PW03,製造業生管與品保,IND_MFG,智慧製造與精密機械,SECONDARY,0.5,0.25,中彰投製造業生管、專案經理與行政管理人才流向。,GCIS_104_EMPIRICAL_ALIGNMENT,v1.0
04131013,企業管理系高階經營管理碩士在職專班(EMBA),1045,嶺東科技大學,UC_MGMT,企業經營管理,UC_MGMT_PW01,營運管理與決策分析,IND_PRO_FIN,專業商管與金融服務,PRIMARY,1.0,0.5,企管系核心訓練：企業經營策略與管理顧問職位。,MOE_UCAN_OFFICIAL_2024,v1.0
04131013,企業管理系高階經營管理碩士在職專班(EMBA),1045,嶺東科技大學,UC_TRANS,運輸、物流與配銷,UC_TRANS_PW01,供應鏈管理,IND_TRADE_LOG,國際貿易與現代物流,SECONDARY,0.5,0.25,企管系流向：外銷製造業與物流供應鏈協調專員。,MOE_UCAN_OFFICIAL_2024,v1.0
04131013,企業管理系高階經營管理碩士在職專班(EMBA),1045,嶺東科技大學,UC_MFG,製造,UC_MFG_PW03,製造業生管與品保,IND_MFG,智慧製造與精密機械,SECONDARY,0.5,0.25,中彰投製造業生管、專案經理與行政管理人才流向。,GCIS_104_EMPIRICAL_ALIGNMENT,v1.0
04131015,國際企業系,1045,嶺東科技大學,UC_TRANS,運輸、物流與配銷,UC_TRANS_PW01,國際運籌與供應鏈管理,IND_TRADE_LOG,國際貿易與現代物流,PRIMARY,1.0,0.6667,教育部UCAN途徑：台中港自由貿易港區、海運承攬與跨境電商貿易實務。,MOE_UCAN_OFFICIAL_2024,v1.0
04131015,國際企業系,1045,嶺東科技大學,UC_FIN,金融保險,UC_FIN_PW02,貿易融資與外匯風險管理,IND_PRO_FIN,專業商管與金融服務,SECONDARY,0.5,0.3333,外銷企業信用狀、外幣避險與跨境金融投資顧問職務。,GCIS_104_EMPIRICAL_ALIGNMENT,v1.0
04143024,行銷與流通管理系,1045,嶺東科技大學,UC_TRANS,運輸、物流與配銷,UC_TRANS_PW01,國際運籌與供應鏈管理,IND_TRADE_LOG,國際貿易與現代物流,PRIMARY,1.0,0.6667,教育部UCAN途徑：台中港自由貿易港區、海運承攬與跨境電商貿易實務。,MOE_UCAN_OFFICIAL_2024,v1.0
04143024,行銷與流通管理系,1045,嶺東科技大學,UC_FIN,金融保險,UC_FIN_PW02,貿易融資與外匯風險管理,IND_PRO_FIN,專業商管與金融服務,SECONDARY,0.5,0.3333,外銷企業信用狀、外幣避險與跨境金融投資顧問職務。,GCIS_104_EMPIRICAL_ALIGNMENT,v1.0
04199040,時尚經營系,1045,嶺東科技大學,UC_MGMT,企業經營管理,UC_MGMT_PW01,綜合事務與專案支援,IND_PRO_FIN,專業商管與金融服務,PRIMARY,1.0,1.0,通識與人文社會系所轉入行政管理與企業綜合服務領域。,MOE_UCAN_DEFAULT_FALLBACK,v1.0
04212029,財經法律研究所,1045,嶺東科技大學,UC_MGMT,企業經營管理,UC_MGMT_PW01,綜合事務與專案支援,IND_PRO_FIN,專業商管與金融服務,PRIMARY,1.0,1.0,通識與人文社會系所轉入行政管理與企業綜合服務領域。,MOE_UCAN_DEFAULT_FALLBACK,v1.0
06121031,資訊管理系,1045,嶺東科技大學,UC_MGMT,企業經營管理,UC_MGMT_PW01,綜合事務與專案支援,IND_PRO_FIN,專業商管與金融服務,PRIMARY,1.0,1.0,通識與人文社會系所轉入行政管理與企業綜合服務領域。,MOE_UCAN_DEFAULT_FALLBACK,v1.0
06131030,資訊科技系,1045,嶺東科技大學,UC_IT,資訊科技,UC_IT_PW01,軟體開發與系統整合,IND_ICT,資訊軟體與數位科技,PRIMARY,1.0,0.6667,教育部UCAN職涯就業途徑對照表：資訊工程系所核心能力對應軟體開發與資通訊技術。,MOE_UCAN_OFFICIAL_2024,v1.0
06131030,資訊科技系,1045,嶺東科技大學,UC_STEM,科學、科技、工程與數學,UC_STEM_PW02,半導體軟硬體整合,IND_SEM,半導體與綠能科技,SECONDARY,0.5,0.3333,中科半導體供應鏈IC設計與韌體工程職缺對應資工系所就業途徑。,GCIS_104_EMPIRICAL_ALIGNMENT,v1.0
10151036,觀光與休閒管理系,1045,嶺東科技大學,UC_TOUR,休閒與觀光旅遊,UC_TOUR_PW01,觀光餐旅與文創展演,IND_TOUR_CULT,數位文創與觀光休閒,PRIMARY,1.0,0.6667,教育部UCAN職涯途徑：數位媒體設計、視覺行銷與文創會展休閒經營。,MOE_UCAN_OFFICIAL_2024,v1.0
10151036,觀光與休閒管理系,1045,嶺東科技大學,UC_IT,資訊科技,UC_IT_PW02,UI/UX 人機互動設計,IND_ICT,資訊軟體與數位科技,SECONDARY,0.5,0.3333,軟體科技業 UI/UX 視覺設計師與互動前端專長流向。,GCIS_104_EMPIRICAL_ALIGNMENT,v1.0
01111009,文教事業經營研究所,1047,中臺科技大學,UC_MGMT,企業經營管理,UC_MGMT_PW01,營運管理與決策分析,IND_PRO_FIN,專業商管與金融服務,PRIMARY,1.0,0.5,企管系核心訓練：企業經營策略與管理顧問職位。,MOE_UCAN_OFFICIAL_2024,v1.0
01111009,文教事業經營研究所,1047,中臺科技大學,UC_TRANS,運輸、物流與配銷,UC_TRANS_PW01,供應鏈管理,IND_TRADE_LOG,國際貿易與現代物流,SECONDARY,0.5,0.25,企管系流向：外銷製造業與物流供應鏈協調專員。,MOE_UCAN_OFFICIAL_2024,v1.0
01111009,文教事業經營研究所,1047,中臺科技大學,UC_MFG,製造,UC_MFG_PW03,製造業生管與品保,IND_MFG,智慧製造與精密機械,SECONDARY,0.5,0.25,中彰投製造業生管、專案經理與行政管理人才流向。,GCIS_104_EMPIRICAL_ALIGNMENT,v1.0
01121001,兒童教育暨事業經營系,1047,中臺科技大學,UC_MGMT,企業經營管理,UC_MGMT_PW01,營運管理與決策分析,IND_PRO_FIN,專業商管與金融服務,PRIMARY,1.0,0.5,企管系核心訓練：企業經營策略與管理顧問職位。,MOE_UCAN_OFFICIAL_2024,v1.0
01121001,兒童教育暨事業經營系,1047,中臺科技大學,UC_TRANS,運輸、物流與配銷,UC_TRANS_PW01,供應鏈管理,IND_TRADE_LOG,國際貿易與現代物流,SECONDARY,0.5,0.25,企管系流向：外銷製造業與物流供應鏈協調專員。,MOE_UCAN_OFFICIAL_2024,v1.0
01121001,兒童教育暨事業經營系,1047,中臺科技大學,UC_MFG,製造,UC_MFG_PW03,製造業生管與品保,IND_MFG,智慧製造與精密機械,SECONDARY,0.5,0.25,中彰投製造業生管、專案經理與行政管理人才流向。,GCIS_104_EMPIRICAL_ALIGNMENT,v1.0
02311002,應用外語系,1047,中臺科技大學,UC_MGMT,企業經營管理,UC_MGMT_PW01,綜合事務與專案支援,IND_PRO_FIN,專業商管與金融服務,PRIMARY,1.0,1.0,通識與人文社會系所轉入行政管理與企業綜合服務領域。,MOE_UCAN_DEFAULT_FALLBACK,v1.0
04131003,國際企業系,1047,中臺科技大學,UC_TRANS,運輸、物流與配銷,UC_TRANS_PW01,國際運籌與供應鏈管理,IND_TRADE_LOG,國際貿易與現代物流,PRIMARY,1.0,0.6667,教育部UCAN途徑：台中港自由貿易港區、海運承攬與跨境電商貿易實務。,MOE_UCAN_OFFICIAL_2024,v1.0
04131003,國際企業系,1047,中臺科技大學,UC_FIN,金融保險,UC_FIN_PW02,貿易融資與外匯風險管理,IND_PRO_FIN,專業商管與金融服務,SECONDARY,0.5,0.3333,外銷企業信用狀、外幣避險與跨境金融投資顧問職務。,GCIS_104_EMPIRICAL_ALIGNMENT,v1.0
04133008,醫療暨健康產業管理系,1047,中臺科技大學,UC_HEALTH,醫療保健,UC_HEALTH_PW01,生醫研發與健康照護,IND_BIOMED,生技醫療與精準健康,PRIMARY,1.0,0.6667,教育部UCAN職涯途徑：臨床醫學、生技製藥檢驗與醫療儀器研發。,MOE_UCAN_OFFICIAL_2024,v1.0
04133008,醫療暨健康產業管理系,1047,中臺科技大學,UC_IT,資訊科技,UC_IT_PW03,智慧醫療資訊系統,IND_ICT,資訊軟體與數位科技,SECONDARY,0.5,0.3333,智慧醫療、穿戴裝置生醫信號處理跨域就業途徑。,MOE_UCAN_OFFICIAL_2024,v1.0
04143004,行銷管理系,1047,中臺科技大學,UC_MGMT,企業經營管理,UC_MGMT_PW01,綜合事務與專案支援,IND_PRO_FIN,專業商管與金融服務,PRIMARY,1.0,1.0,通識與人文社會系所轉入行政管理與企業綜合服務領域。,MOE_UCAN_DEFAULT_FALLBACK,v1.0
06131012,資訊管理系,1047,中臺科技大學,UC_MGMT,企業經營管理,UC_MGMT_PW01,綜合事務與專案支援,IND_PRO_FIN,專業商管與金融服務,PRIMARY,1.0,1.0,通識與人文社會系所轉入行政管理與企業綜合服務領域。,MOE_UCAN_DEFAULT_FALLBACK,v1.0
06131037,人工智慧健康管理系,1047,中臺科技大學,UC_IT,資訊科技,UC_IT_PW01,軟體開發與系統整合,IND_ICT,資訊軟體與數位科技,PRIMARY,1.0,0.6667,教育部UCAN職涯就業途徑對照表：資訊工程系所核心能力對應軟體開發與資通訊技術。,MOE_UCAN_OFFICIAL_2024,v1.0
06131037,人工智慧健康管理系,1047,中臺科技大學,UC_STEM,科學、科技、工程與數學,UC_STEM_PW02,半導體軟硬體整合,IND_SEM,半導體與綠能科技,SECONDARY,0.5,0.3333,中科半導體供應鏈IC設計與韌體工程職缺對應資工系所就業途徑。,GCIS_104_EMPIRICAL_ALIGNMENT,v1.0
07121013,環境與安全衛生工程系,1047,中臺科技大學,UC_MGMT,企業經營管理,UC_MGMT_PW01,綜合事務與專案支援,IND_PRO_FIN,專業商管與金融服務,PRIMARY,1.0,1.0,通識與人文社會系所轉入行政管理與企業綜合服務領域。,MOE_UCAN_DEFAULT_FALLBACK,v1.0
07193014,生物科技暨醫學工程研究所,1047,中臺科技大學,UC_HEALTH,醫療保健,UC_HEALTH_PW01,生醫研發與健康照護,IND_BIOMED,生技醫療與精準健康,PRIMARY,1.0,0.6667,教育部UCAN職涯途徑：臨床醫學、生技製藥檢驗與醫療儀器研發。,MOE_UCAN_OFFICIAL_2024,v1.0
07193014,生物科技暨醫學工程研究所,1047,中臺科技大學,UC_IT,資訊科技,UC_IT_PW03,智慧醫療資訊系統,IND_ICT,資訊軟體與數位科技,SECONDARY,0.5,0.3333,智慧醫療、穿戴裝置生醫信號處理跨域就業途徑。,MOE_UCAN_OFFICIAL_2024,v1.0
07211017,食品科技系,1047,中臺科技大學,UC_MGMT,企業經營管理,UC_MGMT_PW01,綜合事務與專案支援,IND_PRO_FIN,專業商管與金融服務,PRIMARY,1.0,1.0,通識與人文社會系所轉入行政管理與企業綜合服務領域。,MOE_UCAN_DEFAULT_FALLBACK,v1.0
09111033,牙體技術暨材料系,1047,中臺科技大學,UC_MGMT,企業經營管理,UC_MGMT_PW01,綜合事務與專案支援,IND_PRO_FIN,專業商管與金融服務,PRIMARY,1.0,1.0,通識與人文社會系所轉入行政管理與企業綜合服務領域。,MOE_UCAN_DEFAULT_FALLBACK,v1.0
09131020,護理系,1047,中臺科技大學,UC_HEALTH,醫療保健,UC_HEALTH_PW01,生醫研發與健康照護,IND_BIOMED,生技醫療與精準健康,PRIMARY,1.0,0.6667,教育部UCAN職涯途徑：臨床醫學、生技製藥檢驗與醫療儀器研發。,MOE_UCAN_OFFICIAL_2024,v1.0
09131020,護理系,1047,中臺科技大學,UC_IT,資訊科技,UC_IT_PW03,智慧醫療資訊系統,IND_ICT,資訊軟體與數位科技,SECONDARY,0.5,0.3333,智慧醫療、穿戴裝置生醫信號處理跨域就業途徑。,MOE_UCAN_OFFICIAL_2024,v1.0
09141028,醫學檢驗生物技術系,1047,中臺科技大學,UC_HEALTH,醫療保健,UC_HEALTH_PW01,生醫研發與健康照護,IND_BIOMED,生技醫療與精準健康,PRIMARY,1.0,0.6667,教育部UCAN職涯途徑：臨床醫學、生技製藥檢驗與醫療儀器研發。,MOE_UCAN_OFFICIAL_2024,v1.0
09141028,醫學檢驗生物技術系,1047,中臺科技大學,UC_IT,資訊科技,UC_IT_PW03,智慧醫療資訊系統,IND_ICT,資訊軟體與數位科技,SECONDARY,0.5,0.3333,智慧醫療、穿戴裝置生醫信號處理跨域就業途徑。,MOE_UCAN_OFFICIAL_2024,v1.0
09141029,醫學影像暨放射科學系,1047,中臺科技大學,UC_HEALTH,醫療保健,UC_HEALTH_PW01,生醫研發與健康照護,IND_BIOMED,生技醫療與精準健康,PRIMARY,1.0,0.6667,教育部UCAN職涯途徑：臨床醫學、生技製藥檢驗與醫療儀器研發。,MOE_UCAN_OFFICIAL_2024,v1.0
09141029,醫學影像暨放射科學系,1047,中臺科技大學,UC_IT,資訊科技,UC_IT_PW03,智慧醫療資訊系統,IND_ICT,資訊軟體與數位科技,SECONDARY,0.5,0.3333,智慧醫療、穿戴裝置生醫信號處理跨域就業途徑。,MOE_UCAN_OFFICIAL_2024,v1.0
09141030,視光系,1047,中臺科技大學,UC_MGMT,企業經營管理,UC_MGMT_PW01,綜合事務與專案支援,IND_PRO_FIN,專業商管與金融服務,PRIMARY,1.0,1.0,通識與人文社會系所轉入行政管理與企業綜合服務領域。,MOE_UCAN_DEFAULT_FALLBACK,v1.0
09211034,老人照顧科,1047,中臺科技大學,UC_MGMT,企業經營管理,UC_MGMT_PW01,綜合事務與專案支援,IND_PRO_FIN,專業商管與金融服務,PRIMARY,1.0,1.0,通識與人文社會系所轉入行政管理與企業綜合服務領域。,MOE_UCAN_DEFAULT_FALLBACK,v1.0
09211034,老人照顧系,1047,中臺科技大學,UC_MGMT,企業經營管理,UC_MGMT_PW01,綜合事務與專案支援,IND_PRO_FIN,專業商管與金融服務,PRIMARY,1.0,1.0,通識與人文社會系所轉入行政管理與企業綜合服務領域。,MOE_UCAN_DEFAULT_FALLBACK,v1.0
09212024,長期照顧碩士學位學程,1047,中臺科技大學,UC_MGMT,企業經營管理,UC_MGMT_PW01,綜合事務與專案支援,IND_PRO_FIN,專業商管與金融服務,PRIMARY,1.0,1.0,通識與人文社會系所轉入行政管理與企業綜合服務領域。,MOE_UCAN_DEFAULT_FALLBACK,v1.0
01121001,幼兒教育學系,1048,亞洲大學,UC_MGMT,企業經營管理,UC_MGMT_PW01,綜合事務與專案支援,IND_PRO_FIN,專業商管與金融服務,PRIMARY,1.0,1.0,通識與人文社會系所轉入行政管理與企業綜合服務領域。,MOE_UCAN_DEFAULT_FALLBACK,v1.0
02112006,視覺傳達設計學系,1048,亞洲大學,UC_TOUR,休閒與觀光旅遊,UC_TOUR_PW01,觀光餐旅與文創展演,IND_TOUR_CULT,數位文創與觀光休閒,PRIMARY,1.0,0.6667,教育部UCAN職涯途徑：數位媒體設計、視覺行銷與文創會展休閒經營。,MOE_UCAN_OFFICIAL_2024,v1.0
02112006,視覺傳達設計學系,1048,亞洲大學,UC_IT,資訊科技,UC_IT_PW02,UI/UX 人機互動設計,IND_ICT,資訊軟體與數位科技,SECONDARY,0.5,0.3333,軟體科技業 UI/UX 視覺設計師與互動前端專長流向。,GCIS_104_EMPIRICAL_ALIGNMENT,v1.0
02112007,數位媒體設計學系,1048,亞洲大學,UC_TOUR,休閒與觀光旅遊,UC_TOUR_PW01,觀光餐旅與文創展演,IND_TOUR_CULT,數位文創與觀光休閒,PRIMARY,1.0,0.6667,教育部UCAN職涯途徑：數位媒體設計、視覺行銷與文創會展休閒經營。,MOE_UCAN_OFFICIAL_2024,v1.0
02112007,數位媒體設計學系,1048,亞洲大學,UC_IT,資訊科技,UC_IT_PW02,UI/UX 人機互動設計,IND_ICT,資訊軟體與數位科技,SECONDARY,0.5,0.3333,軟體科技業 UI/UX 視覺設計師與互動前端專長流向。,GCIS_104_EMPIRICAL_ALIGNMENT,v1.0
02112058,創新產業博士學位學程,1048,亞洲大學,UC_MGMT,企業經營管理,UC_MGMT_PW01,綜合事務與專案支援,IND_PRO_FIN,專業商管與金融服務,PRIMARY,1.0,1.0,通識與人文社會系所轉入行政管理與企業綜合服務領域。,MOE_UCAN_DEFAULT_FALLBACK,v1.0
02122004,時尚設計學系,1048,亞洲大學,UC_MGMT,企業經營管理,UC_MGMT_PW01,綜合事務與專案支援,IND_PRO_FIN,專業商管與金融服務,PRIMARY,1.0,1.0,通識與人文社會系所轉入行政管理與企業綜合服務領域。,MOE_UCAN_DEFAULT_FALLBACK,v1.0
02122005,創意設計學院不分系國際設計學士班,1048,亞洲大學,UC_MGMT,企業經營管理,UC_MGMT_PW01,綜合事務與專案支援,IND_PRO_FIN,專業商管與金融服務,PRIMARY,1.0,1.0,通識與人文社會系所轉入行政管理與企業綜合服務領域。,MOE_UCAN_DEFAULT_FALLBACK,v1.0
02123011,創意商品設計學系,1048,亞洲大學,UC_MGMT,企業經營管理,UC_MGMT_PW01,綜合事務與專案支援,IND_PRO_FIN,專業商管與金融服務,PRIMARY,1.0,1.0,通識與人文社會系所轉入行政管理與企業綜合服務領域。,MOE_UCAN_DEFAULT_FALLBACK,v1.0
02124012,室內設計學系,1048,亞洲大學,UC_MGMT,企業經營管理,UC_MGMT_PW01,綜合事務與專案支援,IND_PRO_FIN,專業商管與金融服務,PRIMARY,1.0,1.0,通識與人文社會系所轉入行政管理與企業綜合服務領域。,MOE_UCAN_DEFAULT_FALLBACK,v1.0
02311002,外國語文學系,1048,亞洲大學,UC_MGMT,企業經營管理,UC_MGMT_PW01,綜合事務與專案支援,IND_PRO_FIN,專業商管與金融服務,PRIMARY,1.0,1.0,通識與人文社會系所轉入行政管理與企業綜合服務領域。,MOE_UCAN_DEFAULT_FALLBACK,v1.0
03131013,心理學系,1048,亞洲大學,UC_MGMT,企業經營管理,UC_MGMT_PW01,綜合事務與專案支援,IND_PRO_FIN,專業商管與金融服務,PRIMARY,1.0,1.0,通識與人文社會系所轉入行政管理與企業綜合服務領域。,MOE_UCAN_DEFAULT_FALLBACK,v1.0
03213014,資訊傳播學系,1048,亞洲大學,UC_MGMT,企業經營管理,UC_MGMT_PW01,綜合事務與專案支援,IND_PRO_FIN,專業商管與金融服務,PRIMARY,1.0,1.0,通識與人文社會系所轉入行政管理與企業綜合服務領域。,MOE_UCAN_DEFAULT_FALLBACK,v1.0
04111015,會計與資訊學系,1048,亞洲大學,UC_FIN,金融保險,UC_FIN_PW01,會計審計與專業財務顧問,IND_PRO_FIN,專業商管與金融服務,PRIMARY,1.0,0.6667,教育部UCAN職涯途徑：會計師事務所審計查核、金融機構企業放款與財務分析。,MOE_UCAN_OFFICIAL_2024,v1.0
04111015,會計與資訊學系,1048,亞洲大學,UC_TRANS,運輸、物流與配銷,UC_TRANS_PW02,國際貿易成本精算,IND_TRADE_LOG,國際貿易與現代物流,SECONDARY,0.5,0.3333,跨國貿易保險、海關報關與保稅成本核算實證。,GCIS_104_EMPIRICAL_ALIGNMENT,v1.0
04121019,財務金融學系,1048,亞洲大學,UC_FIN,金融保險,UC_FIN_PW01,會計審計與專業財務顧問,IND_PRO_FIN,專業商管與金融服務,PRIMARY,1.0,0.6667,教育部UCAN職涯途徑：會計師事務所審計查核、金融機構企業放款與財務分析。,MOE_UCAN_OFFICIAL_2024,v1.0
04121019,財務金融學系,1048,亞洲大學,UC_TRANS,運輸、物流與配銷,UC_TRANS_PW02,國際貿易成本精算,IND_TRADE_LOG,國際貿易與現代物流,SECONDARY,0.5,0.3333,跨國貿易保險、海關報關與保稅成本核算實證。,GCIS_104_EMPIRICAL_ALIGNMENT,v1.0
04121020,國際財務金融管理學士學位學程,1048,亞洲大學,UC_FIN,金融保險,UC_FIN_PW01,會計審計與專業財務顧問,IND_PRO_FIN,專業商管與金融服務,PRIMARY,1.0,0.6667,教育部UCAN職涯途徑：會計師事務所審計查核、金融機構企業放款與財務分析。,MOE_UCAN_OFFICIAL_2024,v1.0
04121020,國際財務金融管理學士學位學程,1048,亞洲大學,UC_TRANS,運輸、物流與配銷,UC_TRANS_PW02,國際貿易成本精算,IND_TRADE_LOG,國際貿易與現代物流,SECONDARY,0.5,0.3333,跨國貿易保險、海關報關與保稅成本核算實證。,GCIS_104_EMPIRICAL_ALIGNMENT,v1.0
04131017,經營管理學系,1048,亞洲大學,UC_MGMT,企業經營管理,UC_MGMT_PW01,營運管理與決策分析,IND_PRO_FIN,專業商管與金融服務,PRIMARY,1.0,0.5,企管系核心訓練：企業經營策略與管理顧問職位。,MOE_UCAN_OFFICIAL_2024,v1.0
04131017,經營管理學系,1048,亞洲大學,UC_TRANS,運輸、物流與配銷,UC_TRANS_PW01,供應鏈管理,IND_TRADE_LOG,國際貿易與現代物流,SECONDARY,0.5,0.25,企管系流向：外銷製造業與物流供應鏈協調專員。,MOE_UCAN_OFFICIAL_2024,v1.0
04131017,經營管理學系,1048,亞洲大學,UC_MFG,製造,UC_MFG_PW03,製造業生管與品保,IND_MFG,智慧製造與精密機械,SECONDARY,0.5,0.25,中彰投製造業生管、專案經理與行政管理人才流向。,GCIS_104_EMPIRICAL_ALIGNMENT,v1.0
04131054,創新與創業管理碩士學位學程,1048,亞洲大學,UC_MGMT,企業經營管理,UC_MGMT_PW01,綜合事務與專案支援,IND_PRO_FIN,專業商管與金融服務,PRIMARY,1.0,1.0,通識與人文社會系所轉入行政管理與企業綜合服務領域。,MOE_UCAN_DEFAULT_FALLBACK,v1.0
04131055,EMBA高階經理碩士在職學位學程,1048,亞洲大學,UC_MGMT,企業經營管理,UC_MGMT_PW01,綜合事務與專案支援,IND_PRO_FIN,專業商管與金融服務,PRIMARY,1.0,1.0,通識與人文社會系所轉入行政管理與企業綜合服務領域。,MOE_UCAN_DEFAULT_FALLBACK,v1.0
04131059,智慧健康先進管理技術博士學位學程,1048,亞洲大學,UC_MGMT,企業經營管理,UC_MGMT_PW01,綜合事務與專案支援,IND_PRO_FIN,專業商管與金融服務,PRIMARY,1.0,1.0,通識與人文社會系所轉入行政管理與企業綜合服務領域。,MOE_UCAN_DEFAULT_FALLBACK,v1.0
04199018,新興產業策略與發展博士學位學程,1048,亞洲大學,UC_MGMT,企業經營管理,UC_MGMT_PW01,綜合事務與專案支援,IND_PRO_FIN,專業商管與金融服務,PRIMARY,1.0,1.0,通識與人文社會系所轉入行政管理與企業綜合服務領域。,MOE_UCAN_DEFAULT_FALLBACK,v1.0
04199026,管理學院進修學士學位學程,1048,亞洲大學,UC_MGMT,企業經營管理,UC_MGMT_PW01,綜合事務與專案支援,IND_PRO_FIN,專業商管與金融服務,PRIMARY,1.0,1.0,通識與人文社會系所轉入行政管理與企業綜合服務領域。,MOE_UCAN_DEFAULT_FALLBACK,v1.0
04212027,財經法律學系,1048,亞洲大學,UC_MGMT,企業經營管理,UC_MGMT_PW01,綜合事務與專案支援,IND_PRO_FIN,專業商管與金融服務,PRIMARY,1.0,1.0,通識與人文社會系所轉入行政管理與企業綜合服務領域。,MOE_UCAN_DEFAULT_FALLBACK,v1.0
05191053,食品營養與保健生技學系,1048,亞洲大學,UC_MGMT,企業經營管理,UC_MGMT_PW01,綜合事務與專案支援,IND_PRO_FIN,專業商管與金融服務,PRIMARY,1.0,1.0,通識與人文社會系所轉入行政管理與企業綜合服務領域。,MOE_UCAN_DEFAULT_FALLBACK,v1.0
06111057,人工智慧博士學位學程,1048,亞洲大學,UC_IT,資訊科技,UC_IT_PW01,軟體開發與系統整合,IND_ICT,資訊軟體與數位科技,PRIMARY,1.0,0.6667,教育部UCAN職涯就業途徑對照表：資訊工程系所核心能力對應軟體開發與資通訊技術。,MOE_UCAN_OFFICIAL_2024,v1.0
06111057,人工智慧博士學位學程,1048,亞洲大學,UC_STEM,科學、科技、工程與數學,UC_STEM_PW02,半導體軟硬體整合,IND_SEM,半導體與綠能科技,SECONDARY,0.5,0.3333,中科半導體供應鏈IC設計與韌體工程職缺對應資工系所就業途徑。,GCIS_104_EMPIRICAL_ALIGNMENT,v1.0
06134033,行動商務與多媒體應用學系,1048,亞洲大學,UC_MGMT,企業經營管理,UC_MGMT_PW01,綜合事務與專案支援,IND_PRO_FIN,專業商管與金融服務,PRIMARY,1.0,1.0,通識與人文社會系所轉入行政管理與企業綜合服務領域。,MOE_UCAN_DEFAULT_FALLBACK,v1.0
06134037,資訊工程學系,1048,亞洲大學,UC_IT,資訊科技,UC_IT_PW01,軟體開發與系統整合,IND_ICT,資訊軟體與數位科技,PRIMARY,1.0,0.6667,教育部UCAN職涯就業途徑對照表：資訊工程系所核心能力對應軟體開發與資通訊技術。,MOE_UCAN_OFFICIAL_2024,v1.0
06134037,資訊工程學系,1048,亞洲大學,UC_STEM,科學、科技、工程與數學,UC_STEM_PW02,半導體軟硬體整合,IND_SEM,半導體與綠能科技,SECONDARY,0.5,0.3333,中科半導體供應鏈IC設計與韌體工程職缺對應資工系所就業途徑。,GCIS_104_EMPIRICAL_ALIGNMENT,v1.0
07193029,生物資訊與醫學工程學系,1048,亞洲大學,UC_HEALTH,醫療保健,UC_HEALTH_PW01,生醫研發與健康照護,IND_BIOMED,生技醫療與精準健康,PRIMARY,1.0,0.6667,教育部UCAN職涯途徑：臨床醫學、生技製藥檢驗與醫療儀器研發。,MOE_UCAN_OFFICIAL_2024,v1.0
07193029,生物資訊與醫學工程學系,1048,亞洲大學,UC_IT,資訊科技,UC_IT_PW03,智慧醫療資訊系統,IND_ICT,資訊軟體與數位科技,SECONDARY,0.5,0.3333,智慧醫療、穿戴裝置生醫信號處理跨域就業途徑。,MOE_UCAN_OFFICIAL_2024,v1.0
08411045,學士後獸醫學系,1048,亞洲大學,UC_HEALTH,醫療保健,UC_HEALTH_PW01,生醫研發與健康照護,IND_BIOMED,生技醫療與精準健康,PRIMARY,1.0,0.6667,教育部UCAN職涯途徑：臨床醫學、生技製藥檢驗與醫療儀器研發。,MOE_UCAN_OFFICIAL_2024,v1.0
08411045,學士後獸醫學系,1048,亞洲大學,UC_IT,資訊科技,UC_IT_PW03,智慧醫療資訊系統,IND_ICT,資訊軟體與數位科技,SECONDARY,0.5,0.3333,智慧醫療、穿戴裝置生醫信號處理跨域就業途徑。,MOE_UCAN_OFFICIAL_2024,v1.0
09131046,護理學系,1048,亞洲大學,UC_HEALTH,醫療保健,UC_HEALTH_PW01,生醫研發與健康照護,IND_BIOMED,生技醫療與精準健康,PRIMARY,1.0,0.6667,教育部UCAN職涯途徑：臨床醫學、生技製藥檢驗與醫療儀器研發。,MOE_UCAN_OFFICIAL_2024,v1.0
09131046,護理學系,1048,亞洲大學,UC_IT,資訊科技,UC_IT_PW03,智慧醫療資訊系統,IND_ICT,資訊軟體與數位科技,SECONDARY,0.5,0.3333,智慧醫療、穿戴裝置生醫信號處理跨域就業途徑。,MOE_UCAN_OFFICIAL_2024,v1.0
09131061,學士後護理學系,1048,亞洲大學,UC_HEALTH,醫療保健,UC_HEALTH_PW01,生醫研發與健康照護,IND_BIOMED,生技醫療與精準健康,PRIMARY,1.0,0.6667,教育部UCAN職涯途徑：臨床醫學、生技製藥檢驗與醫療儀器研發。,MOE_UCAN_OFFICIAL_2024,v1.0
09131061,學士後護理學系,1048,亞洲大學,UC_IT,資訊科技,UC_IT_PW03,智慧醫療資訊系統,IND_ICT,資訊軟體與數位科技,SECONDARY,0.5,0.3333,智慧醫療、穿戴裝置生醫信號處理跨域就業途徑。,MOE_UCAN_OFFICIAL_2024,v1.0
09141047,視光學系,1048,亞洲大學,UC_MGMT,企業經營管理,UC_MGMT_PW01,綜合事務與專案支援,IND_PRO_FIN,專業商管與金融服務,PRIMARY,1.0,1.0,通識與人文社會系所轉入行政管理與企業綜合服務領域。,MOE_UCAN_DEFAULT_FALLBACK,v1.0
09141060,醫學檢驗暨生物技術學系,1048,亞洲大學,UC_HEALTH,醫療保健,UC_HEALTH_PW01,生醫研發與健康照護,IND_BIOMED,生技醫療與精準健康,PRIMARY,1.0,0.6667,教育部UCAN職涯途徑：臨床醫學、生技製藥檢驗與醫療儀器研發。,MOE_UCAN_OFFICIAL_2024,v1.0
09141060,醫學檢驗暨生物技術學系,1048,亞洲大學,UC_IT,資訊科技,UC_IT_PW03,智慧醫療資訊系統,IND_ICT,資訊軟體與數位科技,SECONDARY,0.5,0.3333,智慧醫療、穿戴裝置生醫信號處理跨域就業途徑。,MOE_UCAN_OFFICIAL_2024,v1.0
09151056,物理治療學系,1048,亞洲大學,UC_HEALTH,醫療保健,UC_HEALTH_PW01,生醫研發與健康照護,IND_BIOMED,生技醫療與精準健康,PRIMARY,1.0,0.6667,教育部UCAN職涯途徑：臨床醫學、生技製藥檢驗與醫療儀器研發。,MOE_UCAN_OFFICIAL_2024,v1.0
09151056,物理治療學系,1048,亞洲大學,UC_IT,資訊科技,UC_IT_PW03,智慧醫療資訊系統,IND_ICT,資訊軟體與數位科技,SECONDARY,0.5,0.3333,智慧醫療、穿戴裝置生醫信號處理跨域就業途徑。,MOE_UCAN_OFFICIAL_2024,v1.0
09152052,職能治療學系,1048,亞洲大學,UC_MGMT,企業經營管理,UC_MGMT_PW01,綜合事務與專案支援,IND_PRO_FIN,專業商管與金融服務,PRIMARY,1.0,1.0,通識與人文社會系所轉入行政管理與企業綜合服務領域。,MOE_UCAN_DEFAULT_FALLBACK,v1.0
09153051,聽力暨語言治療學系,1048,亞洲大學,UC_MGMT,企業經營管理,UC_MGMT_PW01,綜合事務與專案支援,IND_PRO_FIN,專業商管與金融服務,PRIMARY,1.0,1.0,通識與人文社會系所轉入行政管理與企業綜合服務領域。,MOE_UCAN_DEFAULT_FALLBACK,v1.0
09191021,健康產業管理學系,1048,亞洲大學,UC_HEALTH,醫療保健,UC_HEALTH_PW01,生醫研發與健康照護,IND_BIOMED,生技醫療與精準健康,PRIMARY,1.0,0.6667,教育部UCAN職涯途徑：臨床醫學、生技製藥檢驗與醫療儀器研發。,MOE_UCAN_OFFICIAL_2024,v1.0
09191021,健康產業管理學系,1048,亞洲大學,UC_IT,資訊科技,UC_IT_PW03,智慧醫療資訊系統,IND_ICT,資訊軟體與數位科技,SECONDARY,0.5,0.3333,智慧醫療、穿戴裝置生醫信號處理跨域就業途徑。,MOE_UCAN_OFFICIAL_2024,v1.0
09231048,社會工作學系,1048,亞洲大學,UC_MGMT,企業經營管理,UC_MGMT_PW01,綜合事務與專案支援,IND_PRO_FIN,專業商管與金融服務,PRIMARY,1.0,1.0,通識與人文社會系所轉入行政管理與企業綜合服務領域。,MOE_UCAN_DEFAULT_FALLBACK,v1.0
10151049,休閒與遊憩管理學系,1048,亞洲大學,UC_MGMT,企業經營管理,UC_MGMT_PW01,綜合事務與專案支援,IND_PRO_FIN,專業商管與金融服務,PRIMARY,1.0,1.0,通識與人文社會系所轉入行政管理與企業綜合服務領域。,MOE_UCAN_DEFAULT_FALLBACK,v1.0
02122004,生活創意設計系,1062,僑光科技大學,UC_MGMT,企業經營管理,UC_MGMT_PW01,綜合事務與專案支援,IND_PRO_FIN,專業商管與金融服務,PRIMARY,1.0,1.0,通識與人文社會系所轉入行政管理與企業綜合服務領域。,MOE_UCAN_DEFAULT_FALLBACK,v1.0
02123005,電腦輔助工業設計系,1062,僑光科技大學,UC_MGMT,企業經營管理,UC_MGMT_PW01,綜合事務與專案支援,IND_PRO_FIN,專業商管與金融服務,PRIMARY,1.0,1.0,通識與人文社會系所轉入行政管理與企業綜合服務領域。,MOE_UCAN_DEFAULT_FALLBACK,v1.0
02123005,電腦輔助工業設計系_工具機整合設計國際學生產學合作專班,1062,僑光科技大學,UC_MGMT,企業經營管理,UC_MGMT_PW01,綜合事務與專案支援,IND_PRO_FIN,專業商管與金融服務,PRIMARY,1.0,1.0,通識與人文社會系所轉入行政管理與企業綜合服務領域。,MOE_UCAN_DEFAULT_FALLBACK,v1.0
02123005,電腦輔助工業設計系_精密機械加工與設計專班,1062,僑光科技大學,UC_MFG,製造,UC_MFG_PW01,機電自動化與機械設計,IND_MFG,智慧製造與精密機械,PRIMARY,1.0,0.6667,教育部UCAN製造學門就業途徑：精密機械與工具機設備研發製造。,MOE_UCAN_OFFICIAL_2024,v1.0
02123005,電腦輔助工業設計系_精密機械加工與設計專班,1062,僑光科技大學,UC_STEM,科學、科技、工程與數學,UC_STEM_PW01,半導體封裝與設備工程,IND_SEM,半導體與綠能科技,SECONDARY,0.5,0.3333,中科園區半導體晶圓廠廠務與設備工程師招募管道。,GCIS_104_EMPIRICAL_ALIGNMENT,v1.0
02311003,應用英語系,1062,僑光科技大學,UC_MGMT,企業經營管理,UC_MGMT_PW01,綜合事務與專案支援,IND_PRO_FIN,專業商管與金融服務,PRIMARY,1.0,1.0,通識與人文社會系所轉入行政管理與企業綜合服務領域。,MOE_UCAN_DEFAULT_FALLBACK,v1.0
04121013,財務金融系,1062,僑光科技大學,UC_FIN,金融保險,UC_FIN_PW01,會計審計與專業財務顧問,IND_PRO_FIN,專業商管與金融服務,PRIMARY,1.0,0.6667,教育部UCAN職涯途徑：會計師事務所審計查核、金融機構企業放款與財務分析。,MOE_UCAN_OFFICIAL_2024,v1.0
04121013,財務金融系,1062,僑光科技大學,UC_TRANS,運輸、物流與配銷,UC_TRANS_PW02,國際貿易成本精算,IND_TRADE_LOG,國際貿易與現代物流,SECONDARY,0.5,0.3333,跨國貿易保險、海關報關與保稅成本核算實證。,GCIS_104_EMPIRICAL_ALIGNMENT,v1.0
04131009,企業管理系,1062,僑光科技大學,UC_MGMT,企業經營管理,UC_MGMT_PW01,營運管理與決策分析,IND_PRO_FIN,專業商管與金融服務,PRIMARY,1.0,0.5,企管系核心訓練：企業經營策略與管理顧問職位。,MOE_UCAN_OFFICIAL_2024,v1.0
04131009,企業管理系,1062,僑光科技大學,UC_TRANS,運輸、物流與配銷,UC_TRANS_PW01,供應鏈管理,IND_TRADE_LOG,國際貿易與現代物流,SECONDARY,0.5,0.25,企管系流向：外銷製造業與物流供應鏈協調專員。,MOE_UCAN_OFFICIAL_2024,v1.0
04131009,企業管理系,1062,僑光科技大學,UC_MFG,製造,UC_MFG_PW03,製造業生管與品保,IND_MFG,智慧製造與精密機械,SECONDARY,0.5,0.25,中彰投製造業生管、專案經理與行政管理人才流向。,GCIS_104_EMPIRICAL_ALIGNMENT,v1.0
04131009,企業管理系_工商管理,1062,僑光科技大學,UC_MGMT,企業經營管理,UC_MGMT_PW01,營運管理與決策分析,IND_PRO_FIN,專業商管與金融服務,PRIMARY,1.0,0.5,企管系核心訓練：企業經營策略與管理顧問職位。,MOE_UCAN_OFFICIAL_2024,v1.0
04131009,企業管理系_工商管理,1062,僑光科技大學,UC_TRANS,運輸、物流與配銷,UC_TRANS_PW01,供應鏈管理,IND_TRADE_LOG,國際貿易與現代物流,SECONDARY,0.5,0.25,企管系流向：外銷製造業與物流供應鏈協調專員。,MOE_UCAN_OFFICIAL_2024,v1.0
04131009,企業管理系_工商管理,1062,僑光科技大學,UC_MFG,製造,UC_MFG_PW03,製造業生管與品保,IND_MFG,智慧製造與精密機械,SECONDARY,0.5,0.25,中彰投製造業生管、專案經理與行政管理人才流向。,GCIS_104_EMPIRICAL_ALIGNMENT,v1.0
04132016,行銷與流通管理系,1062,僑光科技大學,UC_TRANS,運輸、物流與配銷,UC_TRANS_PW01,國際運籌與供應鏈管理,IND_TRADE_LOG,國際貿易與現代物流,PRIMARY,1.0,0.6667,教育部UCAN途徑：台中港自由貿易港區、海運承攬與跨境電商貿易實務。,MOE_UCAN_OFFICIAL_2024,v1.0
04132016,行銷與流通管理系,1062,僑光科技大學,UC_FIN,金融保險,UC_FIN_PW02,貿易融資與外匯風險管理,IND_PRO_FIN,專業商管與金融服務,SECONDARY,0.5,0.3333,外銷企業信用狀、外幣避險與跨境金融投資顧問職務。,GCIS_104_EMPIRICAL_ALIGNMENT,v1.0
04141011,國際貿易系,1062,僑光科技大學,UC_TRANS,運輸、物流與配銷,UC_TRANS_PW01,國際運籌與供應鏈管理,IND_TRADE_LOG,國際貿易與現代物流,PRIMARY,1.0,0.6667,教育部UCAN途徑：台中港自由貿易港區、海運承攬與跨境電商貿易實務。,MOE_UCAN_OFFICIAL_2024,v1.0
04141011,國際貿易系,1062,僑光科技大學,UC_FIN,金融保險,UC_FIN_PW02,貿易融資與外匯風險管理,IND_PRO_FIN,專業商管與金融服務,SECONDARY,0.5,0.3333,外銷企業信用狀、外幣避險與跨境金融投資顧問職務。,GCIS_104_EMPIRICAL_ALIGNMENT,v1.0
04212018,財經法律系,1062,僑光科技大學,UC_MGMT,企業經營管理,UC_MGMT_PW01,綜合事務與專案支援,IND_PRO_FIN,專業商管與金融服務,PRIMARY,1.0,1.0,通識與人文社會系所轉入行政管理與企業綜合服務領域。,MOE_UCAN_DEFAULT_FALLBACK,v1.0
04212018,財經法律系學士後多元專長培力課程,1062,僑光科技大學,UC_MGMT,企業經營管理,UC_MGMT_PW01,綜合事務與專案支援,IND_PRO_FIN,專業商管與金融服務,PRIMARY,1.0,1.0,通識與人文社會系所轉入行政管理與企業綜合服務領域。,MOE_UCAN_DEFAULT_FALLBACK,v1.0
06131019,資訊科技系,1062,僑光科技大學,UC_IT,資訊科技,UC_IT_PW01,軟體開發與系統整合,IND_ICT,資訊軟體與數位科技,PRIMARY,1.0,0.6667,教育部UCAN職涯就業途徑對照表：資訊工程系所核心能力對應軟體開發與資通訊技術。,MOE_UCAN_OFFICIAL_2024,v1.0
06131019,資訊科技系,1062,僑光科技大學,UC_STEM,科學、科技、工程與數學,UC_STEM_PW02,半導體軟硬體整合,IND_SEM,半導體與綠能科技,SECONDARY,0.5,0.3333,中科半導體供應鏈IC設計與韌體工程職缺對應資工系所就業途徑。,GCIS_104_EMPIRICAL_ALIGNMENT,v1.0
06133021,多媒體與遊戲設計系,1062,僑光科技大學,UC_MGMT,企業經營管理,UC_MGMT_PW01,綜合事務與專案支援,IND_PRO_FIN,專業商管與金融服務,PRIMARY,1.0,1.0,通識與人文社會系所轉入行政管理與企業綜合服務領域。,MOE_UCAN_DEFAULT_FALLBACK,v1.0
10131024,餐飲管理系,1062,僑光科技大學,UC_MGMT,企業經營管理,UC_MGMT_PW01,綜合事務與專案支援,IND_PRO_FIN,專業商管與金融服務,PRIMARY,1.0,1.0,通識與人文社會系所轉入行政管理與企業綜合服務領域。,MOE_UCAN_DEFAULT_FALLBACK,v1.0
10131025,旅館與會展管理系,1062,僑光科技大學,UC_MGMT,企業經營管理,UC_MGMT_PW01,綜合事務與專案支援,IND_PRO_FIN,專業商管與金融服務,PRIMARY,1.0,1.0,通識與人文社會系所轉入行政管理與企業綜合服務領域。,MOE_UCAN_DEFAULT_FALLBACK,v1.0
10151026,觀光與休閒事業管理系,1062,僑光科技大學,UC_TOUR,休閒與觀光旅遊,UC_TOUR_PW01,觀光餐旅與文創展演,IND_TOUR_CULT,數位文創與觀光休閒,PRIMARY,1.0,0.6667,教育部UCAN職涯途徑：數位媒體設計、視覺行銷與文創會展休閒經營。,MOE_UCAN_OFFICIAL_2024,v1.0
10151026,觀光與休閒事業管理系,1062,僑光科技大學,UC_IT,資訊科技,UC_IT_PW02,UI/UX 人機互動設計,IND_ICT,資訊軟體與數位科技,SECONDARY,0.5,0.3333,軟體科技業 UI/UX 視覺設計師與互動前端專長流向。,GCIS_104_EMPIRICAL_ALIGNMENT,v1.0
04199022,高階經理人碩士在職專班兩岸台商組,0006,國立中興大學,UC_MGMT,企業經營管理,UC_MGMT_PW01,綜合事務與專案支援,IND_PRO_FIN,專業商管與金融服務,PRIMARY,1.0,1.0,通識與人文社會系所轉入行政管理與企業綜合服務領域。,MOE_UCAN_DEFAULT_FALLBACK,v1.0
04199022,高階經理人碩士在職專班越南台商組,0006,國立中興大學,UC_MGMT,企業經營管理,UC_MGMT_PW01,綜合事務與專案支援,IND_PRO_FIN,專業商管與金融服務,PRIMARY,1.0,1.0,通識與人文社會系所轉入行政管理與企業綜合服務領域。,MOE_UCAN_DEFAULT_FALLBACK,v1.0
06131106,資料科學與資訊計算研究所,0006,國立中興大學,UC_MGMT,企業經營管理,UC_MGMT_PW01,綜合事務與專案支援,IND_PRO_FIN,專業商管與金融服務,PRIMARY,1.0,1.0,通識與人文社會系所轉入行政管理與企業綜合服務領域。,MOE_UCAN_DEFAULT_FALLBACK,v1.0
07199107,智慧創意工程學士學位學程,0006,國立中興大學,UC_MGMT,企業經營管理,UC_MGMT_PW01,綜合事務與專案支援,IND_PRO_FIN,專業商管與金融服務,PRIMARY,1.0,1.0,通識與人文社會系所轉入行政管理與企業綜合服務領域。,MOE_UCAN_DEFAULT_FALLBACK,v1.0
02299005,文化創意事業系碩士班,0043,國立勤益科技大學,UC_MGMT,企業經營管理,UC_MGMT_PW01,綜合事務與專案支援,IND_PRO_FIN,專業商管與金融服務,PRIMARY,1.0,1.0,通識與人文社會系所轉入行政管理與企業綜合服務領域。,MOE_UCAN_DEFAULT_FALLBACK,v1.0
04131002,企業管理系_智慧製造物流運籌專班,0043,國立勤益科技大學,UC_MGMT,企業經營管理,UC_MGMT_PW01,營運管理與決策分析,IND_PRO_FIN,專業商管與金融服務,PRIMARY,1.0,0.5,企管系核心訓練：企業經營策略與管理顧問職位。,MOE_UCAN_OFFICIAL_2024,v1.0
04131002,企業管理系_智慧製造物流運籌專班,0043,國立勤益科技大學,UC_TRANS,運輸、物流與配銷,UC_TRANS_PW01,供應鏈管理,IND_TRADE_LOG,國際貿易與現代物流,SECONDARY,0.5,0.25,企管系流向：外銷製造業與物流供應鏈協調專員。,MOE_UCAN_OFFICIAL_2024,v1.0
04131002,企業管理系_智慧製造物流運籌專班,0043,國立勤益科技大學,UC_MFG,製造,UC_MFG_PW03,製造業生管與品保,IND_MFG,智慧製造與精密機械,SECONDARY,0.5,0.25,中彰投製造業生管、專案經理與行政管理人才流向。,GCIS_104_EMPIRICAL_ALIGNMENT,v1.0
04131002,企業管理系碩士在職專班,0043,國立勤益科技大學,UC_MGMT,企業經營管理,UC_MGMT_PW01,營運管理與決策分析,IND_PRO_FIN,專業商管與金融服務,PRIMARY,1.0,0.5,企管系核心訓練：企業經營策略與管理顧問職位。,MOE_UCAN_OFFICIAL_2024,v1.0
04131002,企業管理系碩士在職專班,0043,國立勤益科技大學,UC_TRANS,運輸、物流與配銷,UC_TRANS_PW01,供應鏈管理,IND_TRADE_LOG,國際貿易與現代物流,SECONDARY,0.5,0.25,企管系流向：外銷製造業與物流供應鏈協調專員。,MOE_UCAN_OFFICIAL_2024,v1.0
04131002,企業管理系碩士在職專班,0043,國立勤益科技大學,UC_MFG,製造,UC_MFG_PW03,製造業生管與品保,IND_MFG,智慧製造與精密機械,SECONDARY,0.5,0.25,中彰投製造業生管、專案經理與行政管理人才流向。,GCIS_104_EMPIRICAL_ALIGNMENT,v1.0
04131002,企業管理系碩士班,0043,國立勤益科技大學,UC_MGMT,企業經營管理,UC_MGMT_PW01,營運管理與決策分析,IND_PRO_FIN,專業商管與金融服務,PRIMARY,1.0,0.5,企管系核心訓練：企業經營策略與管理顧問職位。,MOE_UCAN_OFFICIAL_2024,v1.0
04131002,企業管理系碩士班,0043,國立勤益科技大學,UC_TRANS,運輸、物流與配銷,UC_TRANS_PW01,供應鏈管理,IND_TRADE_LOG,國際貿易與現代物流,SECONDARY,0.5,0.25,企管系流向：外銷製造業與物流供應鏈協調專員。,MOE_UCAN_OFFICIAL_2024,v1.0
04131002,企業管理系碩士班,0043,國立勤益科技大學,UC_MFG,製造,UC_MFG_PW03,製造業生管與品保,IND_MFG,智慧製造與精密機械,SECONDARY,0.5,0.25,中彰投製造業生管、專案經理與行政管理人才流向。,GCIS_104_EMPIRICAL_ALIGNMENT,v1.0
04132003,流通管理系碩士在職專班,0043,國立勤益科技大學,UC_MGMT,企業經營管理,UC_MGMT_PW01,綜合事務與專案支援,IND_PRO_FIN,專業商管與金融服務,PRIMARY,1.0,1.0,通識與人文社會系所轉入行政管理與企業綜合服務領域。,MOE_UCAN_DEFAULT_FALLBACK,v1.0
04132003,流通管理系碩士班,0043,國立勤益科技大學,UC_MGMT,企業經營管理,UC_MGMT_PW01,綜合事務與專案支援,IND_PRO_FIN,專業商管與金融服務,PRIMARY,1.0,1.0,通識與人文社會系所轉入行政管理與企業綜合服務領域。,MOE_UCAN_DEFAULT_FALLBACK,v1.0
06131010,資訊管理系碩士班,0043,國立勤益科技大學,UC_MGMT,企業經營管理,UC_MGMT_PW01,綜合事務與專案支援,IND_PRO_FIN,專業商管與金融服務,PRIMARY,1.0,1.0,通識與人文社會系所轉入行政管理與企業綜合服務領域。,MOE_UCAN_DEFAULT_FALLBACK,v1.0
06131013,資訊工程系_雙軌旗艦微電子職類,0043,國立勤益科技大學,UC_IT,資訊科技,UC_IT_PW01,軟體開發與系統整合,IND_ICT,資訊軟體與數位科技,PRIMARY,1.0,0.6667,教育部UCAN職涯就業途徑對照表：資訊工程系所核心能力對應軟體開發與資通訊技術。,MOE_UCAN_OFFICIAL_2024,v1.0
06131013,資訊工程系_雙軌旗艦微電子職類,0043,國立勤益科技大學,UC_STEM,科學、科技、工程與數學,UC_STEM_PW02,半導體軟硬體整合,IND_SEM,半導體與綠能科技,SECONDARY,0.5,0.3333,中科半導體供應鏈IC設計與韌體工程職缺對應資工系所就業途徑。,GCIS_104_EMPIRICAL_ALIGNMENT,v1.0
06131013,資訊工程系碩士在職專班,0043,國立勤益科技大學,UC_IT,資訊科技,UC_IT_PW01,軟體開發與系統整合,IND_ICT,資訊軟體與數位科技,PRIMARY,1.0,0.6667,教育部UCAN職涯就業途徑對照表：資訊工程系所核心能力對應軟體開發與資通訊技術。,MOE_UCAN_OFFICIAL_2024,v1.0
06131013,資訊工程系碩士在職專班,0043,國立勤益科技大學,UC_STEM,科學、科技、工程與數學,UC_STEM_PW02,半導體軟硬體整合,IND_SEM,半導體與綠能科技,SECONDARY,0.5,0.3333,中科半導體供應鏈IC設計與韌體工程職缺對應資工系所就業途徑。,GCIS_104_EMPIRICAL_ALIGNMENT,v1.0
06131013,資訊工程系碩士班,0043,國立勤益科技大學,UC_IT,資訊科技,UC_IT_PW01,軟體開發與系統整合,IND_ICT,資訊軟體與數位科技,PRIMARY,1.0,0.6667,教育部UCAN職涯就業途徑對照表：資訊工程系所核心能力對應軟體開發與資通訊技術。,MOE_UCAN_OFFICIAL_2024,v1.0
06131013,資訊工程系碩士班,0043,國立勤益科技大學,UC_STEM,科學、科技、工程與數學,UC_STEM_PW02,半導體軟硬體整合,IND_SEM,半導體與綠能科技,SECONDARY,0.5,0.3333,中科半導體供應鏈IC設計與韌體工程職缺對應資工系所就業途徑。,GCIS_104_EMPIRICAL_ALIGNMENT,v1.0
07111020,化工與材料工程系碩士在職專班,0043,國立勤益科技大學,UC_MGMT,企業經營管理,UC_MGMT_PW01,綜合事務與專案支援,IND_PRO_FIN,專業商管與金融服務,PRIMARY,1.0,1.0,通識與人文社會系所轉入行政管理與企業綜合服務領域。,MOE_UCAN_DEFAULT_FALLBACK,v1.0
07111020,化工與材料工程系碩士班,0043,國立勤益科技大學,UC_MGMT,企業經營管理,UC_MGMT_PW01,綜合事務與專案支援,IND_PRO_FIN,專業商管與金融服務,PRIMARY,1.0,1.0,通識與人文社會系所轉入行政管理與企業綜合服務領域。,MOE_UCAN_DEFAULT_FALLBACK,v1.0
07132026,冷凍空調與能源系碩士在職專班,0043,國立勤益科技大學,UC_MGMT,企業經營管理,UC_MGMT_PW01,綜合事務與專案支援,IND_PRO_FIN,專業商管與金融服務,PRIMARY,1.0,1.0,通識與人文社會系所轉入行政管理與企業綜合服務領域。,MOE_UCAN_DEFAULT_FALLBACK,v1.0
07132026,冷凍空調與能源系碩士班,0043,國立勤益科技大學,UC_MGMT,企業經營管理,UC_MGMT_PW01,綜合事務與專案支援,IND_PRO_FIN,專業商管與金融服務,PRIMARY,1.0,1.0,通識與人文社會系所轉入行政管理與企業綜合服務領域。,MOE_UCAN_DEFAULT_FALLBACK,v1.0
07141011,電機工程系碩士在職專班,0043,國立勤益科技大學,UC_STEM,科學、科技、工程與數學,UC_STEM_PW01,半導體元件與光電工程,IND_SEM,半導體與綠能科技,PRIMARY,1.0,0.6667,教育部UCAN職涯途徑：半導體晶圓製造與綠能光電工程開發。,MOE_UCAN_OFFICIAL_2024,v1.0
07141011,電機工程系碩士在職專班,0043,國立勤益科技大學,UC_MFG,製造,UC_MFG_PW02,智慧控制系統開發,IND_MFG,智慧製造與精密機械,SECONDARY,0.5,0.3333,工業自動化控制器與智慧伺服馬達驅動電路研發。,MOE_UCAN_OFFICIAL_2024,v1.0
07141011,電機工程系碩士班,0043,國立勤益科技大學,UC_STEM,科學、科技、工程與數學,UC_STEM_PW01,半導體元件與光電工程,IND_SEM,半導體與綠能科技,PRIMARY,1.0,0.6667,教育部UCAN職涯途徑：半導體晶圓製造與綠能光電工程開發。,MOE_UCAN_OFFICIAL_2024,v1.0
07141011,電機工程系碩士班,0043,國立勤益科技大學,UC_MFG,製造,UC_MFG_PW02,智慧控制系統開發,IND_MFG,智慧製造與精密機械,SECONDARY,0.5,0.3333,工業自動化控制器與智慧伺服馬達驅動電路研發。,MOE_UCAN_OFFICIAL_2024,v1.0
07141012,電子工程系碩士在職專班,0043,國立勤益科技大學,UC_STEM,科學、科技、工程與數學,UC_STEM_PW01,半導體元件與光電工程,IND_SEM,半導體與綠能科技,PRIMARY,1.0,0.6667,教育部UCAN職涯途徑：半導體晶圓製造與綠能光電工程開發。,MOE_UCAN_OFFICIAL_2024,v1.0
07141012,電子工程系碩士在職專班,0043,國立勤益科技大學,UC_MFG,製造,UC_MFG_PW02,智慧控制系統開發,IND_MFG,智慧製造與精密機械,SECONDARY,0.5,0.3333,工業自動化控制器與智慧伺服馬達驅動電路研發。,MOE_UCAN_OFFICIAL_2024,v1.0
07141012,電子工程系碩士班,0043,國立勤益科技大學,UC_STEM,科學、科技、工程與數學,UC_STEM_PW01,半導體元件與光電工程,IND_SEM,半導體與綠能科技,PRIMARY,1.0,0.6667,教育部UCAN職涯途徑：半導體晶圓製造與綠能光電工程開發。,MOE_UCAN_OFFICIAL_2024,v1.0
07141012,電子工程系碩士班,0043,國立勤益科技大學,UC_MFG,製造,UC_MFG_PW02,智慧控制系統開發,IND_MFG,智慧製造與精密機械,SECONDARY,0.5,0.3333,工業自動化控制器與智慧伺服馬達驅動電路研發。,MOE_UCAN_OFFICIAL_2024,v1.0
07141037,前瞻電資科技研究所,0043,國立勤益科技大學,UC_MGMT,企業經營管理,UC_MGMT_PW01,綜合事務與專案支援,IND_PRO_FIN,專業商管與金融服務,PRIMARY,1.0,1.0,通識與人文社會系所轉入行政管理與企業綜合服務領域。,MOE_UCAN_DEFAULT_FALLBACK,v1.0
07151016,機械工程系碩士在職專班,0043,國立勤益科技大學,UC_MFG,製造,UC_MFG_PW01,機電自動化與機械設計,IND_MFG,智慧製造與精密機械,PRIMARY,1.0,0.6667,教育部UCAN製造學門就業途徑：精密機械與工具機設備研發製造。,MOE_UCAN_OFFICIAL_2024,v1.0
07151016,機械工程系碩士在職專班,0043,國立勤益科技大學,UC_STEM,科學、科技、工程與數學,UC_STEM_PW01,半導體封裝與設備工程,IND_SEM,半導體與綠能科技,SECONDARY,0.5,0.3333,中科園區半導體晶圓廠廠務與設備工程師招募管道。,GCIS_104_EMPIRICAL_ALIGNMENT,v1.0
07151016,機械工程系碩士班,0043,國立勤益科技大學,UC_MFG,製造,UC_MFG_PW01,機電自動化與機械設計,IND_MFG,智慧製造與精密機械,PRIMARY,1.0,0.6667,教育部UCAN製造學門就業途徑：精密機械與工具機設備研發製造。,MOE_UCAN_OFFICIAL_2024,v1.0
07151016,機械工程系碩士班,0043,國立勤益科技大學,UC_STEM,科學、科技、工程與數學,UC_STEM_PW01,半導體封裝與設備工程,IND_SEM,半導體與綠能科技,SECONDARY,0.5,0.3333,中科園區半導體晶圓廠廠務與設備工程師招募管道。,GCIS_104_EMPIRICAL_ALIGNMENT,v1.0
07191022,工業工程與管理系_國際學生產學合作專班,0043,國立勤益科技大學,UC_MFG,製造,UC_MFG_PW01,機電自動化與機械設計,IND_MFG,智慧製造與精密機械,PRIMARY,1.0,0.6667,教育部UCAN製造學門就業途徑：精密機械與工具機設備研發製造。,MOE_UCAN_OFFICIAL_2024,v1.0
07191022,工業工程與管理系_國際學生產學合作專班,0043,國立勤益科技大學,UC_STEM,科學、科技、工程與數學,UC_STEM_PW01,半導體封裝與設備工程,IND_SEM,半導體與綠能科技,SECONDARY,0.5,0.3333,中科園區半導體晶圓廠廠務與設備工程師招募管道。,GCIS_104_EMPIRICAL_ALIGNMENT,v1.0
07191022,工業工程與管理系碩士在職專班,0043,國立勤益科技大學,UC_MFG,製造,UC_MFG_PW01,機電自動化與機械設計,IND_MFG,智慧製造與精密機械,PRIMARY,1.0,0.6667,教育部UCAN製造學門就業途徑：精密機械與工具機設備研發製造。,MOE_UCAN_OFFICIAL_2024,v1.0
07191022,工業工程與管理系碩士在職專班,0043,國立勤益科技大學,UC_STEM,科學、科技、工程與數學,UC_STEM_PW01,半導體封裝與設備工程,IND_SEM,半導體與綠能科技,SECONDARY,0.5,0.3333,中科園區半導體晶圓廠廠務與設備工程師招募管道。,GCIS_104_EMPIRICAL_ALIGNMENT,v1.0
07191022,工業工程與管理系碩士班,0043,國立勤益科技大學,UC_MFG,製造,UC_MFG_PW01,機電自動化與機械設計,IND_MFG,智慧製造與精密機械,PRIMARY,1.0,0.6667,教育部UCAN製造學門就業途徑：精密機械與工具機設備研發製造。,MOE_UCAN_OFFICIAL_2024,v1.0
07191022,工業工程與管理系碩士班,0043,國立勤益科技大學,UC_STEM,科學、科技、工程與數學,UC_STEM_PW01,半導體封裝與設備工程,IND_SEM,半導體與綠能科技,SECONDARY,0.5,0.3333,中科園區半導體晶圓廠廠務與設備工程師招募管道。,GCIS_104_EMPIRICAL_ALIGNMENT,v1.0
07199036,智慧製造與資訊應用碩士學位學程,0043,國立勤益科技大學,UC_MFG,製造,UC_MFG_PW01,機電自動化與機械設計,IND_MFG,智慧製造與精密機械,PRIMARY,1.0,0.6667,教育部UCAN製造學門就業途徑：精密機械與工具機設備研發製造。,MOE_UCAN_OFFICIAL_2024,v1.0
07199036,智慧製造與資訊應用碩士學位學程,0043,國立勤益科技大學,UC_STEM,科學、科技、工程與數學,UC_STEM_PW01,半導體封裝與設備工程,IND_SEM,半導體與綠能科技,SECONDARY,0.5,0.3333,中科園區半導體晶圓廠廠務與設備工程師招募管道。,GCIS_104_EMPIRICAL_ALIGNMENT,v1.0
07312029,景觀系碩士班,0043,國立勤益科技大學,UC_MGMT,企業經營管理,UC_MGMT_PW01,綜合事務與專案支援,IND_PRO_FIN,專業商管與金融服務,PRIMARY,1.0,1.0,通識與人文社會系所轉入行政管理與企業綜合服務領域。,MOE_UCAN_DEFAULT_FALLBACK,v1.0
10152032,休閒產業管理系_外國學生專班,0043,國立勤益科技大學,UC_MGMT,企業經營管理,UC_MGMT_PW01,綜合事務與專案支援,IND_PRO_FIN,專業商管與金融服務,PRIMARY,1.0,1.0,通識與人文社會系所轉入行政管理與企業綜合服務領域。,MOE_UCAN_DEFAULT_FALLBACK,v1.0
10152032,休閒產業管理系_雙軌旗艦工商管理職類,0043,國立勤益科技大學,UC_MGMT,企業經營管理,UC_MGMT_PW01,營運管理與決策分析,IND_PRO_FIN,專業商管與金融服務,PRIMARY,1.0,0.5,企管系核心訓練：企業經營策略與管理顧問職位。,MOE_UCAN_OFFICIAL_2024,v1.0
10152032,休閒產業管理系_雙軌旗艦工商管理職類,0043,國立勤益科技大學,UC_TRANS,運輸、物流與配銷,UC_TRANS_PW01,供應鏈管理,IND_TRADE_LOG,國際貿易與現代物流,SECONDARY,0.5,0.25,企管系流向：外銷製造業與物流供應鏈協調專員。,MOE_UCAN_OFFICIAL_2024,v1.0
10152032,休閒產業管理系_雙軌旗艦工商管理職類,0043,國立勤益科技大學,UC_MFG,製造,UC_MFG_PW03,製造業生管與品保,IND_MFG,智慧製造與精密機械,SECONDARY,0.5,0.25,中彰投製造業生管、專案經理與行政管理人才流向。,GCIS_104_EMPIRICAL_ALIGNMENT,v1.0
02112005,多媒體設計系碩士班,0050,國立臺中科技大學,UC_IT,資訊科技,UC_IT_PW01,軟體開發與系統整合,IND_ICT,資訊軟體與數位科技,PRIMARY,1.0,0.6667,教育部UCAN職涯就業途徑對照表：資訊工程系所核心能力對應軟體開發與資通訊技術。,MOE_UCAN_OFFICIAL_2024,v1.0
02112005,多媒體設計系碩士班,0050,國立臺中科技大學,UC_STEM,科學、科技、工程與數學,UC_STEM_PW02,半導體軟硬體整合,IND_SEM,半導體與綠能科技,SECONDARY,0.5,0.3333,中科半導體供應鏈IC設計與韌體工程職缺對應資工系所就業途徑。,GCIS_104_EMPIRICAL_ALIGNMENT,v1.0
02122006,商業設計系碩士在職專班,0050,國立臺中科技大學,UC_TOUR,休閒與觀光旅遊,UC_TOUR_PW01,觀光餐旅與文創展演,IND_TOUR_CULT,數位文創與觀光休閒,PRIMARY,1.0,0.6667,教育部UCAN職涯途徑：數位媒體設計、視覺行銷與文創會展休閒經營。,MOE_UCAN_OFFICIAL_2024,v1.0
02122006,商業設計系碩士在職專班,0050,國立臺中科技大學,UC_IT,資訊科技,UC_IT_PW02,UI/UX 人機互動設計,IND_ICT,資訊軟體與數位科技,SECONDARY,0.5,0.3333,軟體科技業 UI/UX 視覺設計師與互動前端專長流向。,GCIS_104_EMPIRICAL_ALIGNMENT,v1.0
02122006,商業設計系碩士班,0050,國立臺中科技大學,UC_TOUR,休閒與觀光旅遊,UC_TOUR_PW01,觀光餐旅與文創展演,IND_TOUR_CULT,數位文創與觀光休閒,PRIMARY,1.0,0.6667,教育部UCAN職涯途徑：數位媒體設計、視覺行銷與文創會展休閒經營。,MOE_UCAN_OFFICIAL_2024,v1.0
02122006,商業設計系碩士班,0050,國立臺中科技大學,UC_IT,資訊科技,UC_IT_PW02,UI/UX 人機互動設計,IND_ICT,資訊軟體與數位科技,SECONDARY,0.5,0.3333,軟體科技業 UI/UX 視覺設計師與互動前端專長流向。,GCIS_104_EMPIRICAL_ALIGNMENT,v1.0
02124008,室內設計系碩士班,0050,國立臺中科技大學,UC_MGMT,企業經營管理,UC_MGMT_PW01,綜合事務與專案支援,IND_PRO_FIN,專業商管與金融服務,PRIMARY,1.0,1.0,通識與人文社會系所轉入行政管理與企業綜合服務領域。,MOE_UCAN_DEFAULT_FALLBACK,v1.0
02311049,語文學院_應用資訊日語技優領航專班,0050,國立臺中科技大學,UC_MGMT,企業經營管理,UC_MGMT_PW01,綜合事務與專案支援,IND_PRO_FIN,專業商管與金融服務,PRIMARY,1.0,1.0,通識與人文社會系所轉入行政管理與企業綜合服務領域。,MOE_UCAN_DEFAULT_FALLBACK,v1.0
02322001,應用中文系_多元敘事專才技優領航專班,0050,國立臺中科技大學,UC_MGMT,企業經營管理,UC_MGMT_PW01,綜合事務與專案支援,IND_PRO_FIN,專業商管與金融服務,PRIMARY,1.0,1.0,通識與人文社會系所轉入行政管理與企業綜合服務領域。,MOE_UCAN_DEFAULT_FALLBACK,v1.0
04111012,會計資訊系碩士在職專班,0050,國立臺中科技大學,UC_FIN,金融保險,UC_FIN_PW01,會計審計與專業財務顧問,IND_PRO_FIN,專業商管與金融服務,PRIMARY,1.0,0.6667,教育部UCAN職涯途徑：會計師事務所審計查核、金融機構企業放款與財務分析。,MOE_UCAN_OFFICIAL_2024,v1.0
04111012,會計資訊系碩士在職專班,0050,國立臺中科技大學,UC_TRANS,運輸、物流與配銷,UC_TRANS_PW02,國際貿易成本精算,IND_TRADE_LOG,國際貿易與現代物流,SECONDARY,0.5,0.3333,跨國貿易保險、海關報關與保稅成本核算實證。,GCIS_104_EMPIRICAL_ALIGNMENT,v1.0
04111012,會計資訊系碩士班,0050,國立臺中科技大學,UC_FIN,金融保險,UC_FIN_PW01,會計審計與專業財務顧問,IND_PRO_FIN,專業商管與金融服務,PRIMARY,1.0,0.6667,教育部UCAN職涯途徑：會計師事務所審計查核、金融機構企業放款與財務分析。,MOE_UCAN_OFFICIAL_2024,v1.0
04111012,會計資訊系碩士班,0050,國立臺中科技大學,UC_TRANS,運輸、物流與配銷,UC_TRANS_PW02,國際貿易成本精算,IND_TRADE_LOG,國際貿易與現代物流,SECONDARY,0.5,0.3333,跨國貿易保險、海關報關與保稅成本核算實證。,GCIS_104_EMPIRICAL_ALIGNMENT,v1.0
04121021,財務金融系碩士在職專班,0050,國立臺中科技大學,UC_FIN,金融保險,UC_FIN_PW01,會計審計與專業財務顧問,IND_PRO_FIN,專業商管與金融服務,PRIMARY,1.0,0.6667,教育部UCAN職涯途徑：會計師事務所審計查核、金融機構企業放款與財務分析。,MOE_UCAN_OFFICIAL_2024,v1.0
04121021,財務金融系碩士在職專班,0050,國立臺中科技大學,UC_TRANS,運輸、物流與配銷,UC_TRANS_PW02,國際貿易成本精算,IND_TRADE_LOG,國際貿易與現代物流,SECONDARY,0.5,0.3333,跨國貿易保險、海關報關與保稅成本核算實證。,GCIS_104_EMPIRICAL_ALIGNMENT,v1.0
04121021,財務金融系碩士班,0050,國立臺中科技大學,UC_FIN,金融保險,UC_FIN_PW01,會計審計與專業財務顧問,IND_PRO_FIN,專業商管與金融服務,PRIMARY,1.0,0.6667,教育部UCAN職涯途徑：會計師事務所審計查核、金融機構企業放款與財務分析。,MOE_UCAN_OFFICIAL_2024,v1.0
04121021,財務金融系碩士班,0050,國立臺中科技大學,UC_TRANS,運輸、物流與配銷,UC_TRANS_PW02,國際貿易成本精算,IND_TRADE_LOG,國際貿易與現代物流,SECONDARY,0.5,0.3333,跨國貿易保險、海關報關與保稅成本核算實證。,GCIS_104_EMPIRICAL_ALIGNMENT,v1.0
04123027,保險金融管理系碩士班,0050,國立臺中科技大學,UC_MGMT,企業經營管理,UC_MGMT_PW01,綜合事務與專案支援,IND_PRO_FIN,專業商管與金融服務,PRIMARY,1.0,1.0,通識與人文社會系所轉入行政管理與企業綜合服務領域。,MOE_UCAN_DEFAULT_FALLBACK,v1.0
04131015,企業管理系_智慧及創新營運技優領航專班,0050,國立臺中科技大學,UC_MGMT,企業經營管理,UC_MGMT_PW01,營運管理與決策分析,IND_PRO_FIN,專業商管與金融服務,PRIMARY,1.0,0.5,企管系核心訓練：企業經營策略與管理顧問職位。,MOE_UCAN_OFFICIAL_2024,v1.0
04131015,企業管理系_智慧及創新營運技優領航專班,0050,國立臺中科技大學,UC_TRANS,運輸、物流與配銷,UC_TRANS_PW01,供應鏈管理,IND_TRADE_LOG,國際貿易與現代物流,SECONDARY,0.5,0.25,企管系流向：外銷製造業與物流供應鏈協調專員。,MOE_UCAN_OFFICIAL_2024,v1.0
04131015,企業管理系_智慧及創新營運技優領航專班,0050,國立臺中科技大學,UC_MFG,製造,UC_MFG_PW03,製造業生管與品保,IND_MFG,智慧製造與精密機械,SECONDARY,0.5,0.25,中彰投製造業生管、專案經理與行政管理人才流向。,GCIS_104_EMPIRICAL_ALIGNMENT,v1.0
04131015,企業管理系碩士在職專班,0050,國立臺中科技大學,UC_MGMT,企業經營管理,UC_MGMT_PW01,營運管理與決策分析,IND_PRO_FIN,專業商管與金融服務,PRIMARY,1.0,0.5,企管系核心訓練：企業經營策略與管理顧問職位。,MOE_UCAN_OFFICIAL_2024,v1.0
04131015,企業管理系碩士在職專班,0050,國立臺中科技大學,UC_TRANS,運輸、物流與配銷,UC_TRANS_PW01,供應鏈管理,IND_TRADE_LOG,國際貿易與現代物流,SECONDARY,0.5,0.25,企管系流向：外銷製造業與物流供應鏈協調專員。,MOE_UCAN_OFFICIAL_2024,v1.0
04131015,企業管理系碩士在職專班,0050,國立臺中科技大學,UC_MFG,製造,UC_MFG_PW03,製造業生管與品保,IND_MFG,智慧製造與精密機械,SECONDARY,0.5,0.25,中彰投製造業生管、專案經理與行政管理人才流向。,GCIS_104_EMPIRICAL_ALIGNMENT,v1.0
04131015,企業管理系碩士班,0050,國立臺中科技大學,UC_MGMT,企業經營管理,UC_MGMT_PW01,營運管理與決策分析,IND_PRO_FIN,專業商管與金融服務,PRIMARY,1.0,0.5,企管系核心訓練：企業經營策略與管理顧問職位。,MOE_UCAN_OFFICIAL_2024,v1.0
04131015,企業管理系碩士班,0050,國立臺中科技大學,UC_TRANS,運輸、物流與配銷,UC_TRANS_PW01,供應鏈管理,IND_TRADE_LOG,國際貿易與現代物流,SECONDARY,0.5,0.25,企管系流向：外銷製造業與物流供應鏈協調專員。,MOE_UCAN_OFFICIAL_2024,v1.0
04131015,企業管理系碩士班,0050,國立臺中科技大學,UC_MFG,製造,UC_MFG_PW03,製造業生管與品保,IND_MFG,智慧製造與精密機械,SECONDARY,0.5,0.25,中彰投製造業生管、專案經理與行政管理人才流向。,GCIS_104_EMPIRICAL_ALIGNMENT,v1.0
04132029,流通管理系碩士在職專班,0050,國立臺中科技大學,UC_MGMT,企業經營管理,UC_MGMT_PW01,綜合事務與專案支援,IND_PRO_FIN,專業商管與金融服務,PRIMARY,1.0,1.0,通識與人文社會系所轉入行政管理與企業綜合服務領域。,MOE_UCAN_DEFAULT_FALLBACK,v1.0
04132029,流通管理系碩士班,0050,國立臺中科技大學,UC_MGMT,企業經營管理,UC_MGMT_PW01,綜合事務與專案支援,IND_PRO_FIN,專業商管與金融服務,PRIMARY,1.0,1.0,通識與人文社會系所轉入行政管理與企業綜合服務領域。,MOE_UCAN_DEFAULT_FALLBACK,v1.0
06131033,資訊管理系_資訊管理系技優領航專班,0050,國立臺中科技大學,UC_MGMT,企業經營管理,UC_MGMT_PW01,綜合事務與專案支援,IND_PRO_FIN,專業商管與金融服務,PRIMARY,1.0,1.0,通識與人文社會系所轉入行政管理與企業綜合服務領域。,MOE_UCAN_DEFAULT_FALLBACK,v1.0
06131033,資訊管理系碩士在職專班,0050,國立臺中科技大學,UC_MGMT,企業經營管理,UC_MGMT_PW01,綜合事務與專案支援,IND_PRO_FIN,專業商管與金融服務,PRIMARY,1.0,1.0,通識與人文社會系所轉入行政管理與企業綜合服務領域。,MOE_UCAN_DEFAULT_FALLBACK,v1.0
06131033,資訊管理系碩士班,0050,國立臺中科技大學,UC_MGMT,企業經營管理,UC_MGMT_PW01,綜合事務與專案支援,IND_PRO_FIN,專業商管與金融服務,PRIMARY,1.0,1.0,通識與人文社會系所轉入行政管理與企業綜合服務領域。,MOE_UCAN_DEFAULT_FALLBACK,v1.0
06132043,人工智慧應用工程學士學位學程,0050,國立臺中科技大學,UC_IT,資訊科技,UC_IT_PW01,軟體開發與系統整合,IND_ICT,資訊軟體與數位科技,PRIMARY,1.0,0.6667,教育部UCAN職涯就業途徑對照表：資訊工程系所核心能力對應軟體開發與資通訊技術。,MOE_UCAN_OFFICIAL_2024,v1.0
06132043,人工智慧應用工程學士學位學程,0050,國立臺中科技大學,UC_STEM,科學、科技、工程與數學,UC_STEM_PW02,半導體軟硬體整合,IND_SEM,半導體與綠能科技,SECONDARY,0.5,0.3333,中科半導體供應鏈IC設計與韌體工程職缺對應資工系所就業途徑。,GCIS_104_EMPIRICAL_ALIGNMENT,v1.0
07141036,資訊工程系_大數據分析與人工智慧產業碩士專班,0050,國立臺中科技大學,UC_IT,資訊科技,UC_IT_PW01,軟體開發與系統整合,IND_ICT,資訊軟體與數位科技,PRIMARY,1.0,0.6667,教育部UCAN職涯就業途徑對照表：資訊工程系所核心能力對應軟體開發與資通訊技術。,MOE_UCAN_OFFICIAL_2024,v1.0
07141036,資訊工程系_大數據分析與人工智慧產業碩士專班,0050,國立臺中科技大學,UC_STEM,科學、科技、工程與數學,UC_STEM_PW02,半導體軟硬體整合,IND_SEM,半導體與綠能科技,SECONDARY,0.5,0.3333,中科半導體供應鏈IC設計與韌體工程職缺對應資工系所就業途徑。,GCIS_104_EMPIRICAL_ALIGNMENT,v1.0
07141036,資訊工程系碩士在職專班,0050,國立臺中科技大學,UC_IT,資訊科技,UC_IT_PW01,軟體開發與系統整合,IND_ICT,資訊軟體與數位科技,PRIMARY,1.0,0.6667,教育部UCAN職涯就業途徑對照表：資訊工程系所核心能力對應軟體開發與資通訊技術。,MOE_UCAN_OFFICIAL_2024,v1.0
07141036,資訊工程系碩士在職專班,0050,國立臺中科技大學,UC_STEM,科學、科技、工程與數學,UC_STEM_PW02,半導體軟硬體整合,IND_SEM,半導體與綠能科技,SECONDARY,0.5,0.3333,中科半導體供應鏈IC設計與韌體工程職缺對應資工系所就業途徑。,GCIS_104_EMPIRICAL_ALIGNMENT,v1.0
07141036,資訊工程系碩士班,0050,國立臺中科技大學,UC_IT,資訊科技,UC_IT_PW01,軟體開發與系統整合,IND_ICT,資訊軟體與數位科技,PRIMARY,1.0,0.6667,教育部UCAN職涯就業途徑對照表：資訊工程系所核心能力對應軟體開發與資通訊技術。,MOE_UCAN_OFFICIAL_2024,v1.0
07141036,資訊工程系碩士班,0050,國立臺中科技大學,UC_STEM,科學、科技、工程與數學,UC_STEM_PW02,半導體軟硬體整合,IND_SEM,半導體與綠能科技,SECONDARY,0.5,0.3333,中科半導體供應鏈IC設計與韌體工程職缺對應資工系所就業途徑。,GCIS_104_EMPIRICAL_ALIGNMENT,v1.0
07191044,智慧生產工程系,0050,國立臺中科技大學,UC_MGMT,企業經營管理,UC_MGMT_PW01,綜合事務與專案支援,IND_PRO_FIN,專業商管與金融服務,PRIMARY,1.0,1.0,通識與人文社會系所轉入行政管理與企業綜合服務領域。,MOE_UCAN_DEFAULT_FALLBACK,v1.0
07191044,智慧生產工程系_智慧生產工程系技優領航專班,0050,國立臺中科技大學,UC_MGMT,企業經營管理,UC_MGMT_PW01,綜合事務與專案支援,IND_PRO_FIN,專業商管與金融服務,PRIMARY,1.0,1.0,通識與人文社會系所轉入行政管理與企業綜合服務領域。,MOE_UCAN_DEFAULT_FALLBACK,v1.0
09131037,護理系碩士在職專班,0050,國立臺中科技大學,UC_HEALTH,醫療保健,UC_HEALTH_PW01,生醫研發與健康照護,IND_BIOMED,生技醫療與精準健康,PRIMARY,1.0,0.6667,教育部UCAN職涯途徑：臨床醫學、生技製藥檢驗與醫療儀器研發。,MOE_UCAN_OFFICIAL_2024,v1.0
09131037,護理系碩士在職專班,0050,國立臺中科技大學,UC_IT,資訊科技,UC_IT_PW03,智慧醫療資訊系統,IND_ICT,資訊軟體與數位科技,SECONDARY,0.5,0.3333,智慧醫療、穿戴裝置生醫信號處理跨域就業途徑。,MOE_UCAN_OFFICIAL_2024,v1.0
09131037,護理系碩士班,0050,國立臺中科技大學,UC_HEALTH,醫療保健,UC_HEALTH_PW01,生醫研發與健康照護,IND_BIOMED,生技醫療與精準健康,PRIMARY,1.0,0.6667,教育部UCAN職涯途徑：臨床醫學、生技製藥檢驗與醫療儀器研發。,MOE_UCAN_OFFICIAL_2024,v1.0
09131037,護理系碩士班,0050,國立臺中科技大學,UC_IT,資訊科技,UC_IT_PW03,智慧醫療資訊系統,IND_ICT,資訊軟體與數位科技,SECONDARY,0.5,0.3333,智慧醫療、穿戴裝置生醫信號處理跨域就業途徑。,MOE_UCAN_OFFICIAL_2024,v1.0
05111061,生物多樣性國際研究生博士學位學程,1001,東海大學,UC_MGMT,企業經營管理,UC_MGMT_PW01,綜合事務與專案支援,IND_PRO_FIN,專業商管與金融服務,PRIMARY,1.0,1.0,通識與人文社會系所轉入行政管理與企業綜合服務領域。,MOE_UCAN_DEFAULT_FALLBACK,v1.0
05123060,生醫暨材料科學國際博士學位學程,1001,東海大學,UC_MGMT,企業經營管理,UC_MGMT_PW01,綜合事務與專案支援,IND_PRO_FIN,專業商管與金融服務,PRIMARY,1.0,1.0,通識與人文社會系所轉入行政管理與企業綜合服務領域。,MOE_UCAN_DEFAULT_FALLBACK,v1.0
99999064,國際學院不分系英語學士班,1001,東海大學,UC_MGMT,企業經營管理,UC_MGMT_PW01,綜合事務與專案支援,IND_PRO_FIN,專業商管與金融服務,PRIMARY,1.0,1.0,通識與人文社會系所轉入行政管理與企業綜合服務領域。,MOE_UCAN_DEFAULT_FALLBACK,v1.0
02299105,人文社會學士學位學程,1007,逢甲大學,UC_MGMT,企業經營管理,UC_MGMT_PW01,綜合事務與專案支援,IND_PRO_FIN,專業商管與金融服務,PRIMARY,1.0,1.0,通識與人文社會系所轉入行政管理與企業綜合服務領域。,MOE_UCAN_DEFAULT_FALLBACK,v1.0
02299113,文化與社會創新碩士學位學程,1007,逢甲大學,UC_MGMT,企業經營管理,UC_MGMT_PW01,綜合事務與專案支援,IND_PRO_FIN,專業商管與金融服務,PRIMARY,1.0,1.0,通識與人文社會系所轉入行政管理與企業綜合服務領域。,MOE_UCAN_DEFAULT_FALLBACK,v1.0
04131021,國際企業管理全英語學士學位學程,1007,逢甲大學,UC_MGMT,企業經營管理,UC_MGMT_PW01,營運管理與決策分析,IND_PRO_FIN,專業商管與金融服務,PRIMARY,1.0,0.5,企管系核心訓練：企業經營策略與管理顧問職位。,MOE_UCAN_OFFICIAL_2024,v1.0
04131021,國際企業管理全英語學士學位學程,1007,逢甲大學,UC_TRANS,運輸、物流與配銷,UC_TRANS_PW01,供應鏈管理,IND_TRADE_LOG,國際貿易與現代物流,SECONDARY,0.5,0.25,企管系流向：外銷製造業與物流供應鏈協調專員。,MOE_UCAN_OFFICIAL_2024,v1.0
04131021,國際企業管理全英語學士學位學程,1007,逢甲大學,UC_MFG,製造,UC_MFG_PW03,製造業生管與品保,IND_MFG,智慧製造與精密機械,SECONDARY,0.5,0.25,中彰投製造業生管、專案經理與行政管理人才流向。,GCIS_104_EMPIRICAL_ALIGNMENT,v1.0
04134097,公共事務與社會創新碩士在職學位學程,1007,逢甲大學,UC_MGMT,企業經營管理,UC_MGMT_PW01,綜合事務與專案支援,IND_PRO_FIN,專業商管與金融服務,PRIMARY,1.0,1.0,通識與人文社會系所轉入行政管理與企業綜合服務領域。,MOE_UCAN_DEFAULT_FALLBACK,v1.0
05411114,數據科學碩士學位學程,1007,逢甲大學,UC_MGMT,企業經營管理,UC_MGMT_PW01,綜合事務與專案支援,IND_PRO_FIN,專業商管與金融服務,PRIMARY,1.0,1.0,通識與人文社會系所轉入行政管理與企業綜合服務領域。,MOE_UCAN_DEFAULT_FALLBACK,v1.0
06134115,人工智慧技術與應用學士學位學程,1007,逢甲大學,UC_IT,資訊科技,UC_IT_PW01,軟體開發與系統整合,IND_ICT,資訊軟體與數位科技,PRIMARY,1.0,0.6667,教育部UCAN職涯就業途徑對照表：資訊工程系所核心能力對應軟體開發與資通訊技術。,MOE_UCAN_OFFICIAL_2024,v1.0
06134115,人工智慧技術與應用學士學位學程,1007,逢甲大學,UC_STEM,科學、科技、工程與數學,UC_STEM_PW02,半導體軟硬體整合,IND_SEM,半導體與綠能科技,SECONDARY,0.5,0.3333,中科半導體供應鏈IC設計與韌體工程職缺對應資工系所就業途徑。,GCIS_104_EMPIRICAL_ALIGNMENT,v1.0
07399102,智慧城市碩士學位學程,1007,逢甲大學,UC_MGMT,企業經營管理,UC_MGMT_PW01,綜合事務與專案支援,IND_PRO_FIN,專業商管與金融服務,PRIMARY,1.0,1.0,通識與人文社會系所轉入行政管理與企業綜合服務領域。,MOE_UCAN_DEFAULT_FALLBACK,v1.0
03141043,原住民族健康與社會福利博士學位學程,1008,靜宜大學,UC_MGMT,企業經營管理,UC_MGMT_PW01,綜合事務與專案支援,IND_PRO_FIN,專業商管與金融服務,PRIMARY,1.0,1.0,通識與人文社會系所轉入行政管理與企業綜合服務領域。,MOE_UCAN_DEFAULT_FALLBACK,v1.0
07141042,國際資訊學士學位學程,1008,靜宜大學,UC_MGMT,企業經營管理,UC_MGMT_PW01,綜合事務與專案支援,IND_PRO_FIN,專業商管與金融服務,PRIMARY,1.0,1.0,通識與人文社會系所轉入行政管理與企業綜合服務領域。,MOE_UCAN_DEFAULT_FALLBACK,v1.0
99999045,國際生大一博雅教育學士學位學程,1008,靜宜大學,UC_MGMT,企業經營管理,UC_MGMT_PW01,綜合事務與專案支援,IND_PRO_FIN,專業商管與金融服務,PRIMARY,1.0,1.0,通識與人文社會系所轉入行政管理與企業綜合服務領域。,MOE_UCAN_DEFAULT_FALLBACK,v1.0
02112003,視覺傳達設計系_品牌協同設計與國際行銷產業碩士專班,1018,朝陽科技大學,UC_TOUR,休閒與觀光旅遊,UC_TOUR_PW01,觀光餐旅與文創展演,IND_TOUR_CULT,數位文創與觀光休閒,PRIMARY,1.0,0.6667,教育部UCAN職涯途徑：數位媒體設計、視覺行銷與文創會展休閒經營。,MOE_UCAN_OFFICIAL_2024,v1.0
02112003,視覺傳達設計系_品牌協同設計與國際行銷產業碩士專班,1018,朝陽科技大學,UC_IT,資訊科技,UC_IT_PW02,UI/UX 人機互動設計,IND_ICT,資訊軟體與數位科技,SECONDARY,0.5,0.3333,軟體科技業 UI/UX 視覺設計師與互動前端專長流向。,GCIS_104_EMPIRICAL_ALIGNMENT,v1.0
02112003,視覺傳達設計系碩士班,1018,朝陽科技大學,UC_TOUR,休閒與觀光旅遊,UC_TOUR_PW01,觀光餐旅與文創展演,IND_TOUR_CULT,數位文創與觀光休閒,PRIMARY,1.0,0.6667,教育部UCAN職涯途徑：數位媒體設計、視覺行銷與文創會展休閒經營。,MOE_UCAN_OFFICIAL_2024,v1.0
02112003,視覺傳達設計系碩士班,1018,朝陽科技大學,UC_IT,資訊科技,UC_IT_PW02,UI/UX 人機互動設計,IND_ICT,資訊軟體與數位科技,SECONDARY,0.5,0.3333,軟體科技業 UI/UX 視覺設計師與互動前端專長流向。,GCIS_104_EMPIRICAL_ALIGNMENT,v1.0
02123004,工業設計系碩士班,1018,朝陽科技大學,UC_MGMT,企業經營管理,UC_MGMT_PW01,綜合事務與專案支援,IND_PRO_FIN,專業商管與金融服務,PRIMARY,1.0,1.0,通識與人文社會系所轉入行政管理與企業綜合服務領域。,MOE_UCAN_DEFAULT_FALLBACK,v1.0
02311001,應用英語系碩士班,1018,朝陽科技大學,UC_MGMT,企業經營管理,UC_MGMT_PW01,綜合事務與專案支援,IND_PRO_FIN,專業商管與金融服務,PRIMARY,1.0,1.0,通識與人文社會系所轉入行政管理與企業綜合服務領域。,MOE_UCAN_DEFAULT_FALLBACK,v1.0
04111007,會計系碩士班,1018,朝陽科技大學,UC_FIN,金融保險,UC_FIN_PW01,會計審計與專業財務顧問,IND_PRO_FIN,專業商管與金融服務,PRIMARY,1.0,0.6667,教育部UCAN職涯途徑：會計師事務所審計查核、金融機構企業放款與財務分析。,MOE_UCAN_OFFICIAL_2024,v1.0
04111007,會計系碩士班,1018,朝陽科技大學,UC_TRANS,運輸、物流與配銷,UC_TRANS_PW02,國際貿易成本精算,IND_TRADE_LOG,國際貿易與現代物流,SECONDARY,0.5,0.3333,跨國貿易保險、海關報關與保稅成本核算實證。,GCIS_104_EMPIRICAL_ALIGNMENT,v1.0
04121010,財務金融系碩士在職專班,1018,朝陽科技大學,UC_FIN,金融保險,UC_FIN_PW01,會計審計與專業財務顧問,IND_PRO_FIN,專業商管與金融服務,PRIMARY,1.0,0.6667,教育部UCAN職涯途徑：會計師事務所審計查核、金融機構企業放款與財務分析。,MOE_UCAN_OFFICIAL_2024,v1.0
04121010,財務金融系碩士在職專班,1018,朝陽科技大學,UC_TRANS,運輸、物流與配銷,UC_TRANS_PW02,國際貿易成本精算,IND_TRADE_LOG,國際貿易與現代物流,SECONDARY,0.5,0.3333,跨國貿易保險、海關報關與保稅成本核算實證。,GCIS_104_EMPIRICAL_ALIGNMENT,v1.0
04121010,財務金融系碩士班,1018,朝陽科技大學,UC_FIN,金融保險,UC_FIN_PW01,會計審計與專業財務顧問,IND_PRO_FIN,專業商管與金融服務,PRIMARY,1.0,0.6667,教育部UCAN職涯途徑：會計師事務所審計查核、金融機構企業放款與財務分析。,MOE_UCAN_OFFICIAL_2024,v1.0
04121010,財務金融系碩士班,1018,朝陽科技大學,UC_TRANS,運輸、物流與配銷,UC_TRANS_PW02,國際貿易成本精算,IND_TRADE_LOG,國際貿易與現代物流,SECONDARY,0.5,0.3333,跨國貿易保險、海關報關與保稅成本核算實證。,GCIS_104_EMPIRICAL_ALIGNMENT,v1.0
04123011,保險金融管理系碩士在職專班,1018,朝陽科技大學,UC_MGMT,企業經營管理,UC_MGMT_PW01,綜合事務與專案支援,IND_PRO_FIN,專業商管與金融服務,PRIMARY,1.0,1.0,通識與人文社會系所轉入行政管理與企業綜合服務領域。,MOE_UCAN_DEFAULT_FALLBACK,v1.0
04123011,保險金融管理系碩士班,1018,朝陽科技大學,UC_MGMT,企業經營管理,UC_MGMT_PW01,綜合事務與專案支援,IND_PRO_FIN,專業商管與金融服務,PRIMARY,1.0,1.0,通識與人文社會系所轉入行政管理與企業綜合服務領域。,MOE_UCAN_DEFAULT_FALLBACK,v1.0
04131008,企業管理系碩士在職專班,1018,朝陽科技大學,UC_MGMT,企業經營管理,UC_MGMT_PW01,營運管理與決策分析,IND_PRO_FIN,專業商管與金融服務,PRIMARY,1.0,0.5,企管系核心訓練：企業經營策略與管理顧問職位。,MOE_UCAN_OFFICIAL_2024,v1.0
04131008,企業管理系碩士在職專班,1018,朝陽科技大學,UC_TRANS,運輸、物流與配銷,UC_TRANS_PW01,供應鏈管理,IND_TRADE_LOG,國際貿易與現代物流,SECONDARY,0.5,0.25,企管系流向：外銷製造業與物流供應鏈協調專員。,MOE_UCAN_OFFICIAL_2024,v1.0
04131008,企業管理系碩士在職專班,1018,朝陽科技大學,UC_MFG,製造,UC_MFG_PW03,製造業生管與品保,IND_MFG,智慧製造與精密機械,SECONDARY,0.5,0.25,中彰投製造業生管、專案經理與行政管理人才流向。,GCIS_104_EMPIRICAL_ALIGNMENT,v1.0
04131008,企業管理系碩士班,1018,朝陽科技大學,UC_MGMT,企業經營管理,UC_MGMT_PW01,營運管理與決策分析,IND_PRO_FIN,專業商管與金融服務,PRIMARY,1.0,0.5,企管系核心訓練：企業經營策略與管理顧問職位。,MOE_UCAN_OFFICIAL_2024,v1.0
04131008,企業管理系碩士班,1018,朝陽科技大學,UC_TRANS,運輸、物流與配銷,UC_TRANS_PW01,供應鏈管理,IND_TRADE_LOG,國際貿易與現代物流,SECONDARY,0.5,0.25,企管系流向：外銷製造業與物流供應鏈協調專員。,MOE_UCAN_OFFICIAL_2024,v1.0
04131008,企業管理系碩士班,1018,朝陽科技大學,UC_MFG,製造,UC_MFG_PW03,製造業生管與品保,IND_MFG,智慧製造與精密機械,SECONDARY,0.5,0.25,中彰投製造業生管、專案經理與行政管理人才流向。,GCIS_104_EMPIRICAL_ALIGNMENT,v1.0
04132012,行銷與流通管理系_香港二技專班,1018,朝陽科技大學,UC_TRANS,運輸、物流與配銷,UC_TRANS_PW01,國際運籌與供應鏈管理,IND_TRADE_LOG,國際貿易與現代物流,PRIMARY,1.0,0.6667,教育部UCAN途徑：台中港自由貿易港區、海運承攬與跨境電商貿易實務。,MOE_UCAN_OFFICIAL_2024,v1.0
04132012,行銷與流通管理系_香港二技專班,1018,朝陽科技大學,UC_FIN,金融保險,UC_FIN_PW02,貿易融資與外匯風險管理,IND_PRO_FIN,專業商管與金融服務,SECONDARY,0.5,0.3333,外銷企業信用狀、外幣避險與跨境金融投資顧問職務。,GCIS_104_EMPIRICAL_ALIGNMENT,v1.0
04132012,行銷與流通管理系碩士班,1018,朝陽科技大學,UC_TRANS,運輸、物流與配銷,UC_TRANS_PW01,國際運籌與供應鏈管理,IND_TRADE_LOG,國際貿易與現代物流,PRIMARY,1.0,0.6667,教育部UCAN途徑：台中港自由貿易港區、海運承攬與跨境電商貿易實務。,MOE_UCAN_OFFICIAL_2024,v1.0
04132012,行銷與流通管理系碩士班,1018,朝陽科技大學,UC_FIN,金融保險,UC_FIN_PW02,貿易融資與外匯風險管理,IND_PRO_FIN,專業商管與金融服務,SECONDARY,0.5,0.3333,外銷企業信用狀、外幣避險與跨境金融投資顧問職務。,GCIS_104_EMPIRICAL_ALIGNMENT,v1.0
04199014,銀髮產業管理系碩士班,1018,朝陽科技大學,UC_MGMT,企業經營管理,UC_MGMT_PW01,綜合事務與專案支援,IND_PRO_FIN,專業商管與金融服務,PRIMARY,1.0,1.0,通識與人文社會系所轉入行政管理與企業綜合服務領域。,MOE_UCAN_DEFAULT_FALLBACK,v1.0
05311017,應用化學系碩士在職專班,1018,朝陽科技大學,UC_MGMT,企業經營管理,UC_MGMT_PW01,綜合事務與專案支援,IND_PRO_FIN,專業商管與金融服務,PRIMARY,1.0,1.0,通識與人文社會系所轉入行政管理與企業綜合服務領域。,MOE_UCAN_DEFAULT_FALLBACK,v1.0
05311017,應用化學系碩士班,1018,朝陽科技大學,UC_MGMT,企業經營管理,UC_MGMT_PW01,綜合事務與專案支援,IND_PRO_FIN,專業商管與金融服務,PRIMARY,1.0,1.0,通識與人文社會系所轉入行政管理與企業綜合服務領域。,MOE_UCAN_DEFAULT_FALLBACK,v1.0
06131019,資訊管理系博士班,1018,朝陽科技大學,UC_MGMT,企業經營管理,UC_MGMT_PW01,綜合事務與專案支援,IND_PRO_FIN,專業商管與金融服務,PRIMARY,1.0,1.0,通識與人文社會系所轉入行政管理與企業綜合服務領域。,MOE_UCAN_DEFAULT_FALLBACK,v1.0
06131019,資訊管理系碩士在職專班,1018,朝陽科技大學,UC_MGMT,企業經營管理,UC_MGMT_PW01,綜合事務與專案支援,IND_PRO_FIN,專業商管與金融服務,PRIMARY,1.0,1.0,通識與人文社會系所轉入行政管理與企業綜合服務領域。,MOE_UCAN_DEFAULT_FALLBACK,v1.0
06131019,資訊管理系碩士班,1018,朝陽科技大學,UC_MGMT,企業經營管理,UC_MGMT_PW01,綜合事務與專案支援,IND_PRO_FIN,專業商管與金融服務,PRIMARY,1.0,1.0,通識與人文社會系所轉入行政管理與企業綜合服務領域。,MOE_UCAN_DEFAULT_FALLBACK,v1.0
06132023,資訊與通訊系碩士班,1018,朝陽科技大學,UC_MGMT,企業經營管理,UC_MGMT_PW01,綜合事務與專案支援,IND_PRO_FIN,專業商管與金融服務,PRIMARY,1.0,1.0,通識與人文社會系所轉入行政管理與企業綜合服務領域。,MOE_UCAN_DEFAULT_FALLBACK,v1.0
07121027,環境工程與管理系碩士班,1018,朝陽科技大學,UC_MGMT,企業經營管理,UC_MGMT_PW01,綜合事務與專案支援,IND_PRO_FIN,專業商管與金融服務,PRIMARY,1.0,1.0,通識與人文社會系所轉入行政管理與企業綜合服務領域。,MOE_UCAN_DEFAULT_FALLBACK,v1.0
07141020,資訊工程系碩士在職專班,1018,朝陽科技大學,UC_IT,資訊科技,UC_IT_PW01,軟體開發與系統整合,IND_ICT,資訊軟體與數位科技,PRIMARY,1.0,0.6667,教育部UCAN職涯就業途徑對照表：資訊工程系所核心能力對應軟體開發與資通訊技術。,MOE_UCAN_OFFICIAL_2024,v1.0
07141020,資訊工程系碩士在職專班,1018,朝陽科技大學,UC_STEM,科學、科技、工程與數學,UC_STEM_PW02,半導體軟硬體整合,IND_SEM,半導體與綠能科技,SECONDARY,0.5,0.3333,中科半導體供應鏈IC設計與韌體工程職缺對應資工系所就業途徑。,GCIS_104_EMPIRICAL_ALIGNMENT,v1.0
07141020,資訊工程系碩士班,1018,朝陽科技大學,UC_IT,資訊科技,UC_IT_PW01,軟體開發與系統整合,IND_ICT,資訊軟體與數位科技,PRIMARY,1.0,0.6667,教育部UCAN職涯就業途徑對照表：資訊工程系所核心能力對應軟體開發與資通訊技術。,MOE_UCAN_OFFICIAL_2024,v1.0
07141020,資訊工程系碩士班,1018,朝陽科技大學,UC_STEM,科學、科技、工程與數學,UC_STEM_PW02,半導體軟硬體整合,IND_SEM,半導體與綠能科技,SECONDARY,0.5,0.3333,中科半導體供應鏈IC設計與韌體工程職缺對應資工系所就業途徑。,GCIS_104_EMPIRICAL_ALIGNMENT,v1.0
07191026,工業工程與管理系碩士班,1018,朝陽科技大學,UC_MFG,製造,UC_MFG_PW01,機電自動化與機械設計,IND_MFG,智慧製造與精密機械,PRIMARY,1.0,0.6667,教育部UCAN製造學門就業途徑：精密機械與工具機設備研發製造。,MOE_UCAN_OFFICIAL_2024,v1.0
07191026,工業工程與管理系碩士班,1018,朝陽科技大學,UC_STEM,科學、科技、工程與數學,UC_STEM_PW01,半導體封裝與設備工程,IND_SEM,半導體與綠能科技,SECONDARY,0.5,0.3333,中科園區半導體晶圓廠廠務與設備工程師招募管道。,GCIS_104_EMPIRICAL_ALIGNMENT,v1.0
07312031,景觀及都市設計系碩士班,1018,朝陽科技大學,UC_MGMT,企業經營管理,UC_MGMT_PW01,綜合事務與專案支援,IND_PRO_FIN,專業商管與金融服務,PRIMARY,1.0,1.0,通識與人文社會系所轉入行政管理與企業綜合服務領域。,MOE_UCAN_DEFAULT_FALLBACK,v1.0
07321025,營建工程系博士班,1018,朝陽科技大學,UC_MGMT,企業經營管理,UC_MGMT_PW01,綜合事務與專案支援,IND_PRO_FIN,專業商管與金融服務,PRIMARY,1.0,1.0,通識與人文社會系所轉入行政管理與企業綜合服務領域。,MOE_UCAN_DEFAULT_FALLBACK,v1.0
07321025,營建工程系碩士班,1018,朝陽科技大學,UC_MGMT,企業經營管理,UC_MGMT_PW01,綜合事務與專案支援,IND_PRO_FIN,專業商管與金融服務,PRIMARY,1.0,1.0,通識與人文社會系所轉入行政管理與企業綜合服務領域。,MOE_UCAN_DEFAULT_FALLBACK,v1.0
09221035,幼兒保育系碩士在職專班,1018,朝陽科技大學,UC_MGMT,企業經營管理,UC_MGMT_PW01,綜合事務與專案支援,IND_PRO_FIN,專業商管與金融服務,PRIMARY,1.0,1.0,通識與人文社會系所轉入行政管理與企業綜合服務領域。,MOE_UCAN_DEFAULT_FALLBACK,v1.0
09221035,幼兒保育系碩士班,1018,朝陽科技大學,UC_MGMT,企業經營管理,UC_MGMT_PW01,綜合事務與專案支援,IND_PRO_FIN,專業商管與金融服務,PRIMARY,1.0,1.0,通識與人文社會系所轉入行政管理與企業綜合服務領域。,MOE_UCAN_DEFAULT_FALLBACK,v1.0
09231034,社會工作系碩士在職專班,1018,朝陽科技大學,UC_MGMT,企業經營管理,UC_MGMT_PW01,綜合事務與專案支援,IND_PRO_FIN,專業商管與金融服務,PRIMARY,1.0,1.0,通識與人文社會系所轉入行政管理與企業綜合服務領域。,MOE_UCAN_DEFAULT_FALLBACK,v1.0
09231034,社會工作系碩士班,1018,朝陽科技大學,UC_MGMT,企業經營管理,UC_MGMT_PW01,綜合事務與專案支援,IND_PRO_FIN,專業商管與金融服務,PRIMARY,1.0,1.0,通識與人文社會系所轉入行政管理與企業綜合服務領域。,MOE_UCAN_DEFAULT_FALLBACK,v1.0
10152036,休閒事業管理系碩士在職專班,1018,朝陽科技大學,UC_MGMT,企業經營管理,UC_MGMT_PW01,綜合事務與專案支援,IND_PRO_FIN,專業商管與金融服務,PRIMARY,1.0,1.0,通識與人文社會系所轉入行政管理與企業綜合服務領域。,MOE_UCAN_DEFAULT_FALLBACK,v1.0
10152036,休閒事業管理系碩士班,1018,朝陽科技大學,UC_MGMT,企業經營管理,UC_MGMT_PW01,綜合事務與專案支援,IND_PRO_FIN,專業商管與金融服務,PRIMARY,1.0,1.0,通識與人文社會系所轉入行政管理與企業綜合服務領域。,MOE_UCAN_DEFAULT_FALLBACK,v1.0
10413040,飛行與民航人員技術系,1018,朝陽科技大學,UC_MGMT,企業經營管理,UC_MGMT_PW01,綜合事務與專案支援,IND_PRO_FIN,專業商管與金融服務,PRIMARY,1.0,1.0,通識與人文社會系所轉入行政管理與企業綜合服務領域。,MOE_UCAN_DEFAULT_FALLBACK,v1.0
10131049,健康產業科技管理學系,1029,中山醫學大學,UC_HEALTH,醫療保健,UC_HEALTH_PW01,生醫研發與健康照護,IND_BIOMED,生技醫療與精準健康,PRIMARY,1.0,0.6667,教育部UCAN職涯途徑：臨床醫學、生技製藥檢驗與醫療儀器研發。,MOE_UCAN_OFFICIAL_2024,v1.0
10131049,健康產業科技管理學系,1029,中山醫學大學,UC_IT,資訊科技,UC_IT_PW03,智慧醫療資訊系統,IND_ICT,資訊軟體與數位科技,SECONDARY,0.5,0.3333,智慧醫療、穿戴裝置生醫信號處理跨域就業途徑。,MOE_UCAN_OFFICIAL_2024,v1.0
04133005,健康事業管理系碩士班,1034,弘光科技大學,UC_MGMT,企業經營管理,UC_MGMT_PW01,綜合事務與專案支援,IND_PRO_FIN,專業商管與金融服務,PRIMARY,1.0,1.0,通識與人文社會系所轉入行政管理與企業綜合服務領域。,MOE_UCAN_DEFAULT_FALLBACK,v1.0
05191023,營養系_香港二技專班,1034,弘光科技大學,UC_MGMT,企業經營管理,UC_MGMT_PW01,綜合事務與專案支援,IND_PRO_FIN,專業商管與金融服務,PRIMARY,1.0,1.0,通識與人文社會系所轉入行政管理與企業綜合服務領域。,MOE_UCAN_DEFAULT_FALLBACK,v1.0
06133039,多媒體遊戲發展與應用系,1034,弘光科技大學,UC_MGMT,企業經營管理,UC_MGMT_PW01,綜合事務與專案支援,IND_PRO_FIN,專業商管與金融服務,PRIMARY,1.0,1.0,通識與人文社會系所轉入行政管理與企業綜合服務領域。,MOE_UCAN_DEFAULT_FALLBACK,v1.0
07211017,食品科技系碩士在職專班,1034,弘光科技大學,UC_MGMT,企業經營管理,UC_MGMT_PW01,綜合事務與專案支援,IND_PRO_FIN,專業商管與金融服務,PRIMARY,1.0,1.0,通識與人文社會系所轉入行政管理與企業綜合服務領域。,MOE_UCAN_DEFAULT_FALLBACK,v1.0
07211017,食品科技系碩士班,1034,弘光科技大學,UC_MGMT,企業經營管理,UC_MGMT_PW01,綜合事務與專案支援,IND_PRO_FIN,專業商管與金融服務,PRIMARY,1.0,1.0,通識與人文社會系所轉入行政管理與企業綜合服務領域。,MOE_UCAN_DEFAULT_FALLBACK,v1.0
09131025,護理系博士班,1034,弘光科技大學,UC_HEALTH,醫療保健,UC_HEALTH_PW01,生醫研發與健康照護,IND_BIOMED,生技醫療與精準健康,PRIMARY,1.0,0.6667,教育部UCAN職涯途徑：臨床醫學、生技製藥檢驗與醫療儀器研發。,MOE_UCAN_OFFICIAL_2024,v1.0
09131025,護理系博士班,1034,弘光科技大學,UC_IT,資訊科技,UC_IT_PW03,智慧醫療資訊系統,IND_ICT,資訊軟體與數位科技,SECONDARY,0.5,0.3333,智慧醫療、穿戴裝置生醫信號處理跨域就業途徑。,MOE_UCAN_OFFICIAL_2024,v1.0
09131025,護理系碩士在職專班,1034,弘光科技大學,UC_HEALTH,醫療保健,UC_HEALTH_PW01,生醫研發與健康照護,IND_BIOMED,生技醫療與精準健康,PRIMARY,1.0,0.6667,教育部UCAN職涯途徑：臨床醫學、生技製藥檢驗與醫療儀器研發。,MOE_UCAN_OFFICIAL_2024,v1.0
09131025,護理系碩士在職專班,1034,弘光科技大學,UC_IT,資訊科技,UC_IT_PW03,智慧醫療資訊系統,IND_ICT,資訊軟體與數位科技,SECONDARY,0.5,0.3333,智慧醫療、穿戴裝置生醫信號處理跨域就業途徑。,MOE_UCAN_OFFICIAL_2024,v1.0
09131025,護理系碩士班,1034,弘光科技大學,UC_HEALTH,醫療保健,UC_HEALTH_PW01,生醫研發與健康照護,IND_BIOMED,生技醫療與精準健康,PRIMARY,1.0,0.6667,教育部UCAN職涯途徑：臨床醫學、生技製藥檢驗與醫療儀器研發。,MOE_UCAN_OFFICIAL_2024,v1.0
09131025,護理系碩士班,1034,弘光科技大學,UC_IT,資訊科技,UC_IT_PW03,智慧醫療資訊系統,IND_ICT,資訊軟體與數位科技,SECONDARY,0.5,0.3333,智慧醫療、穿戴裝置生醫信號處理跨域就業途徑。,MOE_UCAN_OFFICIAL_2024,v1.0
09211037,老人福利與長期照顧事業系碩士班,1034,弘光科技大學,UC_MGMT,企業經營管理,UC_MGMT_PW01,綜合事務與專案支援,IND_PRO_FIN,專業商管與金融服務,PRIMARY,1.0,1.0,通識與人文社會系所轉入行政管理與企業綜合服務領域。,MOE_UCAN_DEFAULT_FALLBACK,v1.0
09221028,幼兒保育系_香港二技專班,1034,弘光科技大學,UC_MGMT,企業經營管理,UC_MGMT_PW01,綜合事務與專案支援,IND_PRO_FIN,專業商管與金融服務,PRIMARY,1.0,1.0,通識與人文社會系所轉入行政管理與企業綜合服務領域。,MOE_UCAN_DEFAULT_FALLBACK,v1.0
10121031,化妝品應用系碩士在職專班,1034,弘光科技大學,UC_MGMT,企業經營管理,UC_MGMT_PW01,綜合事務與專案支援,IND_PRO_FIN,專業商管與金融服務,PRIMARY,1.0,1.0,通識與人文社會系所轉入行政管理與企業綜合服務領域。,MOE_UCAN_DEFAULT_FALLBACK,v1.0
10121031,化妝品應用系碩士班,1034,弘光科技大學,UC_MGMT,企業經營管理,UC_MGMT_PW01,綜合事務與專案支援,IND_PRO_FIN,專業商管與金融服務,PRIMARY,1.0,1.0,通識與人文社會系所轉入行政管理與企業綜合服務領域。,MOE_UCAN_DEFAULT_FALLBACK,v1.0
09121049,癌症生物與藥物研發碩士學位學程,1035,中國醫藥大學,UC_MGMT,企業經營管理,UC_MGMT_PW01,綜合事務與專案支援,IND_PRO_FIN,專業商管與金融服務,PRIMARY,1.0,1.0,通識與人文社會系所轉入行政管理與企業綜合服務領域。,MOE_UCAN_DEFAULT_FALLBACK,v1.0
09191026,公共衛生國際碩士學位學程,1035,中國醫藥大學,UC_MGMT,企業經營管理,UC_MGMT_PW01,綜合事務與專案支援,IND_PRO_FIN,專業商管與金融服務,PRIMARY,1.0,1.0,通識與人文社會系所轉入行政管理與企業綜合服務領域。,MOE_UCAN_DEFAULT_FALLBACK,v1.0
02112003,視覺傳達設計系碩士班,1045,嶺東科技大學,UC_TOUR,休閒與觀光旅遊,UC_TOUR_PW01,觀光餐旅與文創展演,IND_TOUR_CULT,數位文創與觀光休閒,PRIMARY,1.0,0.6667,教育部UCAN職涯途徑：數位媒體設計、視覺行銷與文創會展休閒經營。,MOE_UCAN_OFFICIAL_2024,v1.0
02112003,視覺傳達設計系碩士班,1045,嶺東科技大學,UC_IT,資訊科技,UC_IT_PW02,UI/UX 人機互動設計,IND_ICT,資訊軟體與數位科技,SECONDARY,0.5,0.3333,軟體科技業 UI/UX 視覺設計師與互動前端專長流向。,GCIS_104_EMPIRICAL_ALIGNMENT,v1.0
02112005,數位媒體設計系碩士班,1045,嶺東科技大學,UC_TOUR,休閒與觀光旅遊,UC_TOUR_PW01,觀光餐旅與文創展演,IND_TOUR_CULT,數位文創與觀光休閒,PRIMARY,1.0,0.6667,教育部UCAN職涯途徑：數位媒體設計、視覺行銷與文創會展休閒經營。,MOE_UCAN_OFFICIAL_2024,v1.0
02112005,數位媒體設計系碩士班,1045,嶺東科技大學,UC_IT,資訊科技,UC_IT_PW02,UI/UX 人機互動設計,IND_ICT,資訊軟體與數位科技,SECONDARY,0.5,0.3333,軟體科技業 UI/UX 視覺設計師與互動前端專長流向。,GCIS_104_EMPIRICAL_ALIGNMENT,v1.0
02122002,流行設計系碩士班,1045,嶺東科技大學,UC_MGMT,企業經營管理,UC_MGMT_PW01,綜合事務與專案支援,IND_PRO_FIN,專業商管與金融服務,PRIMARY,1.0,1.0,通識與人文社會系所轉入行政管理與企業綜合服務領域。,MOE_UCAN_DEFAULT_FALLBACK,v1.0
02123008,創意產品設計系碩士班,1045,嶺東科技大學,UC_TOUR,休閒與觀光旅遊,UC_TOUR_PW01,觀光餐旅與文創展演,IND_TOUR_CULT,數位文創與觀光休閒,PRIMARY,1.0,0.6667,教育部UCAN職涯途徑：數位媒體設計、視覺行銷與文創會展休閒經營。,MOE_UCAN_OFFICIAL_2024,v1.0
02123008,創意產品設計系碩士班,1045,嶺東科技大學,UC_IT,資訊科技,UC_IT_PW02,UI/UX 人機互動設計,IND_ICT,資訊軟體與數位科技,SECONDARY,0.5,0.3333,軟體科技業 UI/UX 視覺設計師與互動前端專長流向。,GCIS_104_EMPIRICAL_ALIGNMENT,v1.0
04121017,財務金融系碩士在職專班,1045,嶺東科技大學,UC_FIN,金融保險,UC_FIN_PW01,會計審計與專業財務顧問,IND_PRO_FIN,專業商管與金融服務,PRIMARY,1.0,0.6667,教育部UCAN職涯途徑：會計師事務所審計查核、金融機構企業放款與財務分析。,MOE_UCAN_OFFICIAL_2024,v1.0
04121017,財務金融系碩士在職專班,1045,嶺東科技大學,UC_TRANS,運輸、物流與配銷,UC_TRANS_PW02,國際貿易成本精算,IND_TRADE_LOG,國際貿易與現代物流,SECONDARY,0.5,0.3333,跨國貿易保險、海關報關與保稅成本核算實證。,GCIS_104_EMPIRICAL_ALIGNMENT,v1.0
04121017,財務金融系碩士班,1045,嶺東科技大學,UC_FIN,金融保險,UC_FIN_PW01,會計審計與專業財務顧問,IND_PRO_FIN,專業商管與金融服務,PRIMARY,1.0,0.6667,教育部UCAN職涯途徑：會計師事務所審計查核、金融機構企業放款與財務分析。,MOE_UCAN_OFFICIAL_2024,v1.0
04121017,財務金融系碩士班,1045,嶺東科技大學,UC_TRANS,運輸、物流與配銷,UC_TRANS_PW02,國際貿易成本精算,IND_TRADE_LOG,國際貿易與現代物流,SECONDARY,0.5,0.3333,跨國貿易保險、海關報關與保稅成本核算實證。,GCIS_104_EMPIRICAL_ALIGNMENT,v1.0
04131013,企業管理系碩士在職專班,1045,嶺東科技大學,UC_MGMT,企業經營管理,UC_MGMT_PW01,營運管理與決策分析,IND_PRO_FIN,專業商管與金融服務,PRIMARY,1.0,0.5,企管系核心訓練：企業經營策略與管理顧問職位。,MOE_UCAN_OFFICIAL_2024,v1.0
04131013,企業管理系碩士在職專班,1045,嶺東科技大學,UC_TRANS,運輸、物流與配銷,UC_TRANS_PW01,供應鏈管理,IND_TRADE_LOG,國際貿易與現代物流,SECONDARY,0.5,0.25,企管系流向：外銷製造業與物流供應鏈協調專員。,MOE_UCAN_OFFICIAL_2024,v1.0
04131013,企業管理系碩士在職專班,1045,嶺東科技大學,UC_MFG,製造,UC_MFG_PW03,製造業生管與品保,IND_MFG,智慧製造與精密機械,SECONDARY,0.5,0.25,中彰投製造業生管、專案經理與行政管理人才流向。,GCIS_104_EMPIRICAL_ALIGNMENT,v1.0
04131013,企業管理系碩士班,1045,嶺東科技大學,UC_MGMT,企業經營管理,UC_MGMT_PW01,營運管理與決策分析,IND_PRO_FIN,專業商管與金融服務,PRIMARY,1.0,0.5,企管系核心訓練：企業經營策略與管理顧問職位。,MOE_UCAN_OFFICIAL_2024,v1.0
04131013,企業管理系碩士班,1045,嶺東科技大學,UC_TRANS,運輸、物流與配銷,UC_TRANS_PW01,供應鏈管理,IND_TRADE_LOG,國際貿易與現代物流,SECONDARY,0.5,0.25,企管系流向：外銷製造業與物流供應鏈協調專員。,MOE_UCAN_OFFICIAL_2024,v1.0
04131013,企業管理系碩士班,1045,嶺東科技大學,UC_MFG,製造,UC_MFG_PW03,製造業生管與品保,IND_MFG,智慧製造與精密機械,SECONDARY,0.5,0.25,中彰投製造業生管、專案經理與行政管理人才流向。,GCIS_104_EMPIRICAL_ALIGNMENT,v1.0
04131015,國際企業系碩士在職專班,1045,嶺東科技大學,UC_TRANS,運輸、物流與配銷,UC_TRANS_PW01,國際運籌與供應鏈管理,IND_TRADE_LOG,國際貿易與現代物流,PRIMARY,1.0,0.6667,教育部UCAN途徑：台中港自由貿易港區、海運承攬與跨境電商貿易實務。,MOE_UCAN_OFFICIAL_2024,v1.0
04131015,國際企業系碩士在職專班,1045,嶺東科技大學,UC_FIN,金融保險,UC_FIN_PW02,貿易融資與外匯風險管理,IND_PRO_FIN,專業商管與金融服務,SECONDARY,0.5,0.3333,外銷企業信用狀、外幣避險與跨境金融投資顧問職務。,GCIS_104_EMPIRICAL_ALIGNMENT,v1.0
04131015,國際企業系碩士班,1045,嶺東科技大學,UC_TRANS,運輸、物流與配銷,UC_TRANS_PW01,國際運籌與供應鏈管理,IND_TRADE_LOG,國際貿易與現代物流,PRIMARY,1.0,0.6667,教育部UCAN途徑：台中港自由貿易港區、海運承攬與跨境電商貿易實務。,MOE_UCAN_OFFICIAL_2024,v1.0
04131015,國際企業系碩士班,1045,嶺東科技大學,UC_FIN,金融保險,UC_FIN_PW02,貿易融資與外匯風險管理,IND_PRO_FIN,專業商管與金融服務,SECONDARY,0.5,0.3333,外銷企業信用狀、外幣避險與跨境金融投資顧問職務。,GCIS_104_EMPIRICAL_ALIGNMENT,v1.0
04143024,行銷與流通管理系碩士班,1045,嶺東科技大學,UC_TRANS,運輸、物流與配銷,UC_TRANS_PW01,國際運籌與供應鏈管理,IND_TRADE_LOG,國際貿易與現代物流,PRIMARY,1.0,0.6667,教育部UCAN途徑：台中港自由貿易港區、海運承攬與跨境電商貿易實務。,MOE_UCAN_OFFICIAL_2024,v1.0
04143024,行銷與流通管理系碩士班,1045,嶺東科技大學,UC_FIN,金融保險,UC_FIN_PW02,貿易融資與外匯風險管理,IND_PRO_FIN,專業商管與金融服務,SECONDARY,0.5,0.3333,外銷企業信用狀、外幣避險與跨境金融投資顧問職務。,GCIS_104_EMPIRICAL_ALIGNMENT,v1.0
06131030,資訊科技系碩士班,1045,嶺東科技大學,UC_IT,資訊科技,UC_IT_PW01,軟體開發與系統整合,IND_ICT,資訊軟體與數位科技,PRIMARY,1.0,0.6667,教育部UCAN職涯就業途徑對照表：資訊工程系所核心能力對應軟體開發與資通訊技術。,MOE_UCAN_OFFICIAL_2024,v1.0
06131030,資訊科技系碩士班,1045,嶺東科技大學,UC_STEM,科學、科技、工程與數學,UC_STEM_PW02,半導體軟硬體整合,IND_SEM,半導體與綠能科技,SECONDARY,0.5,0.3333,中科半導體供應鏈IC設計與韌體工程職缺對應資工系所就業途徑。,GCIS_104_EMPIRICAL_ALIGNMENT,v1.0
06131031,資訊管理系碩士班,1045,嶺東科技大學,UC_MGMT,企業經營管理,UC_MGMT_PW01,綜合事務與專案支援,IND_PRO_FIN,專業商管與金融服務,PRIMARY,1.0,1.0,通識與人文社會系所轉入行政管理與企業綜合服務領域。,MOE_UCAN_DEFAULT_FALLBACK,v1.0
09221041,幼兒保育系,1045,嶺東科技大學,UC_MGMT,企業經營管理,UC_MGMT_PW01,綜合事務與專案支援,IND_PRO_FIN,專業商管與金融服務,PRIMARY,1.0,1.0,通識與人文社會系所轉入行政管理與企業綜合服務領域。,MOE_UCAN_DEFAULT_FALLBACK,v1.0
10151036,觀光與休閒管理系碩士班,1045,嶺東科技大學,UC_TOUR,休閒與觀光旅遊,UC_TOUR_PW01,觀光餐旅與文創展演,IND_TOUR_CULT,數位文創與觀光休閒,PRIMARY,1.0,0.6667,教育部UCAN職涯途徑：數位媒體設計、視覺行銷與文創會展休閒經營。,MOE_UCAN_OFFICIAL_2024,v1.0
10151036,觀光與休閒管理系碩士班,1045,嶺東科技大學,UC_IT,資訊科技,UC_IT_PW02,UI/UX 人機互動設計,IND_ICT,資訊軟體與數位科技,SECONDARY,0.5,0.3333,軟體科技業 UI/UX 視覺設計師與互動前端專長流向。,GCIS_104_EMPIRICAL_ALIGNMENT,v1.0
04131038,經營管理系,1047,中臺科技大學,UC_MGMT,企業經營管理,UC_MGMT_PW01,營運管理與決策分析,IND_PRO_FIN,專業商管與金融服務,PRIMARY,1.0,0.5,企管系核心訓練：企業經營策略與管理顧問職位。,MOE_UCAN_OFFICIAL_2024,v1.0
04131038,經營管理系,1047,中臺科技大學,UC_TRANS,運輸、物流與配銷,UC_TRANS_PW01,供應鏈管理,IND_TRADE_LOG,國際貿易與現代物流,SECONDARY,0.5,0.25,企管系流向：外銷製造業與物流供應鏈協調專員。,MOE_UCAN_OFFICIAL_2024,v1.0
04131038,經營管理系,1047,中臺科技大學,UC_MFG,製造,UC_MFG_PW03,製造業生管與品保,IND_MFG,智慧製造與精密機械,SECONDARY,0.5,0.25,中彰投製造業生管、專案經理與行政管理人才流向。,GCIS_104_EMPIRICAL_ALIGNMENT,v1.0
04133008,醫療暨健康產業管理系碩士在職專班,1047,中臺科技大學,UC_HEALTH,醫療保健,UC_HEALTH_PW01,生醫研發與健康照護,IND_BIOMED,生技醫療與精準健康,PRIMARY,1.0,0.6667,教育部UCAN職涯途徑：臨床醫學、生技製藥檢驗與醫療儀器研發。,MOE_UCAN_OFFICIAL_2024,v1.0
04133008,醫療暨健康產業管理系碩士在職專班,1047,中臺科技大學,UC_IT,資訊科技,UC_IT_PW03,智慧醫療資訊系統,IND_ICT,資訊軟體與數位科技,SECONDARY,0.5,0.3333,智慧醫療、穿戴裝置生醫信號處理跨域就業途徑。,MOE_UCAN_OFFICIAL_2024,v1.0
04133008,醫療暨健康產業管理系碩士班,1047,中臺科技大學,UC_HEALTH,醫療保健,UC_HEALTH_PW01,生醫研發與健康照護,IND_BIOMED,生技醫療與精準健康,PRIMARY,1.0,0.6667,教育部UCAN職涯途徑：臨床醫學、生技製藥檢驗與醫療儀器研發。,MOE_UCAN_OFFICIAL_2024,v1.0
04133008,醫療暨健康產業管理系碩士班,1047,中臺科技大學,UC_IT,資訊科技,UC_IT_PW03,智慧醫療資訊系統,IND_ICT,資訊軟體與數位科技,SECONDARY,0.5,0.3333,智慧醫療、穿戴裝置生醫信號處理跨域就業途徑。,MOE_UCAN_OFFICIAL_2024,v1.0
07121013,環境與安全衛生工程系碩士班,1047,中臺科技大學,UC_MGMT,企業經營管理,UC_MGMT_PW01,綜合事務與專案支援,IND_PRO_FIN,專業商管與金融服務,PRIMARY,1.0,1.0,通識與人文社會系所轉入行政管理與企業綜合服務領域。,MOE_UCAN_DEFAULT_FALLBACK,v1.0
07211017,食品科技系碩士班,1047,中臺科技大學,UC_MGMT,企業經營管理,UC_MGMT_PW01,綜合事務與專案支援,IND_PRO_FIN,專業商管與金融服務,PRIMARY,1.0,1.0,通識與人文社會系所轉入行政管理與企業綜合服務領域。,MOE_UCAN_DEFAULT_FALLBACK,v1.0
09111033,牙體技術暨材料系碩士班,1047,中臺科技大學,UC_MGMT,企業經營管理,UC_MGMT_PW01,綜合事務與專案支援,IND_PRO_FIN,專業商管與金融服務,PRIMARY,1.0,1.0,通識與人文社會系所轉入行政管理與企業綜合服務領域。,MOE_UCAN_DEFAULT_FALLBACK,v1.0
09131020,護理系碩士在職專班,1047,中臺科技大學,UC_HEALTH,醫療保健,UC_HEALTH_PW01,生醫研發與健康照護,IND_BIOMED,生技醫療與精準健康,PRIMARY,1.0,0.6667,教育部UCAN職涯途徑：臨床醫學、生技製藥檢驗與醫療儀器研發。,MOE_UCAN_OFFICIAL_2024,v1.0
09131020,護理系碩士在職專班,1047,中臺科技大學,UC_IT,資訊科技,UC_IT_PW03,智慧醫療資訊系統,IND_ICT,資訊軟體與數位科技,SECONDARY,0.5,0.3333,智慧醫療、穿戴裝置生醫信號處理跨域就業途徑。,MOE_UCAN_OFFICIAL_2024,v1.0
09131020,護理系碩士班,1047,中臺科技大學,UC_HEALTH,醫療保健,UC_HEALTH_PW01,生醫研發與健康照護,IND_BIOMED,生技醫療與精準健康,PRIMARY,1.0,0.6667,教育部UCAN職涯途徑：臨床醫學、生技製藥檢驗與醫療儀器研發。,MOE_UCAN_OFFICIAL_2024,v1.0
09131020,護理系碩士班,1047,中臺科技大學,UC_IT,資訊科技,UC_IT_PW03,智慧醫療資訊系統,IND_ICT,資訊軟體與數位科技,SECONDARY,0.5,0.3333,智慧醫療、穿戴裝置生醫信號處理跨域就業途徑。,MOE_UCAN_OFFICIAL_2024,v1.0
09141028,醫學檢驗生物技術系碩士班,1047,中臺科技大學,UC_HEALTH,醫療保健,UC_HEALTH_PW01,生醫研發與健康照護,IND_BIOMED,生技醫療與精準健康,PRIMARY,1.0,0.6667,教育部UCAN職涯途徑：臨床醫學、生技製藥檢驗與醫療儀器研發。,MOE_UCAN_OFFICIAL_2024,v1.0
09141028,醫學檢驗生物技術系碩士班,1047,中臺科技大學,UC_IT,資訊科技,UC_IT_PW03,智慧醫療資訊系統,IND_ICT,資訊軟體與數位科技,SECONDARY,0.5,0.3333,智慧醫療、穿戴裝置生醫信號處理跨域就業途徑。,MOE_UCAN_OFFICIAL_2024,v1.0
09141029,醫學影像暨放射科學系博士班,1047,中臺科技大學,UC_HEALTH,醫療保健,UC_HEALTH_PW01,生醫研發與健康照護,IND_BIOMED,生技醫療與精準健康,PRIMARY,1.0,0.6667,教育部UCAN職涯途徑：臨床醫學、生技製藥檢驗與醫療儀器研發。,MOE_UCAN_OFFICIAL_2024,v1.0
09141029,醫學影像暨放射科學系博士班,1047,中臺科技大學,UC_IT,資訊科技,UC_IT_PW03,智慧醫療資訊系統,IND_ICT,資訊軟體與數位科技,SECONDARY,0.5,0.3333,智慧醫療、穿戴裝置生醫信號處理跨域就業途徑。,MOE_UCAN_OFFICIAL_2024,v1.0
09141029,醫學影像暨放射科學系碩士在職專班,1047,中臺科技大學,UC_HEALTH,醫療保健,UC_HEALTH_PW01,生醫研發與健康照護,IND_BIOMED,生技醫療與精準健康,PRIMARY,1.0,0.6667,教育部UCAN職涯途徑：臨床醫學、生技製藥檢驗與醫療儀器研發。,MOE_UCAN_OFFICIAL_2024,v1.0
09141029,醫學影像暨放射科學系碩士在職專班,1047,中臺科技大學,UC_IT,資訊科技,UC_IT_PW03,智慧醫療資訊系統,IND_ICT,資訊軟體與數位科技,SECONDARY,0.5,0.3333,智慧醫療、穿戴裝置生醫信號處理跨域就業途徑。,MOE_UCAN_OFFICIAL_2024,v1.0
09141029,醫學影像暨放射科學系碩士班,1047,中臺科技大學,UC_HEALTH,醫療保健,UC_HEALTH_PW01,生醫研發與健康照護,IND_BIOMED,生技醫療與精準健康,PRIMARY,1.0,0.6667,教育部UCAN職涯途徑：臨床醫學、生技製藥檢驗與醫療儀器研發。,MOE_UCAN_OFFICIAL_2024,v1.0
09141029,醫學影像暨放射科學系碩士班,1047,中臺科技大學,UC_IT,資訊科技,UC_IT_PW03,智慧醫療資訊系統,IND_ICT,資訊軟體與數位科技,SECONDARY,0.5,0.3333,智慧醫療、穿戴裝置生醫信號處理跨域就業途徑。,MOE_UCAN_OFFICIAL_2024,v1.0
09211034,老人照顧系_外國學生產學合作專班,1047,中臺科技大學,UC_MGMT,企業經營管理,UC_MGMT_PW01,綜合事務與專案支援,IND_PRO_FIN,專業商管與金融服務,PRIMARY,1.0,1.0,通識與人文社會系所轉入行政管理與企業綜合服務領域。,MOE_UCAN_DEFAULT_FALLBACK,v1.0
09212024,長期照顧碩士在職學位學程,1047,中臺科技大學,UC_MGMT,企業經營管理,UC_MGMT_PW01,綜合事務與專案支援,IND_PRO_FIN,專業商管與金融服務,PRIMARY,1.0,1.0,通識與人文社會系所轉入行政管理與企業綜合服務領域。,MOE_UCAN_DEFAULT_FALLBACK,v1.0
02123005,電腦輔助工業設計系_精密機械生產製造與管理專班,1062,僑光科技大學,UC_MFG,製造,UC_MFG_PW01,機電自動化與機械設計,IND_MFG,智慧製造與精密機械,PRIMARY,1.0,0.6667,教育部UCAN製造學門就業途徑：精密機械與工具機設備研發製造。,MOE_UCAN_OFFICIAL_2024,v1.0
02123005,電腦輔助工業設計系_精密機械生產製造與管理專班,1062,僑光科技大學,UC_STEM,科學、科技、工程與數學,UC_STEM_PW01,半導體封裝與設備工程,IND_SEM,半導體與綠能科技,SECONDARY,0.5,0.3333,中科園區半導體晶圓廠廠務與設備工程師招募管道。,GCIS_104_EMPIRICAL_ALIGNMENT,v1.0
04121013,財務金融系碩士班,1062,僑光科技大學,UC_FIN,金融保險,UC_FIN_PW01,會計審計與專業財務顧問,IND_PRO_FIN,專業商管與金融服務,PRIMARY,1.0,0.6667,教育部UCAN職涯途徑：會計師事務所審計查核、金融機構企業放款與財務分析。,MOE_UCAN_OFFICIAL_2024,v1.0
04121013,財務金融系碩士班,1062,僑光科技大學,UC_TRANS,運輸、物流與配銷,UC_TRANS_PW02,國際貿易成本精算,IND_TRADE_LOG,國際貿易與現代物流,SECONDARY,0.5,0.3333,跨國貿易保險、海關報關與保稅成本核算實證。,GCIS_104_EMPIRICAL_ALIGNMENT,v1.0
04131009,企業管理系碩士在職專班,1062,僑光科技大學,UC_MGMT,企業經營管理,UC_MGMT_PW01,營運管理與決策分析,IND_PRO_FIN,專業商管與金融服務,PRIMARY,1.0,0.5,企管系核心訓練：企業經營策略與管理顧問職位。,MOE_UCAN_OFFICIAL_2024,v1.0
04131009,企業管理系碩士在職專班,1062,僑光科技大學,UC_TRANS,運輸、物流與配銷,UC_TRANS_PW01,供應鏈管理,IND_TRADE_LOG,國際貿易與現代物流,SECONDARY,0.5,0.25,企管系流向：外銷製造業與物流供應鏈協調專員。,MOE_UCAN_OFFICIAL_2024,v1.0
04131009,企業管理系碩士在職專班,1062,僑光科技大學,UC_MFG,製造,UC_MFG_PW03,製造業生管與品保,IND_MFG,智慧製造與精密機械,SECONDARY,0.5,0.25,中彰投製造業生管、專案經理與行政管理人才流向。,GCIS_104_EMPIRICAL_ALIGNMENT,v1.0
04131009,企業管理系碩士班,1062,僑光科技大學,UC_MGMT,企業經營管理,UC_MGMT_PW01,營運管理與決策分析,IND_PRO_FIN,專業商管與金融服務,PRIMARY,1.0,0.5,企管系核心訓練：企業經營策略與管理顧問職位。,MOE_UCAN_OFFICIAL_2024,v1.0
04131009,企業管理系碩士班,1062,僑光科技大學,UC_TRANS,運輸、物流與配銷,UC_TRANS_PW01,供應鏈管理,IND_TRADE_LOG,國際貿易與現代物流,SECONDARY,0.5,0.25,企管系流向：外銷製造業與物流供應鏈協調專員。,MOE_UCAN_OFFICIAL_2024,v1.0
04131009,企業管理系碩士班,1062,僑光科技大學,UC_MFG,製造,UC_MFG_PW03,製造業生管與品保,IND_MFG,智慧製造與精密機械,SECONDARY,0.5,0.25,中彰投製造業生管、專案經理與行政管理人才流向。,GCIS_104_EMPIRICAL_ALIGNMENT,v1.0
02299109,數位人文與文創產業進修學士學位學程,0006,國立中興大學,UC_TOUR,休閒與觀光旅遊,UC_TOUR_PW01,觀光餐旅與文創展演,IND_TOUR_CULT,數位文創與觀光休閒,PRIMARY,1.0,0.6667,教育部UCAN職涯途徑：數位媒體設計、視覺行銷與文創會展休閒經營。,MOE_UCAN_OFFICIAL_2024,v1.0
02299109,數位人文與文創產業進修學士學位學程,0006,國立中興大學,UC_IT,資訊科技,UC_IT_PW02,UI/UX 人機互動設計,IND_ICT,資訊軟體與數位科技,SECONDARY,0.5,0.3333,軟體科技業 UI/UX 視覺設計師與互動前端專長流向。,GCIS_104_EMPIRICAL_ALIGNMENT,v1.0
04199022,高階經理人碩士在職專班越南農業管理境外專班,0006,國立中興大學,UC_MGMT,企業經營管理,UC_MGMT_PW01,綜合事務與專案支援,IND_PRO_FIN,專業商管與金融服務,PRIMARY,1.0,1.0,通識與人文社會系所轉入行政管理與企業綜合服務領域。,MOE_UCAN_DEFAULT_FALLBACK,v1.0
05121117,分子與生物農業科學國際研究生博士學位學程,0006,國立中興大學,UC_MGMT,企業經營管理,UC_MGMT_PW01,綜合事務與專案支援,IND_PRO_FIN,專業商管與金融服務,PRIMARY,1.0,1.0,通識與人文社會系所轉入行政管理與企業綜合服務領域。,MOE_UCAN_DEFAULT_FALLBACK,v1.0
05411041,應用數學系大數據碩士在職專班,0006,國立中興大學,UC_MGMT,企業經營管理,UC_MGMT_PW01,綜合事務與專案支援,IND_PRO_FIN,專業商管與金融服務,PRIMARY,1.0,1.0,通識與人文社會系所轉入行政管理與企業綜合服務領域。,MOE_UCAN_DEFAULT_FALLBACK,v1.0
06131108,資訊工程學系,0006,國立中興大學,UC_IT,資訊科技,UC_IT_PW01,軟體開發與系統整合,IND_ICT,資訊軟體與數位科技,PRIMARY,1.0,0.6667,教育部UCAN職涯就業途徑對照表：資訊工程系所核心能力對應軟體開發與資通訊技術。,MOE_UCAN_OFFICIAL_2024,v1.0
06131108,資訊工程學系,0006,國立中興大學,UC_STEM,科學、科技、工程與數學,UC_STEM_PW02,半導體軟硬體整合,IND_SEM,半導體與綠能科技,SECONDARY,0.5,0.3333,中科半導體供應鏈IC設計與韌體工程職缺對應資工系所就業途徑。,GCIS_104_EMPIRICAL_ALIGNMENT,v1.0
09121110,學士後醫學系,0006,國立中興大學,UC_HEALTH,醫療保健,UC_HEALTH_PW01,生醫研發與健康照護,IND_BIOMED,生技醫療與精準健康,PRIMARY,1.0,0.6667,教育部UCAN職涯途徑：臨床醫學、生技製藥檢驗與醫療儀器研發。,MOE_UCAN_OFFICIAL_2024,v1.0
09121110,學士後醫學系,0006,國立中興大學,UC_IT,資訊科技,UC_IT_PW03,智慧醫療資訊系統,IND_ICT,資訊軟體與數位科技,SECONDARY,0.5,0.3333,智慧醫療、穿戴裝置生醫信號處理跨域就業途徑。,MOE_UCAN_OFFICIAL_2024,v1.0
06131010,資訊管理系_智慧產業研發與數據分析產業碩士專班,0043,國立勤益科技大學,UC_MGMT,企業經營管理,UC_MGMT_PW01,綜合事務與專案支援,IND_PRO_FIN,專業商管與金融服務,PRIMARY,1.0,1.0,通識與人文社會系所轉入行政管理與企業綜合服務領域。,MOE_UCAN_DEFAULT_FALLBACK,v1.0
06131010,資訊管理系_智慧產業資訊應用專班,0043,國立勤益科技大學,UC_MGMT,企業經營管理,UC_MGMT_PW01,綜合事務與專案支援,IND_PRO_FIN,專業商管與金融服務,PRIMARY,1.0,1.0,通識與人文社會系所轉入行政管理與企業綜合服務領域。,MOE_UCAN_DEFAULT_FALLBACK,v1.0
06132039,人工智慧應用工程系,0043,國立勤益科技大學,UC_IT,資訊科技,UC_IT_PW01,軟體開發與系統整合,IND_ICT,資訊軟體與數位科技,PRIMARY,1.0,0.6667,教育部UCAN職涯就業途徑對照表：資訊工程系所核心能力對應軟體開發與資通訊技術。,MOE_UCAN_OFFICIAL_2024,v1.0
06132039,人工智慧應用工程系,0043,國立勤益科技大學,UC_STEM,科學、科技、工程與數學,UC_STEM_PW02,半導體軟硬體整合,IND_SEM,半導體與綠能科技,SECONDARY,0.5,0.3333,中科半導體供應鏈IC設計與韌體工程職缺對應資工系所就業途徑。,GCIS_104_EMPIRICAL_ALIGNMENT,v1.0
07111020,化工與材料工程系_國際學生產學合作專班,0043,國立勤益科技大學,UC_MGMT,企業經營管理,UC_MGMT_PW01,綜合事務與專案支援,IND_PRO_FIN,專業商管與金融服務,PRIMARY,1.0,1.0,通識與人文社會系所轉入行政管理與企業綜合服務領域。,MOE_UCAN_DEFAULT_FALLBACK,v1.0
07151016,機械工程系_國際學生產學合作專班,0043,國立勤益科技大學,UC_MFG,製造,UC_MFG_PW01,機電自動化與機械設計,IND_MFG,智慧製造與精密機械,PRIMARY,1.0,0.6667,教育部UCAN製造學門就業途徑：精密機械與工具機設備研發製造。,MOE_UCAN_OFFICIAL_2024,v1.0
07151016,機械工程系_國際學生產學合作專班,0043,國立勤益科技大學,UC_STEM,科學、科技、工程與數學,UC_STEM_PW01,半導體封裝與設備工程,IND_SEM,半導體與綠能科技,SECONDARY,0.5,0.3333,中科園區半導體晶圓廠廠務與設備工程師招募管道。,GCIS_104_EMPIRICAL_ALIGNMENT,v1.0
07151038,智慧自動化工程系,0043,國立勤益科技大學,UC_MFG,製造,UC_MFG_PW01,機電自動化與機械設計,IND_MFG,智慧製造與精密機械,PRIMARY,1.0,0.6667,教育部UCAN製造學門就業途徑：精密機械與工具機設備研發製造。,MOE_UCAN_OFFICIAL_2024,v1.0
07151038,智慧自動化工程系,0043,國立勤益科技大學,UC_STEM,科學、科技、工程與數學,UC_STEM_PW01,半導體封裝與設備工程,IND_SEM,半導體與綠能科技,SECONDARY,0.5,0.3333,中科園區半導體晶圓廠廠務與設備工程師招募管道。,GCIS_104_EMPIRICAL_ALIGNMENT,v1.0
07191044,智慧生產工程系_雙軌訓練旗艦計畫,0050,國立臺中科技大學,UC_MGMT,企業經營管理,UC_MGMT_PW01,綜合事務與專案支援,IND_PRO_FIN,專業商管與金融服務,PRIMARY,1.0,1.0,通識與人文社會系所轉入行政管理與企業綜合服務領域。,MOE_UCAN_DEFAULT_FALLBACK,v1.0
05211065,永續科學與管理學士學位學程,1001,東海大學,UC_MGMT,企業經營管理,UC_MGMT_PW01,綜合事務與專案支援,IND_PRO_FIN,專業商管與金融服務,PRIMARY,1.0,1.0,通識與人文社會系所轉入行政管理與企業綜合服務領域。,MOE_UCAN_DEFAULT_FALLBACK,v1.0
04191014,澳洲昆士蘭大學商學雙學士學位學程,1007,逢甲大學,UC_MGMT,企業經營管理,UC_MGMT_PW01,綜合事務與專案支援,IND_PRO_FIN,專業商管與金融服務,PRIMARY,1.0,1.0,通識與人文社會系所轉入行政管理與企業綜合服務領域。,MOE_UCAN_DEFAULT_FALLBACK,v1.0
07141107,美國加州聖荷西州立大學電機工程雙學士學位學程,1007,逢甲大學,UC_STEM,科學、科技、工程與數學,UC_STEM_PW01,半導體元件與光電工程,IND_SEM,半導體與綠能科技,PRIMARY,1.0,0.6667,教育部UCAN職涯途徑：半導體晶圓製造與綠能光電工程開發。,MOE_UCAN_OFFICIAL_2024,v1.0
07141107,美國加州聖荷西州立大學電機工程雙學士學位學程,1007,逢甲大學,UC_MFG,製造,UC_MFG_PW02,智慧控制系統開發,IND_MFG,智慧製造與精密機械,SECONDARY,0.5,0.3333,工業自動化控制器與智慧伺服馬達驅動電路研發。,MOE_UCAN_OFFICIAL_2024,v1.0
07399116,建設規劃與工程博士學位學程,1007,逢甲大學,UC_MGMT,企業經營管理,UC_MGMT_PW01,綜合事務與專案支援,IND_PRO_FIN,專業商管與金融服務,PRIMARY,1.0,1.0,通識與人文社會系所轉入行政管理與企業綜合服務領域。,MOE_UCAN_DEFAULT_FALLBACK,v1.0
03141043,原住民族健康與社會福利博士學位學程,1008,靜宜大學,UC_MGMT,企業經營管理,UC_MGMT_PW01,綜合事務與專案支援,IND_PRO_FIN,專業商管與金融服務,PRIMARY,1.0,1.0,通識與人文社會系所轉入行政管理與企業綜合服務領域。,MOE_UCAN_DEFAULT_FALLBACK,v1.0
06111023,資訊與通訊系_香港二技專班,1018,朝陽科技大學,UC_MGMT,企業經營管理,UC_MGMT_PW01,綜合事務與專案支援,IND_PRO_FIN,專業商管與金融服務,PRIMARY,1.0,1.0,通識與人文社會系所轉入行政管理與企業綜合服務領域。,MOE_UCAN_DEFAULT_FALLBACK,v1.0
06131019,資訊管理系_香港二技專班,1018,朝陽科技大學,UC_MGMT,企業經營管理,UC_MGMT_PW01,綜合事務與專案支援,IND_PRO_FIN,專業商管與金融服務,PRIMARY,1.0,1.0,通識與人文社會系所轉入行政管理與企業綜合服務領域。,MOE_UCAN_DEFAULT_FALLBACK,v1.0
05111007,動物保健系,1034,弘光科技大學,UC_MGMT,企業經營管理,UC_MGMT_PW01,綜合事務與專案支援,IND_PRO_FIN,專業商管與金融服務,PRIMARY,1.0,1.0,通識與人文社會系所轉入行政管理與企業綜合服務領域。,MOE_UCAN_DEFAULT_FALLBACK,v1.0
05191023,營養系碩士班,1034,弘光科技大學,UC_MGMT,企業經營管理,UC_MGMT_PW01,綜合事務與專案支援,IND_PRO_FIN,專業商管與金融服務,PRIMARY,1.0,1.0,通識與人文社會系所轉入行政管理與企業綜合服務領域。,MOE_UCAN_DEFAULT_FALLBACK,v1.0
06131040,智慧科技應用系,1034,弘光科技大學,UC_MGMT,企業經營管理,UC_MGMT_PW01,綜合事務與專案支援,IND_PRO_FIN,專業商管與金融服務,PRIMARY,1.0,1.0,通識與人文社會系所轉入行政管理與企業綜合服務領域。,MOE_UCAN_DEFAULT_FALLBACK,v1.0
06131040,智慧科技應用系_海外青年技術訓練班,1034,弘光科技大學,UC_MGMT,企業經營管理,UC_MGMT_PW01,綜合事務與專案支援,IND_PRO_FIN,專業商管與金融服務,PRIMARY,1.0,1.0,通識與人文社會系所轉入行政管理與企業綜合服務領域。,MOE_UCAN_DEFAULT_FALLBACK,v1.0
07121014,環境與安全衛生工程系碩士在職專班,1034,弘光科技大學,UC_MGMT,企業經營管理,UC_MGMT_PW01,綜合事務與專案支援,IND_PRO_FIN,專業商管與金融服務,PRIMARY,1.0,1.0,通識與人文社會系所轉入行政管理與企業綜合服務領域。,MOE_UCAN_DEFAULT_FALLBACK,v1.0
07121014,環境與安全衛生工程系碩士班,1034,弘光科技大學,UC_MGMT,企業經營管理,UC_MGMT_PW01,綜合事務與專案支援,IND_PRO_FIN,專業商管與金融服務,PRIMARY,1.0,1.0,通識與人文社會系所轉入行政管理與企業綜合服務領域。,MOE_UCAN_DEFAULT_FALLBACK,v1.0
05123064,生物化學暨分子生物研究所,1035,中國醫藥大學,UC_MGMT,企業經營管理,UC_MGMT_PW01,綜合事務與專案支援,IND_PRO_FIN,專業商管與金融服務,PRIMARY,1.0,1.0,通識與人文社會系所轉入行政管理與企業綜合服務領域。,MOE_UCAN_DEFAULT_FALLBACK,v1.0
07193031,生物醫學工程學系,1035,中國醫藥大學,UC_HEALTH,醫療保健,UC_HEALTH_PW01,生醫研發與健康照護,IND_BIOMED,生技醫療與精準健康,PRIMARY,1.0,0.6667,教育部UCAN職涯途徑：臨床醫學、生技製藥檢驗與醫療儀器研發。,MOE_UCAN_OFFICIAL_2024,v1.0
07193031,生物醫學工程學系,1035,中國醫藥大學,UC_IT,資訊科技,UC_IT_PW03,智慧醫療資訊系統,IND_ICT,資訊軟體與數位科技,SECONDARY,0.5,0.3333,智慧醫療、穿戴裝置生醫信號處理跨域就業途徑。,MOE_UCAN_OFFICIAL_2024,v1.0
09121063,轉譯醫學暨新藥開發研究所,1035,中國醫藥大學,UC_HEALTH,醫療保健,UC_HEALTH_PW01,生醫研發與健康照護,IND_BIOMED,生技醫療與精準健康,PRIMARY,1.0,0.6667,教育部UCAN職涯途徑：臨床醫學、生技製藥檢驗與醫療儀器研發。,MOE_UCAN_OFFICIAL_2024,v1.0
09121063,轉譯醫學暨新藥開發研究所,1035,中國醫藥大學,UC_IT,資訊科技,UC_IT_PW03,智慧醫療資訊系統,IND_ICT,資訊軟體與數位科技,SECONDARY,0.5,0.3333,智慧醫療、穿戴裝置生醫信號處理跨域就業途徑。,MOE_UCAN_OFFICIAL_2024,v1.0
09199065,健康照護學院健康照護科學博士班,1035,中國醫藥大學,UC_MGMT,企業經營管理,UC_MGMT_PW01,綜合事務與專案支援,IND_PRO_FIN,專業商管與金融服務,PRIMARY,1.0,1.0,通識與人文社會系所轉入行政管理與企業綜合服務領域。,MOE_UCAN_DEFAULT_FALLBACK,v1.0
02125039,服飾設計系_智慧紡織服飾產學攜手合作專班,1045,嶺東科技大學,UC_MGMT,企業經營管理,UC_MGMT_PW01,綜合事務與專案支援,IND_PRO_FIN,專業商管與金融服務,PRIMARY,1.0,1.0,通識與人文社會系所轉入行政管理與企業綜合服務領域。,MOE_UCAN_DEFAULT_FALLBACK,v1.0
04143024,行銷與流通管理系_雙軌訓練旗艦計畫,1045,嶺東科技大學,UC_TRANS,運輸、物流與配銷,UC_TRANS_PW01,國際運籌與供應鏈管理,IND_TRADE_LOG,國際貿易與現代物流,PRIMARY,1.0,0.6667,教育部UCAN途徑：台中港自由貿易港區、海運承攬與跨境電商貿易實務。,MOE_UCAN_OFFICIAL_2024,v1.0
04143024,行銷與流通管理系_雙軌訓練旗艦計畫,1045,嶺東科技大學,UC_FIN,金融保險,UC_FIN_PW02,貿易融資與外匯風險管理,IND_PRO_FIN,專業商管與金融服務,SECONDARY,0.5,0.3333,外銷企業信用狀、外幣避險與跨境金融投資顧問職務。,GCIS_104_EMPIRICAL_ALIGNMENT,v1.0
07211017,食品科技系_食品製造僑生專班,1047,中臺科技大學,UC_MGMT,企業經營管理,UC_MGMT_PW01,綜合事務與專案支援,IND_PRO_FIN,專業商管與金融服務,PRIMARY,1.0,1.0,通識與人文社會系所轉入行政管理與企業綜合服務領域。,MOE_UCAN_DEFAULT_FALLBACK,v1.0
04131017,經營管理學系企業經濟與策略博士班,1048,亞洲大學,UC_MGMT,企業經營管理,UC_MGMT_PW01,營運管理與決策分析,IND_PRO_FIN,專業商管與金融服務,PRIMARY,1.0,0.5,企管系核心訓練：企業經營策略與管理顧問職位。,MOE_UCAN_OFFICIAL_2024,v1.0
04131017,經營管理學系企業經濟與策略博士班,1048,亞洲大學,UC_TRANS,運輸、物流與配銷,UC_TRANS_PW01,供應鏈管理,IND_TRADE_LOG,國際貿易與現代物流,SECONDARY,0.5,0.25,企管系流向：外銷製造業與物流供應鏈協調專員。,MOE_UCAN_OFFICIAL_2024,v1.0
04131017,經營管理學系企業經濟與策略博士班,1048,亞洲大學,UC_MFG,製造,UC_MFG_PW03,製造業生管與品保,IND_MFG,智慧製造與精密機械,SECONDARY,0.5,0.25,中彰投製造業生管、專案經理與行政管理人才流向。,GCIS_104_EMPIRICAL_ALIGNMENT,v1.0
06131019,資訊科技系_國際學生產學合作專班,1062,僑光科技大學,UC_IT,資訊科技,UC_IT_PW01,軟體開發與系統整合,IND_ICT,資訊軟體與數位科技,PRIMARY,1.0,0.6667,教育部UCAN職涯就業途徑對照表：資訊工程系所核心能力對應軟體開發與資通訊技術。,MOE_UCAN_OFFICIAL_2024,v1.0
06131019,資訊科技系_國際學生產學合作專班,1062,僑光科技大學,UC_STEM,科學、科技、工程與數學,UC_STEM_PW02,半導體軟硬體整合,IND_SEM,半導體與綠能科技,SECONDARY,0.5,0.3333,中科半導體供應鏈IC設計與韌體工程職缺對應資工系所就業途徑。,GCIS_104_EMPIRICAL_ALIGNMENT,v1.0
06131019,資訊科技系碩士班,1062,僑光科技大學,UC_IT,資訊科技,UC_IT_PW01,軟體開發與系統整合,IND_ICT,資訊軟體與數位科技,PRIMARY,1.0,0.6667,教育部UCAN職涯就業途徑對照表：資訊工程系所核心能力對應軟體開發與資通訊技術。,MOE_UCAN_OFFICIAL_2024,v1.0
06131019,資訊科技系碩士班,1062,僑光科技大學,UC_STEM,科學、科技、工程與數學,UC_STEM_PW02,半導體軟硬體整合,IND_SEM,半導體與綠能科技,SECONDARY,0.5,0.3333,中科半導體供應鏈IC設計與韌體工程職缺對應資工系所就業途徑。,GCIS_104_EMPIRICAL_ALIGNMENT,v1.0
07151028,機械與電腦輔助工程系,1062,僑光科技大學,UC_MGMT,企業經營管理,UC_MGMT_PW01,綜合事務與專案支援,IND_PRO_FIN,專業商管與金融服務,PRIMARY,1.0,1.0,通識與人文社會系所轉入行政管理與企業綜合服務領域。,MOE_UCAN_DEFAULT_FALLBACK,v1.0
03122119,亞洲與中國研究英語碩士學位學程,0006,國立中興大學,UC_MGMT,企業經營管理,UC_MGMT_PW01,綜合事務與專案支援,IND_PRO_FIN,專業商管與金融服務,PRIMARY,1.0,1.0,通識與人文社會系所轉入行政管理與企業綜合服務領域。,MOE_UCAN_DEFAULT_FALLBACK,v1.0
05121118,生技產業創新研發與管理博士學位學程,0006,國立中興大學,UC_MGMT,企業經營管理,UC_MGMT_PW01,綜合事務與專案支援,IND_PRO_FIN,專業商管與金融服務,PRIMARY,1.0,1.0,通識與人文社會系所轉入行政管理與企業綜合服務領域。,MOE_UCAN_DEFAULT_FALLBACK,v1.0
07141120,智慧電動車及綠能科技產業碩士專班,0006,國立中興大學,UC_MGMT,企業經營管理,UC_MGMT_PW01,綜合事務與專案支援,IND_PRO_FIN,專業商管與金融服務,PRIMARY,1.0,1.0,通識與人文社會系所轉入行政管理與企業綜合服務領域。,MOE_UCAN_DEFAULT_FALLBACK,v1.0
08111064,國際農學博士學位學程,0006,國立中興大學,UC_MGMT,企業經營管理,UC_MGMT_PW01,綜合事務與專案支援,IND_PRO_FIN,專業商管與金融服務,PRIMARY,1.0,1.0,通識與人文社會系所轉入行政管理與企業綜合服務領域。,MOE_UCAN_DEFAULT_FALLBACK,v1.0
04199041,健康產業科技研發與管理系,0043,國立勤益科技大學,UC_HEALTH,醫療保健,UC_HEALTH_PW01,生醫研發與健康照護,IND_BIOMED,生技醫療與精準健康,PRIMARY,1.0,0.6667,教育部UCAN職涯途徑：臨床醫學、生技製藥檢驗與醫療儀器研發。,MOE_UCAN_OFFICIAL_2024,v1.0
04199041,健康產業科技研發與管理系,0043,國立勤益科技大學,UC_IT,資訊科技,UC_IT_PW03,智慧醫療資訊系統,IND_ICT,資訊軟體與數位科技,SECONDARY,0.5,0.3333,智慧醫療、穿戴裝置生醫信號處理跨域就業途徑。,MOE_UCAN_OFFICIAL_2024,v1.0
04199041,健康產業科技研發與管理系_外國學生專班,0043,國立勤益科技大學,UC_HEALTH,醫療保健,UC_HEALTH_PW01,生醫研發與健康照護,IND_BIOMED,生技醫療與精準健康,PRIMARY,1.0,0.6667,教育部UCAN職涯途徑：臨床醫學、生技製藥檢驗與醫療儀器研發。,MOE_UCAN_OFFICIAL_2024,v1.0
04199041,健康產業科技研發與管理系_外國學生專班,0043,國立勤益科技大學,UC_IT,資訊科技,UC_IT_PW03,智慧醫療資訊系統,IND_ICT,資訊軟體與數位科技,SECONDARY,0.5,0.3333,智慧醫療、穿戴裝置生醫信號處理跨域就業途徑。,MOE_UCAN_OFFICIAL_2024,v1.0
04199041,健康產業科技研發與管理系_雙軌旗艦工商管理專班,0043,國立勤益科技大學,UC_MGMT,企業經營管理,UC_MGMT_PW01,營運管理與決策分析,IND_PRO_FIN,專業商管與金融服務,PRIMARY,1.0,0.5,企管系核心訓練：企業經營策略與管理顧問職位。,MOE_UCAN_OFFICIAL_2024,v1.0
04199041,健康產業科技研發與管理系_雙軌旗艦工商管理專班,0043,國立勤益科技大學,UC_TRANS,運輸、物流與配銷,UC_TRANS_PW01,供應鏈管理,IND_TRADE_LOG,國際貿易與現代物流,SECONDARY,0.5,0.25,企管系流向：外銷製造業與物流供應鏈協調專員。,MOE_UCAN_OFFICIAL_2024,v1.0
04199041,健康產業科技研發與管理系_雙軌旗艦工商管理專班,0043,國立勤益科技大學,UC_MFG,製造,UC_MFG_PW03,製造業生管與品保,IND_MFG,智慧製造與精密機械,SECONDARY,0.5,0.25,中彰投製造業生管、專案經理與行政管理人才流向。,GCIS_104_EMPIRICAL_ALIGNMENT,v1.0
04199041,健康產業科技研發與管理系碩士班,0043,國立勤益科技大學,UC_HEALTH,醫療保健,UC_HEALTH_PW01,生醫研發與健康照護,IND_BIOMED,生技醫療與精準健康,PRIMARY,1.0,0.6667,教育部UCAN職涯途徑：臨床醫學、生技製藥檢驗與醫療儀器研發。,MOE_UCAN_OFFICIAL_2024,v1.0
04199041,健康產業科技研發與管理系碩士班,0043,國立勤益科技大學,UC_IT,資訊科技,UC_IT_PW03,智慧醫療資訊系統,IND_ICT,資訊軟體與數位科技,SECONDARY,0.5,0.3333,智慧醫療、穿戴裝置生醫信號處理跨域就業途徑。,MOE_UCAN_OFFICIAL_2024,v1.0
06132039,人工智慧應用工程系_智慧科技應用製造專班,0043,國立勤益科技大學,UC_IT,資訊科技,UC_IT_PW01,軟體開發與系統整合,IND_ICT,資訊軟體與數位科技,PRIMARY,1.0,0.6667,教育部UCAN職涯就業途徑對照表：資訊工程系所核心能力對應軟體開發與資通訊技術。,MOE_UCAN_OFFICIAL_2024,v1.0
06132039,人工智慧應用工程系_智慧科技應用製造專班,0043,國立勤益科技大學,UC_STEM,科學、科技、工程與數學,UC_STEM_PW02,半導體軟硬體整合,IND_SEM,半導體與綠能科技,SECONDARY,0.5,0.3333,中科半導體供應鏈IC設計與韌體工程職缺對應資工系所就業途徑。,GCIS_104_EMPIRICAL_ALIGNMENT,v1.0
07111020,化工與材料工程系_先進材料與智慧製造產學攜手專班,0043,國立勤益科技大學,UC_MFG,製造,UC_MFG_PW01,機電自動化與機械設計,IND_MFG,智慧製造與精密機械,PRIMARY,1.0,0.6667,教育部UCAN製造學門就業途徑：精密機械與工具機設備研發製造。,MOE_UCAN_OFFICIAL_2024,v1.0
07111020,化工與材料工程系_先進材料與智慧製造產學攜手專班,0043,國立勤益科技大學,UC_STEM,科學、科技、工程與數學,UC_STEM_PW01,半導體封裝與設備工程,IND_SEM,半導體與綠能科技,SECONDARY,0.5,0.3333,中科園區半導體晶圓廠廠務與設備工程師招募管道。,GCIS_104_EMPIRICAL_ALIGNMENT,v1.0
07151016,機械工程系_機電整合專班,0043,國立勤益科技大學,UC_MFG,製造,UC_MFG_PW01,機電自動化與機械設計,IND_MFG,智慧製造與精密機械,PRIMARY,1.0,0.6667,教育部UCAN製造學門就業途徑：精密機械與工具機設備研發製造。,MOE_UCAN_OFFICIAL_2024,v1.0
07151016,機械工程系_機電整合專班,0043,國立勤益科技大學,UC_STEM,科學、科技、工程與數學,UC_STEM_PW01,半導體封裝與設備工程,IND_SEM,半導體與綠能科技,SECONDARY,0.5,0.3333,中科園區半導體晶圓廠廠務與設備工程師招募管道。,GCIS_104_EMPIRICAL_ALIGNMENT,v1.0
07151038,智慧自動化工程系_智能自動化產業專班,0043,國立勤益科技大學,UC_MFG,製造,UC_MFG_PW01,機電自動化與機械設計,IND_MFG,智慧製造與精密機械,PRIMARY,1.0,0.6667,教育部UCAN製造學門就業途徑：精密機械與工具機設備研發製造。,MOE_UCAN_OFFICIAL_2024,v1.0
07151038,智慧自動化工程系_智能自動化產業專班,0043,國立勤益科技大學,UC_STEM,科學、科技、工程與數學,UC_STEM_PW01,半導體封裝與設備工程,IND_SEM,半導體與綠能科技,SECONDARY,0.5,0.3333,中科園區半導體晶圓廠廠務與設備工程師招募管道。,GCIS_104_EMPIRICAL_ALIGNMENT,v1.0
07191022,工業工程與管理系_智慧生產與精實管理專班,0043,國立勤益科技大學,UC_MFG,製造,UC_MFG_PW01,機電自動化與機械設計,IND_MFG,智慧製造與精密機械,PRIMARY,1.0,0.6667,教育部UCAN製造學門就業途徑：精密機械與工具機設備研發製造。,MOE_UCAN_OFFICIAL_2024,v1.0
07191022,工業工程與管理系_智慧生產與精實管理專班,0043,國立勤益科技大學,UC_STEM,科學、科技、工程與數學,UC_STEM_PW01,半導體封裝與設備工程,IND_SEM,半導體與綠能科技,SECONDARY,0.5,0.3333,中科園區半導體晶圓廠廠務與設備工程師招募管道。,GCIS_104_EMPIRICAL_ALIGNMENT,v1.0
07199036,智慧製造與資訊應用國際碩士學位學程,0043,國立勤益科技大學,UC_MFG,製造,UC_MFG_PW01,機電自動化與機械設計,IND_MFG,智慧製造與精密機械,PRIMARY,1.0,0.6667,教育部UCAN製造學門就業途徑：精密機械與工具機設備研發製造。,MOE_UCAN_OFFICIAL_2024,v1.0
07199036,智慧製造與資訊應用國際碩士學位學程,0043,國立勤益科技大學,UC_STEM,科學、科技、工程與數學,UC_STEM_PW01,半導體封裝與設備工程,IND_SEM,半導體與綠能科技,SECONDARY,0.5,0.3333,中科園區半導體晶圓廠廠務與設備工程師招募管道。,GCIS_104_EMPIRICAL_ALIGNMENT,v1.0
06131050,資訊與流通學院智慧工程博士班,0050,國立臺中科技大學,UC_MGMT,企業經營管理,UC_MGMT_PW01,綜合事務與專案支援,IND_PRO_FIN,專業商管與金融服務,PRIMARY,1.0,1.0,通識與人文社會系所轉入行政管理與企業綜合服務領域。,MOE_UCAN_DEFAULT_FALLBACK,v1.0
05299119,學士後工程與科學學院淨零智慧永續學士班,1007,逢甲大學,UC_MGMT,企業經營管理,UC_MGMT_PW01,綜合事務與專案支援,IND_PRO_FIN,專業商管與金融服務,PRIMARY,1.0,1.0,通識與人文社會系所轉入行政管理與企業綜合服務領域。,MOE_UCAN_DEFAULT_FALLBACK,v1.0
06131048,澳洲蒙納許大學資訊工程雙學士學位學程,1007,逢甲大學,UC_IT,資訊科技,UC_IT_PW01,軟體開發與系統整合,IND_ICT,資訊軟體與數位科技,PRIMARY,1.0,0.6667,教育部UCAN職涯就業途徑對照表：資訊工程系所核心能力對應軟體開發與資通訊技術。,MOE_UCAN_OFFICIAL_2024,v1.0
06131048,澳洲蒙納許大學資訊工程雙學士學位學程,1007,逢甲大學,UC_STEM,科學、科技、工程與數學,UC_STEM_PW02,半導體軟硬體整合,IND_SEM,半導體與綠能科技,SECONDARY,0.5,0.3333,中科半導體供應鏈IC設計與韌體工程職缺對應資工系所就業途徑。,GCIS_104_EMPIRICAL_ALIGNMENT,v1.0
07162118,太空系統工程碩士學位學程,1007,逢甲大學,UC_MGMT,企業經營管理,UC_MGMT_PW01,綜合事務與專案支援,IND_PRO_FIN,專業商管與金融服務,PRIMARY,1.0,1.0,通識與人文社會系所轉入行政管理與企業綜合服務領域。,MOE_UCAN_DEFAULT_FALLBACK,v1.0
99999117,社會創新暨永續碩士在職學位學程,1007,逢甲大學,UC_MGMT,企業經營管理,UC_MGMT_PW01,綜合事務與專案支援,IND_PRO_FIN,專業商管與金融服務,PRIMARY,1.0,1.0,通識與人文社會系所轉入行政管理與企業綜合服務領域。,MOE_UCAN_DEFAULT_FALLBACK,v1.0
07312042,景觀系,1018,朝陽科技大學,UC_MGMT,企業經營管理,UC_MGMT_PW01,綜合事務與專案支援,IND_PRO_FIN,專業商管與金融服務,PRIMARY,1.0,1.0,通識與人文社會系所轉入行政管理與企業綜合服務領域。,MOE_UCAN_DEFAULT_FALLBACK,v1.0
07312043,景觀造園與維護系,1018,朝陽科技大學,UC_MGMT,企業經營管理,UC_MGMT_PW01,綜合事務與專案支援,IND_PRO_FIN,專業商管與金融服務,PRIMARY,1.0,1.0,通識與人文社會系所轉入行政管理與企業綜合服務領域。,MOE_UCAN_DEFAULT_FALLBACK,v1.0
10413041,航空運務系,1018,朝陽科技大學,UC_MGMT,企業經營管理,UC_MGMT_PW01,綜合事務與專案支援,IND_PRO_FIN,專業商管與金融服務,PRIMARY,1.0,1.0,通識與人文社會系所轉入行政管理與企業綜合服務領域。,MOE_UCAN_DEFAULT_FALLBACK,v1.0
02122041,文化設計與行銷系,1034,弘光科技大學,UC_MGMT,企業經營管理,UC_MGMT_PW01,綜合事務與專案支援,IND_PRO_FIN,專業商管與金融服務,PRIMARY,1.0,1.0,通識與人文社會系所轉入行政管理與企業綜合服務領域。,MOE_UCAN_DEFAULT_FALLBACK,v1.0
06133039,多媒體遊戲發展與應用系_香港二技專班,1034,弘光科技大學,UC_MGMT,企業經營管理,UC_MGMT_PW01,綜合事務與專案支援,IND_PRO_FIN,專業商管與金融服務,PRIMARY,1.0,1.0,通識與人文社會系所轉入行政管理與企業綜合服務領域。,MOE_UCAN_DEFAULT_FALLBACK,v1.0
07121014,環境與安全衛生工程系_香港二技專班,1034,弘光科技大學,UC_MGMT,企業經營管理,UC_MGMT_PW01,綜合事務與專案支援,IND_PRO_FIN,專業商管與金融服務,PRIMARY,1.0,1.0,通識與人文社會系所轉入行政管理與企業綜合服務領域。,MOE_UCAN_DEFAULT_FALLBACK,v1.0
07193042,醫療器材發展與應用系,1034,弘光科技大學,UC_MGMT,企業經營管理,UC_MGMT_PW01,綜合事務與專案支援,IND_PRO_FIN,專業商管與金融服務,PRIMARY,1.0,1.0,通識與人文社會系所轉入行政管理與企業綜合服務領域。,MOE_UCAN_DEFAULT_FALLBACK,v1.0
07211017,食品科技系_海外青年技術訓練班,1034,弘光科技大學,UC_MGMT,企業經營管理,UC_MGMT_PW01,綜合事務與專案支援,IND_PRO_FIN,專業商管與金融服務,PRIMARY,1.0,1.0,通識與人文社會系所轉入行政管理與企業綜合服務領域。,MOE_UCAN_DEFAULT_FALLBACK,v1.0
05111066,細胞生物學研究所,1035,中國醫藥大學,UC_MGMT,企業經營管理,UC_MGMT_PW01,綜合事務與專案支援,IND_PRO_FIN,專業商管與金融服務,PRIMARY,1.0,1.0,通識與人文社會系所轉入行政管理與企業綜合服務領域。,MOE_UCAN_DEFAULT_FALLBACK,v1.0
09161034,藥學系六年制,1035,中國醫藥大學,UC_HEALTH,醫療保健,UC_HEALTH_PW01,生醫研發與健康照護,IND_BIOMED,生技醫療與精準健康,PRIMARY,1.0,0.6667,教育部UCAN職涯途徑：臨床醫學、生技製藥檢驗與醫療儀器研發。,MOE_UCAN_OFFICIAL_2024,v1.0
09161034,藥學系六年制,1035,中國醫藥大學,UC_IT,資訊科技,UC_IT_PW03,智慧醫療資訊系統,IND_ICT,資訊軟體與數位科技,SECONDARY,0.5,0.3333,智慧醫療、穿戴裝置生醫信號處理跨域就業途徑。,MOE_UCAN_OFFICIAL_2024,v1.0
02122002,流行設計系原住民專班,1045,嶺東科技大學,UC_MGMT,企業經營管理,UC_MGMT_PW01,綜合事務與專案支援,IND_PRO_FIN,專業商管與金融服務,PRIMARY,1.0,1.0,通識與人文社會系所轉入行政管理與企業綜合服務領域。,MOE_UCAN_DEFAULT_FALLBACK,v1.0
04121017,財務金融系原住民專班,1045,嶺東科技大學,UC_FIN,金融保險,UC_FIN_PW01,會計審計與專業財務顧問,IND_PRO_FIN,專業商管與金融服務,PRIMARY,1.0,0.6667,教育部UCAN職涯途徑：會計師事務所審計查核、金融機構企業放款與財務分析。,MOE_UCAN_OFFICIAL_2024,v1.0
04121017,財務金融系原住民專班,1045,嶺東科技大學,UC_TRANS,運輸、物流與配銷,UC_TRANS_PW02,國際貿易成本精算,IND_TRADE_LOG,國際貿易與現代物流,SECONDARY,0.5,0.3333,跨國貿易保險、海關報關與保稅成本核算實證。,GCIS_104_EMPIRICAL_ALIGNMENT,v1.0
01121001,兒童教育暨事業經營系_學士後學位學程教保員專班,1047,中臺科技大學,UC_MGMT,企業經營管理,UC_MGMT_PW01,營運管理與決策分析,IND_PRO_FIN,專業商管與金融服務,PRIMARY,1.0,0.5,企管系核心訓練：企業經營策略與管理顧問職位。,MOE_UCAN_OFFICIAL_2024,v1.0
01121001,兒童教育暨事業經營系_學士後學位學程教保員專班,1047,中臺科技大學,UC_TRANS,運輸、物流與配銷,UC_TRANS_PW01,供應鏈管理,IND_TRADE_LOG,國際貿易與現代物流,SECONDARY,0.5,0.25,企管系流向：外銷製造業與物流供應鏈協調專員。,MOE_UCAN_OFFICIAL_2024,v1.0
01121001,兒童教育暨事業經營系_學士後學位學程教保員專班,1047,中臺科技大學,UC_MFG,製造,UC_MFG_PW03,製造業生管與品保,IND_MFG,智慧製造與精密機械,SECONDARY,0.5,0.25,中彰投製造業生管、專案經理與行政管理人才流向。,GCIS_104_EMPIRICAL_ALIGNMENT,v1.0
02311002,應用外語系,1062,僑光科技大學,UC_MGMT,企業經營管理,UC_MGMT_PW01,綜合事務與專案支援,IND_PRO_FIN,專業商管與金融服務,PRIMARY,1.0,1.0,通識與人文社會系所轉入行政管理與企業綜合服務領域。,MOE_UCAN_DEFAULT_FALLBACK,v1.0
04212018,財經法律系_多元培力專班,1062,僑光科技大學,UC_MGMT,企業經營管理,UC_MGMT_PW01,綜合事務與專案支援,IND_PRO_FIN,專業商管與金融服務,PRIMARY,1.0,1.0,通識與人文社會系所轉入行政管理與企業綜合服務領域。,MOE_UCAN_DEFAULT_FALLBACK,v1.0
06131019,資訊科技系_資通訊製造國際學生產學合作專班,1062,僑光科技大學,UC_IT,資訊科技,UC_IT_PW01,軟體開發與系統整合,IND_ICT,資訊軟體與數位科技,PRIMARY,1.0,0.6667,教育部UCAN職涯就業途徑對照表：資訊工程系所核心能力對應軟體開發與資通訊技術。,MOE_UCAN_OFFICIAL_2024,v1.0
06131019,資訊科技系_資通訊製造國際學生產學合作專班,1062,僑光科技大學,UC_STEM,科學、科技、工程與數學,UC_STEM_PW02,半導體軟硬體整合,IND_SEM,半導體與綠能科技,SECONDARY,0.5,0.3333,中科半導體供應鏈IC設計與韌體工程職缺對應資工系所就業途徑。,GCIS_104_EMPIRICAL_ALIGNMENT,v1.0
07151029,智慧自動化工程系,1062,僑光科技大學,UC_MFG,製造,UC_MFG_PW01,機電自動化與機械設計,IND_MFG,智慧製造與精密機械,PRIMARY,1.0,0.6667,教育部UCAN製造學門就業途徑：精密機械與工具機設備研發製造。,MOE_UCAN_OFFICIAL_2024,v1.0
07151029,智慧自動化工程系,1062,僑光科技大學,UC_STEM,科學、科技、工程與數學,UC_STEM_PW01,半導體封裝與設備工程,IND_SEM,半導體與綠能科技,SECONDARY,0.5,0.3333,中科園區半導體晶圓廠廠務與設備工程師招募管道。,GCIS_104_EMPIRICAL_ALIGNMENT,v1.0
10131024,餐飲管理系_餐飲人才培育管理專班,1062,僑光科技大學,UC_MGMT,企業經營管理,UC_MGMT_PW01,綜合事務與專案支援,IND_PRO_FIN,專業商管與金融服務,PRIMARY,1.0,1.0,通識與人文社會系所轉入行政管理與企業綜合服務領域。,MOE_UCAN_DEFAULT_FALLBACK,v1.0
05121112,特用作物及代謝體博士學位學程,0006,國立中興大學,UC_MGMT,企業經營管理,UC_MGMT_PW01,綜合事務與專案支援,IND_PRO_FIN,專業商管與金融服務,PRIMARY,1.0,1.0,通識與人文社會系所轉入行政管理與企業綜合服務領域。,MOE_UCAN_DEFAULT_FALLBACK,v1.0
05121112,特用作物及代謝體碩士學位學程,0006,國立中興大學,UC_MGMT,企業經營管理,UC_MGMT_PW01,綜合事務與專案支援,IND_PRO_FIN,專業商管與金融服務,PRIMARY,1.0,1.0,通識與人文社會系所轉入行政管理與企業綜合服務領域。,MOE_UCAN_DEFAULT_FALLBACK,v1.0
05121123,精準健康碩士學位學程,0006,國立中興大學,UC_MGMT,企業經營管理,UC_MGMT_PW01,綜合事務與專案支援,IND_PRO_FIN,專業商管與金融服務,PRIMARY,1.0,1.0,通識與人文社會系所轉入行政管理與企業綜合服務領域。,MOE_UCAN_DEFAULT_FALLBACK,v1.0
07111124,化工系產業碩士專班,0006,國立中興大學,UC_MGMT,企業經營管理,UC_MGMT_PW01,綜合事務與專案支援,IND_PRO_FIN,專業商管與金融服務,PRIMARY,1.0,1.0,通識與人文社會系所轉入行政管理與企業綜合服務領域。,MOE_UCAN_DEFAULT_FALLBACK,v1.0
07112057,材料科學與工程學系工學院半導體國際專班,0006,國立中興大學,UC_STEM,科學、科技、工程與數學,UC_STEM_PW01,半導體元件與光電工程,IND_SEM,半導體與綠能科技,PRIMARY,1.0,0.6667,教育部UCAN職涯途徑：半導體晶圓製造與綠能光電工程開發。,MOE_UCAN_OFFICIAL_2024,v1.0
07112057,材料科學與工程學系工學院半導體國際專班,0006,國立中興大學,UC_MFG,製造,UC_MFG_PW02,智慧控制系統開發,IND_MFG,智慧製造與精密機械,SECONDARY,0.5,0.3333,工業自動化控制器與智慧伺服馬達驅動電路研發。,MOE_UCAN_OFFICIAL_2024,v1.0
07112113,生物與永續科技博士學位學程,0006,國立中興大學,UC_MGMT,企業經營管理,UC_MGMT_PW01,綜合事務與專案支援,IND_PRO_FIN,專業商管與金融服務,PRIMARY,1.0,1.0,通識與人文社會系所轉入行政管理與企業綜合服務領域。,MOE_UCAN_DEFAULT_FALLBACK,v1.0
07112113,生物與永續科技碩士學位學程,0006,國立中興大學,UC_MGMT,企業經營管理,UC_MGMT_PW01,綜合事務與專案支援,IND_PRO_FIN,專業商管與金融服務,PRIMARY,1.0,1.0,通識與人文社會系所轉入行政管理與企業綜合服務領域。,MOE_UCAN_DEFAULT_FALLBACK,v1.0
07112125,材料產業碩士專班,0006,國立中興大學,UC_MGMT,企業經營管理,UC_MGMT_PW01,綜合事務與專案支援,IND_PRO_FIN,專業商管與金融服務,PRIMARY,1.0,1.0,通識與人文社會系所轉入行政管理與企業綜合服務領域。,MOE_UCAN_DEFAULT_FALLBACK,v1.0
07141116,半導體與綠色科技博士學位學程,0006,國立中興大學,UC_STEM,科學、科技、工程與數學,UC_STEM_PW01,半導體元件與光電工程,IND_SEM,半導體與綠能科技,PRIMARY,1.0,0.6667,教育部UCAN職涯途徑：半導體晶圓製造與綠能光電工程開發。,MOE_UCAN_OFFICIAL_2024,v1.0
07141116,半導體與綠色科技博士學位學程,0006,國立中興大學,UC_MFG,製造,UC_MFG_PW02,智慧控制系統開發,IND_MFG,智慧製造與精密機械,SECONDARY,0.5,0.3333,工業自動化控制器與智慧伺服馬達驅動電路研發。,MOE_UCAN_OFFICIAL_2024,v1.0
07141116,半導體與綠色科技碩士學位學程,0006,國立中興大學,UC_STEM,科學、科技、工程與數學,UC_STEM_PW01,半導體元件與光電工程,IND_SEM,半導體與綠能科技,PRIMARY,1.0,0.6667,教育部UCAN職涯途徑：半導體晶圓製造與綠能光電工程開發。,MOE_UCAN_OFFICIAL_2024,v1.0
07141116,半導體與綠色科技碩士學位學程,0006,國立中興大學,UC_MFG,製造,UC_MFG_PW02,智慧控制系統開發,IND_MFG,智慧製造與精密機械,SECONDARY,0.5,0.3333,工業自動化控制器與智慧伺服馬達驅動電路研發。,MOE_UCAN_OFFICIAL_2024,v1.0
07191115,工業與智慧科技博士學位學程,0006,國立中興大學,UC_MGMT,企業經營管理,UC_MGMT_PW01,綜合事務與專案支援,IND_PRO_FIN,專業商管與金融服務,PRIMARY,1.0,1.0,通識與人文社會系所轉入行政管理與企業綜合服務領域。,MOE_UCAN_DEFAULT_FALLBACK,v1.0
07191115,工業與智慧科技碩士學位學程,0006,國立中興大學,UC_MGMT,企業經營管理,UC_MGMT_PW01,綜合事務與專案支援,IND_PRO_FIN,專業商管與金融服務,PRIMARY,1.0,1.0,通識與人文社會系所轉入行政管理與企業綜合服務領域。,MOE_UCAN_DEFAULT_FALLBACK,v1.0
07193060,"生醫工程研究所Intelligence Science, Engineering and Technology Master Degree Program",0006,國立中興大學,UC_MGMT,企業經營管理,UC_MGMT_PW01,綜合事務與專案支援,IND_PRO_FIN,專業商管與金融服務,PRIMARY,1.0,1.0,通識與人文社會系所轉入行政管理與企業綜合服務領域。,MOE_UCAN_DEFAULT_FALLBACK,v1.0
08193114,國際精準農企業發展博士學位學程,0006,國立中興大學,UC_MGMT,企業經營管理,UC_MGMT_PW01,綜合事務與專案支援,IND_PRO_FIN,專業商管與金融服務,PRIMARY,1.0,1.0,通識與人文社會系所轉入行政管理與企業綜合服務領域。,MOE_UCAN_DEFAULT_FALLBACK,v1.0
08193114,國際精準農企業發展碩士學位學程,0006,國立中興大學,UC_MGMT,企業經營管理,UC_MGMT_PW01,綜合事務與專案支援,IND_PRO_FIN,專業商管與金融服務,PRIMARY,1.0,1.0,通識與人文社會系所轉入行政管理與企業綜合服務領域。,MOE_UCAN_DEFAULT_FALLBACK,v1.0
08194111,植物保健博士學位學程,0006,國立中興大學,UC_MGMT,企業經營管理,UC_MGMT_PW01,綜合事務與專案支援,IND_PRO_FIN,專業商管與金融服務,PRIMARY,1.0,1.0,通識與人文社會系所轉入行政管理與企業綜合服務領域。,MOE_UCAN_DEFAULT_FALLBACK,v1.0
08194111,植物保健碩士學位學程,0006,國立中興大學,UC_MGMT,企業經營管理,UC_MGMT_PW01,綜合事務與專案支援,IND_PRO_FIN,專業商管與金融服務,PRIMARY,1.0,1.0,通識與人文社會系所轉入行政管理與企業綜合服務領域。,MOE_UCAN_DEFAULT_FALLBACK,v1.0
09121121,臨床醫學研究所,0006,國立中興大學,UC_HEALTH,醫療保健,UC_HEALTH_PW01,生醫研發與健康照護,IND_BIOMED,生技醫療與精準健康,PRIMARY,1.0,0.6667,教育部UCAN職涯途徑：臨床醫學、生技製藥檢驗與醫療儀器研發。,MOE_UCAN_OFFICIAL_2024,v1.0
09121121,臨床醫學研究所,0006,國立中興大學,UC_IT,資訊科技,UC_IT_PW03,智慧醫療資訊系統,IND_ICT,資訊軟體與數位科技,SECONDARY,0.5,0.3333,智慧醫療、穿戴裝置生醫信號處理跨域就業途徑。,MOE_UCAN_OFFICIAL_2024,v1.0
09131122,臨床護理研究所,0006,國立中興大學,UC_HEALTH,醫療保健,UC_HEALTH_PW01,生醫研發與健康照護,IND_BIOMED,生技醫療與精準健康,PRIMARY,1.0,0.6667,教育部UCAN職涯途徑：臨床醫學、生技製藥檢驗與醫療儀器研發。,MOE_UCAN_OFFICIAL_2024,v1.0
09131122,臨床護理研究所,0006,國立中興大學,UC_IT,資訊科技,UC_IT_PW03,智慧醫療資訊系統,IND_ICT,資訊軟體與數位科技,SECONDARY,0.5,0.3333,智慧醫療、穿戴裝置生醫信號處理跨域就業途徑。,MOE_UCAN_OFFICIAL_2024,v1.0
06131010,資訊管理系_國際專修部,0043,國立勤益科技大學,UC_MGMT,企業經營管理,UC_MGMT_PW01,綜合事務與專案支援,IND_PRO_FIN,專業商管與金融服務,PRIMARY,1.0,1.0,通識與人文社會系所轉入行政管理與企業綜合服務領域。,MOE_UCAN_DEFAULT_FALLBACK,v1.0
06131013,資訊工程系_國際學生產學合作專班,0043,國立勤益科技大學,UC_IT,資訊科技,UC_IT_PW01,軟體開發與系統整合,IND_ICT,資訊軟體與數位科技,PRIMARY,1.0,0.6667,教育部UCAN職涯就業途徑對照表：資訊工程系所核心能力對應軟體開發與資通訊技術。,MOE_UCAN_OFFICIAL_2024,v1.0
06131013,資訊工程系_國際學生產學合作專班,0043,國立勤益科技大學,UC_STEM,科學、科技、工程與數學,UC_STEM_PW02,半導體軟硬體整合,IND_SEM,半導體與綠能科技,SECONDARY,0.5,0.3333,中科半導體供應鏈IC設計與韌體工程職缺對應資工系所就業途徑。,GCIS_104_EMPIRICAL_ALIGNMENT,v1.0
06131013,資訊工程系_智慧科技僑生專班,0043,國立勤益科技大學,UC_IT,資訊科技,UC_IT_PW01,軟體開發與系統整合,IND_ICT,資訊軟體與數位科技,PRIMARY,1.0,0.6667,教育部UCAN職涯就業途徑對照表：資訊工程系所核心能力對應軟體開發與資通訊技術。,MOE_UCAN_OFFICIAL_2024,v1.0
06131013,資訊工程系_智慧科技僑生專班,0043,國立勤益科技大學,UC_STEM,科學、科技、工程與數學,UC_STEM_PW02,半導體軟硬體整合,IND_SEM,半導體與綠能科技,SECONDARY,0.5,0.3333,中科半導體供應鏈IC設計與韌體工程職缺對應資工系所就業途徑。,GCIS_104_EMPIRICAL_ALIGNMENT,v1.0
06131013,資訊工程系_智慧科技產業碩士專班,0043,國立勤益科技大學,UC_IT,資訊科技,UC_IT_PW01,軟體開發與系統整合,IND_ICT,資訊軟體與數位科技,PRIMARY,1.0,0.6667,教育部UCAN職涯就業途徑對照表：資訊工程系所核心能力對應軟體開發與資通訊技術。,MOE_UCAN_OFFICIAL_2024,v1.0
06131013,資訊工程系_智慧科技產業碩士專班,0043,國立勤益科技大學,UC_STEM,科學、科技、工程與數學,UC_STEM_PW02,半導體軟硬體整合,IND_SEM,半導體與綠能科技,SECONDARY,0.5,0.3333,中科半導體供應鏈IC設計與韌體工程職缺對應資工系所就業途徑。,GCIS_104_EMPIRICAL_ALIGNMENT,v1.0
06131013,資訊工程系_智慧科技菁英專班,0043,國立勤益科技大學,UC_IT,資訊科技,UC_IT_PW01,軟體開發與系統整合,IND_ICT,資訊軟體與數位科技,PRIMARY,1.0,0.6667,教育部UCAN職涯就業途徑對照表：資訊工程系所核心能力對應軟體開發與資通訊技術。,MOE_UCAN_OFFICIAL_2024,v1.0
06131013,資訊工程系_智慧科技菁英專班,0043,國立勤益科技大學,UC_STEM,科學、科技、工程與數學,UC_STEM_PW02,半導體軟硬體整合,IND_SEM,半導體與綠能科技,SECONDARY,0.5,0.3333,中科半導體供應鏈IC設計與韌體工程職缺對應資工系所就業途徑。,GCIS_104_EMPIRICAL_ALIGNMENT,v1.0
06132039,人工智慧應用工程系_半導體封測產攜專班,0043,國立勤益科技大學,UC_IT,資訊科技,UC_IT_PW01,軟體開發與系統整合,IND_ICT,資訊軟體與數位科技,PRIMARY,1.0,0.6667,教育部UCAN職涯就業途徑對照表：資訊工程系所核心能力對應軟體開發與資通訊技術。,MOE_UCAN_OFFICIAL_2024,v1.0
06132039,人工智慧應用工程系_半導體封測產攜專班,0043,國立勤益科技大學,UC_STEM,科學、科技、工程與數學,UC_STEM_PW02,半導體軟硬體整合,IND_SEM,半導體與綠能科技,SECONDARY,0.5,0.3333,中科半導體供應鏈IC設計與韌體工程職缺對應資工系所就業途徑。,GCIS_104_EMPIRICAL_ALIGNMENT,v1.0
06132039,人工智慧應用工程系_國際專修部,0043,國立勤益科技大學,UC_IT,資訊科技,UC_IT_PW01,軟體開發與系統整合,IND_ICT,資訊軟體與數位科技,PRIMARY,1.0,0.6667,教育部UCAN職涯就業途徑對照表：資訊工程系所核心能力對應軟體開發與資通訊技術。,MOE_UCAN_OFFICIAL_2024,v1.0
06132039,人工智慧應用工程系_國際專修部,0043,國立勤益科技大學,UC_STEM,科學、科技、工程與數學,UC_STEM_PW02,半導體軟硬體整合,IND_SEM,半導體與綠能科技,SECONDARY,0.5,0.3333,中科半導體供應鏈IC設計與韌體工程職缺對應資工系所就業途徑。,GCIS_104_EMPIRICAL_ALIGNMENT,v1.0
07132026,冷凍空調與能源系_冷凍空調與能源專班,0043,國立勤益科技大學,UC_MGMT,企業經營管理,UC_MGMT_PW01,綜合事務與專案支援,IND_PRO_FIN,專業商管與金融服務,PRIMARY,1.0,1.0,通識與人文社會系所轉入行政管理與企業綜合服務領域。,MOE_UCAN_DEFAULT_FALLBACK,v1.0
07132026,冷凍空調與能源系_國際學生產學合作專班,0043,國立勤益科技大學,UC_MGMT,企業經營管理,UC_MGMT_PW01,綜合事務與專案支援,IND_PRO_FIN,專業商管與金融服務,PRIMARY,1.0,1.0,通識與人文社會系所轉入行政管理與企業綜合服務領域。,MOE_UCAN_DEFAULT_FALLBACK,v1.0
07132026,冷凍空調與能源系_國際專修部,0043,國立勤益科技大學,UC_MGMT,企業經營管理,UC_MGMT_PW01,綜合事務與專案支援,IND_PRO_FIN,專業商管與金融服務,PRIMARY,1.0,1.0,通識與人文社會系所轉入行政管理與企業綜合服務領域。,MOE_UCAN_DEFAULT_FALLBACK,v1.0
07141011,電機工程系_電機跨領域應用專班,0043,國立勤益科技大學,UC_STEM,科學、科技、工程與數學,UC_STEM_PW01,半導體元件與光電工程,IND_SEM,半導體與綠能科技,PRIMARY,1.0,0.6667,教育部UCAN職涯途徑：半導體晶圓製造與綠能光電工程開發。,MOE_UCAN_OFFICIAL_2024,v1.0
07141011,電機工程系_電機跨領域應用專班,0043,國立勤益科技大學,UC_MFG,製造,UC_MFG_PW02,智慧控制系統開發,IND_MFG,智慧製造與精密機械,SECONDARY,0.5,0.3333,工業自動化控制器與智慧伺服馬達驅動電路研發。,MOE_UCAN_OFFICIAL_2024,v1.0
07141012,電子工程系_國際專修部,0043,國立勤益科技大學,UC_STEM,科學、科技、工程與數學,UC_STEM_PW01,半導體元件與光電工程,IND_SEM,半導體與綠能科技,PRIMARY,1.0,0.6667,教育部UCAN職涯途徑：半導體晶圓製造與綠能光電工程開發。,MOE_UCAN_OFFICIAL_2024,v1.0
07141012,電子工程系_國際專修部,0043,國立勤益科技大學,UC_MFG,製造,UC_MFG_PW02,智慧控制系統開發,IND_MFG,智慧製造與精密機械,SECONDARY,0.5,0.3333,工業自動化控制器與智慧伺服馬達驅動電路研發。,MOE_UCAN_OFFICIAL_2024,v1.0
07141012,電子工程系_智慧機械生產自動化工程師僑生專班,0043,國立勤益科技大學,UC_MFG,製造,UC_MFG_PW01,機電自動化與機械設計,IND_MFG,智慧製造與精密機械,PRIMARY,1.0,0.6667,教育部UCAN製造學門就業途徑：精密機械與工具機設備研發製造。,MOE_UCAN_OFFICIAL_2024,v1.0
07141012,電子工程系_智慧機械生產自動化工程師僑生專班,0043,國立勤益科技大學,UC_STEM,科學、科技、工程與數學,UC_STEM_PW01,半導體封裝與設備工程,IND_SEM,半導體與綠能科技,SECONDARY,0.5,0.3333,中科園區半導體晶圓廠廠務與設備工程師招募管道。,GCIS_104_EMPIRICAL_ALIGNMENT,v1.0
07151016,機械工程系_工具機與精密模具設計製造專班,0043,國立勤益科技大學,UC_MFG,製造,UC_MFG_PW01,機電自動化與機械設計,IND_MFG,智慧製造與精密機械,PRIMARY,1.0,0.6667,教育部UCAN製造學門就業途徑：精密機械與工具機設備研發製造。,MOE_UCAN_OFFICIAL_2024,v1.0
07151016,機械工程系_工具機與精密模具設計製造專班,0043,國立勤益科技大學,UC_STEM,科學、科技、工程與數學,UC_STEM_PW01,半導體封裝與設備工程,IND_SEM,半導體與綠能科技,SECONDARY,0.5,0.3333,中科園區半導體晶圓廠廠務與設備工程師招募管道。,GCIS_104_EMPIRICAL_ALIGNMENT,v1.0
07151038,智慧自動化工程系_國際專修部,0043,國立勤益科技大學,UC_MFG,製造,UC_MFG_PW01,機電自動化與機械設計,IND_MFG,智慧製造與精密機械,PRIMARY,1.0,0.6667,教育部UCAN製造學門就業途徑：精密機械與工具機設備研發製造。,MOE_UCAN_OFFICIAL_2024,v1.0
07151038,智慧自動化工程系_國際專修部,0043,國立勤益科技大學,UC_STEM,科學、科技、工程與數學,UC_STEM_PW01,半導體封裝與設備工程,IND_SEM,半導體與綠能科技,SECONDARY,0.5,0.3333,中科園區半導體晶圓廠廠務與設備工程師招募管道。,GCIS_104_EMPIRICAL_ALIGNMENT,v1.0
04131051,商學院_智慧營運與經營管理外國學生專班,0050,國立臺中科技大學,UC_MGMT,企業經營管理,UC_MGMT_PW01,營運管理與決策分析,IND_PRO_FIN,專業商管與金融服務,PRIMARY,1.0,0.5,企管系核心訓練：企業經營策略與管理顧問職位。,MOE_UCAN_OFFICIAL_2024,v1.0
04131051,商學院_智慧營運與經營管理外國學生專班,0050,國立臺中科技大學,UC_TRANS,運輸、物流與配銷,UC_TRANS_PW01,供應鏈管理,IND_TRADE_LOG,國際貿易與現代物流,SECONDARY,0.5,0.25,企管系流向：外銷製造業與物流供應鏈協調專員。,MOE_UCAN_OFFICIAL_2024,v1.0
04131051,商學院_智慧營運與經營管理外國學生專班,0050,國立臺中科技大學,UC_MFG,製造,UC_MFG_PW03,製造業生管與品保,IND_MFG,智慧製造與精密機械,SECONDARY,0.5,0.25,中彰投製造業生管、專案經理與行政管理人才流向。,GCIS_104_EMPIRICAL_ALIGNMENT,v1.0
05411066,智慧計算暨應用數學系,1001,東海大學,UC_MGMT,企業經營管理,UC_MGMT_PW01,綜合事務與專案支援,IND_PRO_FIN,專業商管與金融服務,PRIMARY,1.0,1.0,通識與人文社會系所轉入行政管理與企業綜合服務領域。,MOE_UCAN_DEFAULT_FALLBACK,v1.0
06133047,數位創新碩士學位學程數位創新與資訊科技產學碩士專班,1001,東海大學,UC_IT,資訊科技,UC_IT_PW01,軟體開發與系統整合,IND_ICT,資訊軟體與數位科技,PRIMARY,1.0,0.6667,教育部UCAN職涯就業途徑對照表：資訊工程系所核心能力對應軟體開發與資通訊技術。,MOE_UCAN_OFFICIAL_2024,v1.0
06133047,數位創新碩士學位學程數位創新與資訊科技產學碩士專班,1001,東海大學,UC_STEM,科學、科技、工程與數學,UC_STEM_PW02,半導體軟硬體整合,IND_SEM,半導體與綠能科技,SECONDARY,0.5,0.3333,中科半導體供應鏈IC設計與韌體工程職缺對應資工系所就業途徑。,GCIS_104_EMPIRICAL_ALIGNMENT,v1.0
08111068,智慧暨精緻農業學位學程,1001,東海大學,UC_MGMT,企業經營管理,UC_MGMT_PW01,綜合事務與專案支援,IND_PRO_FIN,專業商管與金融服務,PRIMARY,1.0,1.0,通識與人文社會系所轉入行政管理與企業綜合服務領域。,MOE_UCAN_DEFAULT_FALLBACK,v1.0
06131048,資訊工程學系學士後專班,1007,逢甲大學,UC_IT,資訊科技,UC_IT_PW01,軟體開發與系統整合,IND_ICT,資訊軟體與數位科技,PRIMARY,1.0,0.6667,教育部UCAN職涯就業途徑對照表：資訊工程系所核心能力對應軟體開發與資通訊技術。,MOE_UCAN_OFFICIAL_2024,v1.0
06131048,資訊工程學系學士後專班,1007,逢甲大學,UC_STEM,科學、科技、工程與數學,UC_STEM_PW02,半導體軟硬體整合,IND_SEM,半導體與綠能科技,SECONDARY,0.5,0.3333,中科半導體供應鏈IC設計與韌體工程職缺對應資工系所就業途徑。,GCIS_104_EMPIRICAL_ALIGNMENT,v1.0
04132012,行銷與流通管理系_國際專修部,1018,朝陽科技大學,UC_TRANS,運輸、物流與配銷,UC_TRANS_PW01,國際運籌與供應鏈管理,IND_TRADE_LOG,國際貿易與現代物流,PRIMARY,1.0,0.6667,教育部UCAN途徑：台中港自由貿易港區、海運承攬與跨境電商貿易實務。,MOE_UCAN_OFFICIAL_2024,v1.0
04132012,行銷與流通管理系_國際專修部,1018,朝陽科技大學,UC_FIN,金融保險,UC_FIN_PW02,貿易融資與外匯風險管理,IND_PRO_FIN,專業商管與金融服務,SECONDARY,0.5,0.3333,外銷企業信用狀、外幣避險與跨境金融投資顧問職務。,GCIS_104_EMPIRICAL_ALIGNMENT,v1.0
07162044,航空科技研究所,1018,朝陽科技大學,UC_MGMT,企業經營管理,UC_MGMT_PW01,綜合事務與專案支援,IND_PRO_FIN,專業商管與金融服務,PRIMARY,1.0,1.0,通識與人文社會系所轉入行政管理與企業綜合服務領域。,MOE_UCAN_DEFAULT_FALLBACK,v1.0
07191026,工業工程與管理系_國際專修部,1018,朝陽科技大學,UC_MFG,製造,UC_MFG_PW01,機電自動化與機械設計,IND_MFG,智慧製造與精密機械,PRIMARY,1.0,0.6667,教育部UCAN製造學門就業途徑：精密機械與工具機設備研發製造。,MOE_UCAN_OFFICIAL_2024,v1.0
07191026,工業工程與管理系_國際專修部,1018,朝陽科技大學,UC_STEM,科學、科技、工程與數學,UC_STEM_PW01,半導體封裝與設備工程,IND_SEM,半導體與綠能科技,SECONDARY,0.5,0.3333,中科園區半導體晶圓廠廠務與設備工程師招募管道。,GCIS_104_EMPIRICAL_ALIGNMENT,v1.0
07321025,營建工程系_國際產業人才教育專班,1018,朝陽科技大學,UC_MGMT,企業經營管理,UC_MGMT_PW01,綜合事務與專案支援,IND_PRO_FIN,專業商管與金融服務,PRIMARY,1.0,1.0,通識與人文社會系所轉入行政管理與企業綜合服務領域。,MOE_UCAN_DEFAULT_FALLBACK,v1.0
04133006,醫療產業科技管理學系越南境外碩士專班,1029,中山醫學大學,UC_MGMT,企業經營管理,UC_MGMT_PW01,綜合事務與專案支援,IND_PRO_FIN,專業商管與金融服務,PRIMARY,1.0,1.0,通識與人文社會系所轉入行政管理與企業綜合服務領域。,MOE_UCAN_DEFAULT_FALLBACK,v1.0
06131040,智慧科技應用系_國際專修部,1034,弘光科技大學,UC_MGMT,企業經營管理,UC_MGMT_PW01,綜合事務與專案支援,IND_PRO_FIN,專業商管與金融服務,PRIMARY,1.0,1.0,通識與人文社會系所轉入行政管理與企業綜合服務領域。,MOE_UCAN_DEFAULT_FALLBACK,v1.0
07121014,環境與安全衛生工程系_國際專修部,1034,弘光科技大學,UC_MGMT,企業經營管理,UC_MGMT_PW01,綜合事務與專案支援,IND_PRO_FIN,專業商管與金融服務,PRIMARY,1.0,1.0,通識與人文社會系所轉入行政管理與企業綜合服務領域。,MOE_UCAN_DEFAULT_FALLBACK,v1.0
07211017,食品科技系_國際專修部,1034,弘光科技大學,UC_MGMT,企業經營管理,UC_MGMT_PW01,綜合事務與專案支援,IND_PRO_FIN,專業商管與金融服務,PRIMARY,1.0,1.0,通識與人文社會系所轉入行政管理與企業綜合服務領域。,MOE_UCAN_DEFAULT_FALLBACK,v1.0
10131029,餐旅管理系_國際專修部,1034,弘光科技大學,UC_TOUR,休閒與觀光旅遊,UC_TOUR_PW01,觀光餐旅與文創展演,IND_TOUR_CULT,數位文創與觀光休閒,PRIMARY,1.0,0.6667,教育部UCAN職涯途徑：數位媒體設計、視覺行銷與文創會展休閒經營。,MOE_UCAN_OFFICIAL_2024,v1.0
10131029,餐旅管理系_國際專修部,1034,弘光科技大學,UC_IT,資訊科技,UC_IT_PW02,UI/UX 人機互動設計,IND_ICT,資訊軟體與數位科技,SECONDARY,0.5,0.3333,軟體科技業 UI/UX 視覺設計師與互動前端專長流向。,GCIS_104_EMPIRICAL_ALIGNMENT,v1.0
10152043,運動保健與防護系,1034,弘光科技大學,UC_MGMT,企業經營管理,UC_MGMT_PW01,綜合事務與專案支援,IND_PRO_FIN,專業商管與金融服務,PRIMARY,1.0,1.0,通識與人文社會系所轉入行政管理與企業綜合服務領域。,MOE_UCAN_DEFAULT_FALLBACK,v1.0
06199067,醫療資訊學系,1035,中國醫藥大學,UC_MGMT,企業經營管理,UC_MGMT_PW01,綜合事務與專案支援,IND_PRO_FIN,專業商管與金融服務,PRIMARY,1.0,1.0,通識與人文社會系所轉入行政管理與企業綜合服務領域。,MOE_UCAN_DEFAULT_FALLBACK,v1.0
07151042,智慧製造科技系,1045,嶺東科技大學,UC_MFG,製造,UC_MFG_PW01,機電自動化與機械設計,IND_MFG,智慧製造與精密機械,PRIMARY,1.0,0.6667,教育部UCAN製造學門就業途徑：精密機械與工具機設備研發製造。,MOE_UCAN_OFFICIAL_2024,v1.0
07151042,智慧製造科技系,1045,嶺東科技大學,UC_STEM,科學、科技、工程與數學,UC_STEM_PW01,半導體封裝與設備工程,IND_SEM,半導體與綠能科技,SECONDARY,0.5,0.3333,中科園區半導體晶圓廠廠務與設備工程師招募管道。,GCIS_104_EMPIRICAL_ALIGNMENT,v1.0
04143004,行銷管理系_國際專修部,1047,中臺科技大學,UC_MGMT,企業經營管理,UC_MGMT_PW01,綜合事務與專案支援,IND_PRO_FIN,專業商管與金融服務,PRIMARY,1.0,1.0,通識與人文社會系所轉入行政管理與企業綜合服務領域。,MOE_UCAN_DEFAULT_FALLBACK,v1.0
06131012,資訊管理系_國際專修部,1047,中臺科技大學,UC_MGMT,企業經營管理,UC_MGMT_PW01,綜合事務與專案支援,IND_PRO_FIN,專業商管與金融服務,PRIMARY,1.0,1.0,通識與人文社會系所轉入行政管理與企業綜合服務領域。,MOE_UCAN_DEFAULT_FALLBACK,v1.0
07211017,食品科技系_國際專修部,1047,中臺科技大學,UC_MGMT,企業經營管理,UC_MGMT_PW01,綜合事務與專案支援,IND_PRO_FIN,專業商管與金融服務,PRIMARY,1.0,1.0,通識與人文社會系所轉入行政管理與企業綜合服務領域。,MOE_UCAN_DEFAULT_FALLBACK,v1.0
09131020,學士後護理系,1047,中臺科技大學,UC_HEALTH,醫療保健,UC_HEALTH_PW01,生醫研發與健康照護,IND_BIOMED,生技醫療與精準健康,PRIMARY,1.0,0.6667,教育部UCAN職涯途徑：臨床醫學、生技製藥檢驗與醫療儀器研發。,MOE_UCAN_OFFICIAL_2024,v1.0
09131020,學士後護理系,1047,中臺科技大學,UC_IT,資訊科技,UC_IT_PW03,智慧醫療資訊系統,IND_ICT,資訊軟體與數位科技,SECONDARY,0.5,0.3333,智慧醫療、穿戴裝置生醫信號處理跨域就業途徑。,MOE_UCAN_OFFICIAL_2024,v1.0
09141029,醫學影像暨放射科學科,1047,中臺科技大學,UC_HEALTH,醫療保健,UC_HEALTH_PW01,生醫研發與健康照護,IND_BIOMED,生技醫療與精準健康,PRIMARY,1.0,0.6667,教育部UCAN職涯途徑：臨床醫學、生技製藥檢驗與醫療儀器研發。,MOE_UCAN_OFFICIAL_2024,v1.0
09141029,醫學影像暨放射科學科,1047,中臺科技大學,UC_IT,資訊科技,UC_IT_PW03,智慧醫療資訊系統,IND_ICT,資訊軟體與數位科技,SECONDARY,0.5,0.3333,智慧醫療、穿戴裝置生醫信號處理跨域就業途徑。,MOE_UCAN_OFFICIAL_2024,v1.0
09211039,高齡健康照護系,1047,中臺科技大學,UC_MGMT,企業經營管理,UC_MGMT_PW01,綜合事務與專案支援,IND_PRO_FIN,專業商管與金融服務,PRIMARY,1.0,1.0,通識與人文社會系所轉入行政管理與企業綜合服務領域。,MOE_UCAN_DEFAULT_FALLBACK,v1.0
09211039,高齡健康照護系_國際專修部,1047,中臺科技大學,UC_MGMT,企業經營管理,UC_MGMT_PW01,綜合事務與專案支援,IND_PRO_FIN,專業商管與金融服務,PRIMARY,1.0,1.0,通識與人文社會系所轉入行政管理與企業綜合服務領域。,MOE_UCAN_DEFAULT_FALLBACK,v1.0
04121019,財務金融學系財務金融碩士專班,1048,亞洲大學,UC_FIN,金融保險,UC_FIN_PW01,會計審計與專業財務顧問,IND_PRO_FIN,專業商管與金融服務,PRIMARY,1.0,0.6667,教育部UCAN職涯途徑：會計師事務所審計查核、金融機構企業放款與財務分析。,MOE_UCAN_OFFICIAL_2024,v1.0
04121019,財務金融學系財務金融碩士專班,1048,亞洲大學,UC_TRANS,運輸、物流與配銷,UC_TRANS_PW02,國際貿易成本精算,IND_TRADE_LOG,國際貿易與現代物流,SECONDARY,0.5,0.3333,跨國貿易保險、海關報關與保稅成本核算實證。,GCIS_104_EMPIRICAL_ALIGNMENT,v1.0
09211025,長期照護學系,1048,亞洲大學,UC_MGMT,企業經營管理,UC_MGMT_PW01,綜合事務與專案支援,IND_PRO_FIN,專業商管與金融服務,PRIMARY,1.0,1.0,通識與人文社會系所轉入行政管理與企業綜合服務領域。,MOE_UCAN_DEFAULT_FALLBACK,v1.0
